purchase_id,material_id,supplier_id,purchase_date,quantity,total_amount
PO00001,MAT0842,SUP252,2026-02-02,999.15,3033119.66
PO00002,MAT1263,SUP485,2025-06-14,374.4,1695234.53
PO00003,MAT1283,SUP209,2025-01-22,437.42,1852023.16
PO00004,MAT0131,SUP465,2025-11-04,152.54,500160.36
PO00005,MAT0273,SUP393,2026-04-16,416.27,893606.81
PO00006,MAT1818,SUP387,2026-07-09,853.17,2582289.64
PO00007,MAT0476,SUP161,2026-02-16,133.77,526922.71
PO00008,MAT1121,SUP365,2025-12-28,216.02,572690.62
PO00009,MAT0068,SUP459,2026-02-20,426.93,737833.23
PO00010,MAT0403,SUP152,2026-03-04,465.98,114193.06
PO00011,MAT0587,SUP286,2026-04-09,449.45,1814586.96
PO00012,MAT1888,SUP131,2026-02-02,468.88,1896427.36
PO00013,MAT1049,SUP268,2025-12-12,332.75,1252890.27
PO00014,MAT0602,SUP372,2026-02-13,141.78,380214.26
PO00015,MAT0669,SUP112,2026-06-27,213.86,708813.31
PO00016,MAT1941,SUP303,2025-08-11,715.46,264763.13
PO00017,MAT0249,SUP324,2026-08-06,202.66,639933.4
PO00018,MAT1819,SUP248,2026-01-08,901.35,1311094.7
PO00019,MAT0593,SUP123,2026-07-16,863.81,3126102.48
PO00020,MAT0590,SUP179,2026-02-23,381.07,1400580.87
PO00021,MAT1582,SUP197,2025-11-11,221.38,59741.61
PO00022,MAT0799,SUP233,2025-05-25,475.53,935505.41
PO00023,MAT0198,SUP365,2026-07-10,655.72,2433567.08
PO00024,MAT1787,SUP126,2025-11-04,905.63,2034117.43
PO00025,MAT0017,SUP029,2026-02-27,60.38,64116.92
PO00026,MAT0620,SUP222,2025-08-11,344.31,1357449.06
PO00027,MAT1695,SUP041,2025-06-10,663.05,2797308.49
PO00028,MAT1635,SUP260,2026-06-14,437.47,619776.87
PO00029,MAT1284,SUP085,2026-03-30,33.6,11228.78
PO00030,MAT1418,SUP091,2025-07-31,392.11,1174255.74
PO00031,MAT1036,SUP074,2025-06-26,280.59,190593.56
PO00032,MAT1380,SUP292,2026-07-31,771.55,209961.9
PO00033,MAT1419,SUP433,2026-02-16,579.32,1847353.0
PO00034,MAT1819,SUP248,2025-07-22,159.18,231541.64
PO00035,MAT0833,SUP106,2025-11-21,473.89,1682461.14
PO00036,MAT0210,SUP377,2025-05-14,764.99,3702880.55
PO00037,MAT1506,SUP063,2026-05-14,323.05,1287968.05
PO00038,MAT0941,SUP094,2026-06-28,737.96,3238264.41
PO00039,MAT1481,SUP237,2025-02-06,679.43,2539627.81
PO00040,MAT1312,SUP219,2025-03-08,94.89,147671.61
PO00041,MAT1683,SUP360,2025-01-09,920.97,954465.68
PO00042,MAT0098,SUP390,2025-02-24,338.19,879006.54
PO00043,MAT0515,SUP315,2025-04-03,320.16,270743.3
PO00044,MAT0541,SUP138,2026-01-01,210.98,1011587.92
PO00045,MAT0509,SUP268,2025-06-04,958.38,2513658.23
PO00046,MAT1133,SUP485,2025-11-11,842.27,3468644.74
PO00047,MAT0730,SUP441,2026-01-07,627.0,2804715.21
PO00048,MAT0031,SUP426,2025-11-20,587.61,252566.53
PO00049,MAT1837,SUP052,2026-04-03,480.34,1544850.29
PO00050,MAT0734,SUP291,2025-06-29,296.84,1050567.22
PO00051,MAT0372,SUP155,2025-04-14,804.31,3322073.77
PO00052,MAT0571,SUP057,2025-06-13,901.81,2802609.05
PO00053,MAT0718,SUP050,2025-06-05,171.62,158243.94
PO00054,MAT0709,SUP351,2025-05-02,536.98,1277582.82
PO00055,MAT1678,SUP152,2026-02-24,166.7,367676.85
PO00056,MAT0660,SUP047,2026-07-20,632.4,385890.48
PO00057,MAT1548,SUP069,2025-10-15,693.06,1943700.63
PO00058,MAT1948,SUP212,2025-09-13,976.36,3589245.81
PO00059,MAT0192,SUP476,2025-05-31,910.09,1393730.03
PO00060,MAT0790,SUP186,2025-04-10,758.12,1942553.62
PO00061,MAT0008,SUP294,2025-05-19,881.43,3566045.42
PO00062,MAT0516,SUP475,2026-04-30,385.58,850250.17
PO00063,MAT0126,SUP383,2025-06-24,769.47,853519.21
PO00064,MAT1945,SUP357,2026-08-24,691.24,1165527.41
PO00065,MAT1367,SUP188,2026-01-07,931.63,410867.46
PO00066,MAT1338,SUP374,2026-08-22,576.19,1080223.73
PO00067,MAT1818,SUP387,2026-04-04,895.05,2709047.83
PO00068,MAT1792,SUP367,2026-05-19,947.14,2997584.44
PO00069,MAT0621,SUP244,2026-08-04,350.39,1310216.83
PO00070,MAT0424,SUP487,2025-12-14,987.94,1826256.49
PO00071,MAT0872,SUP083,2026-01-14,78.2,306150.65
PO00072,MAT0665,SUP290,2025-05-19,627.79,535197.25
PO00073,MAT0790,SUP186,2026-02-08,917.6,2351194.01
PO00074,MAT0468,SUP022,2025-04-24,992.97,2864678.73
PO00075,MAT1339,SUP236,2025-07-21,961.96,3931732.53
PO00076,MAT0773,SUP200,2025-11-25,299.43,1189952.79
PO00077,MAT1144,SUP346,2025-03-27,361.16,335625.99
PO00078,MAT0173,SUP134,2026-05-22,25.8,66781.75
PO00079,MAT0689,SUP275,2026-03-04,991.78,1072015.0
PO00080,MAT1427,SUP088,2026-01-09,852.74,4233427.73
PO00081,MAT1064,SUP001,2025-07-16,518.29,2420860.03
PO00082,MAT0157,SUP415,2026-06-17,905.24,2800694.88
PO00083,MAT1422,SUP437,2025-01-25,494.71,543567.56
PO00084,MAT0279,SUP384,2025-06-20,61.49,226162.06
PO00085,MAT0645,SUP035,2025-09-02,703.51,1891147.44
PO00086,MAT1732,SUP001,2025-09-27,454.44,473531.02
PO00087,MAT1840,SUP046,2026-03-20,344.14,434948.22
PO00088,MAT1010,SUP022,2025-10-07,752.5,430264.45
PO00089,MAT0590,SUP179,2026-04-15,662.82,2436122.0
PO00090,MAT0685,SUP203,2025-12-07,555.76,1722394.72
PO00091,MAT0219,SUP192,2025-05-14,873.32,2045455.17
PO00092,MAT1773,SUP221,2025-01-11,737.29,3671217.59
PO00093,MAT1923,SUP425,2025-01-20,309.68,170766.84
PO00094,MAT0689,SUP275,2025-07-24,905.49,978744.14
PO00095,MAT1808,SUP187,2026-01-25,394.51,797908.31
PO00096,MAT0563,SUP247,2025-10-04,699.89,821873.83
PO00097,MAT1690,SUP343,2025-12-10,373.13,405245.3
PO00098,MAT0504,SUP258,2026-06-09,855.09,437198.97
PO00099,MAT0237,SUP290,2026-03-11,413.12,1648187.68
PO00100,MAT0393,SUP486,2025-12-17,141.02,325310.58
PO00101,MAT1673,SUP407,2025-12-21,721.93,1985783.97
PO00102,MAT0271,SUP350,2026-07-20,200.97,768808.73
PO00103,MAT0764,SUP037,2025-10-16,274.01,1000506.41
PO00104,MAT1993,SUP281,2026-04-06,919.59,304136.0
PO00105,MAT1231,SUP467,2025-03-28,807.42,2653908.8
PO00106,MAT0669,SUP112,2025-11-23,862.86,2859845.93
PO00107,MAT1483,SUP061,2025-04-27,-30.0,15279.74
PO00108,MAT0888,SUP498,2025-05-12,808.16,1571087.28
PO00109,MAT0232,SUP262,2025-04-20,250.53,531193.75
PO00110,MAT1747,SUP217,2025-07-01,379.65,588313.23
PO00111,MAT0221,SUP179,2025-06-07,576.19,1007283.83
PO00112,MAT0264,SUP352,2025-08-31,781.09,3364006.22
PO00113,MAT1759,SUP263,2025-03-19,19.55,33664.71
PO00114,MAT0822,SUP460,2025-01-14,739.14,1092035.0
PO00115,MAT1742,SUP197,2025-12-16,871.46,1879974.51
PO00116,MAT1979,SUP482,2025-03-14,164.68,341803.22
PO00117,MAT1068,SUP259,2026-04-17,634.69,2808795.21
PO00118,MAT0201,SUP014,2025-12-05,788.27,1420367.95
PO00119,MAT0512,SUP283,2025-04-19,616.44,1503016.34
PO00120,MAT1832,SUP339,2025-02-27,707.11,1067198.7
PO00121,MAT0832,SUP022,2025-07-24,918.82,2658973.2
PO00122,MAT1907,SUP196,2025-03-25,193.72,117888.31
PO00123,MAT0757,SUP067,2025-04-04,13.8,45528.27
PO00124,MAT0137,SUP291,2025-08-27,218.12,200386.84
PO00125,MAT1396,SUP359,2025-03-23,393.03,35105.44
PO00126,MAT1706,SUP143,2026-06-27,200.71,660891.87
PO00127,MAT1748,SUP191,2025-07-22,711.16,2542055.64
PO00128,MAT0933,SUP405,2026-05-23,609.4,857108.91
PO00129,MAT1024,SUP172,2025-07-10,474.52,1726892.16
PO00130,MAT1727,SUP308,2025-03-04,448.09,1092739.16
PO00131,MAT0544,SUP412,2026-06-04,16.25,45482.61
PO00132,MAT1689,SUP409,2025-06-30,974.45,2881663.03
PO00133,MAT0828,SUP068,2025-09-27,152.45,137220.24
PO00134,MAT1791,SUP247,2026-07-10,579.68,869618.55
PO00135,MAT0808,SUP043,2025-07-13,702.97,2655637.89
PO00136,MAT1996,SUP030,2025-03-19,196.32,756821.45
PO00137,MAT0713,SUP419,2025-11-26,758.72,1261796.88
PO00138,MAT0822,SUP460,2025-08-22,170.8,252346.75
PO00139,MAT0804,SUP143,2025-10-31,605.54,2218450.29
PO00140,MAT0042,SUP099,2026-06-03,644.19,3220872.7
PO00141,MAT0626,SUP305,2025-08-12,432.26,1668489.02
PO00142,MAT1319,SUP301,2025-12-20,738.09,741773.07
PO00143,MAT1407,SUP459,2026-06-28,16.91,29473.96
PO00144,MAT0884,SUP430,2025-09-15,288.63,1050538.16
PO00145,MAT0796,SUP102,2025-06-15,74.01,87983.83
PO00146,MAT1196,SUP101,2025-03-06,498.98,2287748.45
PO00147,MAT1746,SUP295,2025-03-03,623.65,1216585.24
PO00148,MAT1735,SUP177,2026-03-17,89.15,212218.01
PO00149,MAT0367,SUP084,2026-04-02,21.88,82211.04
PO00150,MAT1581,SUP031,2025-04-01,325.21,1391944.33
PO00151,MAT1702,SUP141,2026-01-06,701.1,3405347.86
PO00152,MAT1988,SUP393,2025-03-09,573.51,2210491.06
PO00153,MAT1943,SUP034,2025-11-23,456.28,1309651.36
PO00154,MAT1685,SUP326,2026-05-07,376.74,1666151.49
PO00155,MAT0484,SUP435,2025-11-04,765.78,2631679.55
PO00156,MAT0430,SUP235,2025-11-17,550.46,2632927.24
PO00157,MAT1472,SUP343,2025-07-14,235.83,620876.72
PO00158,MAT0767,SUP207,2025-06-24,52.27,142364.66
PO00159,MAT1744,SUP350,2025-12-28,415.64,1737146.6
PO00160,MAT0858,SUP272,2026-04-18,331.12,858806.08
PO00161,MAT0632,SUP299,2026-02-17,468.99,124394.91
PO00162,MAT0416,SUP266,2026-04-21,457.65,1582004.52
PO00163,MAT0459,SUP428,2025-05-26,740.48,790551.26
PO00164,MAT0637,SUP475,2026-01-30,425.4,104975.96
PO00165,MAT1704,SUP015,2025-01-26,874.63,3915377.4
PO00166,MAT1372,SUP257,2025-11-21,387.64,1380502.33
PO00167,MAT0400,SUP340,2025-06-02,405.42,562070.23
PO00168,MAT1043,SUP159,2025-01-15,440.04,1007361.57
PO00169,MAT0595,SUP210,2025-06-26,159.53,95207.5
PO00170,MAT1519,SUP479,2025-07-08,224.82,532481.67
PO00171,MAT1326,SUP197,2025-01-17,397.38,1552917.33
PO00172,MAT1497,SUP269,2025-06-03,278.18,244286.55
PO00173,MAT1987,SUP224,2025-07-22,31.46,59332.3
PO00174,MAT0655,SUP314,2026-02-06,166.73,498412.66
PO00175,MAT1492,SUP465,2026-07-17,284.89,686570.66
PO00176,MAT0618,SUP028,2025-07-14,491.67,1300811.32
PO00177,MAT0701,SUP344,2026-05-27,438.53,613784.13
PO00178,MAT0759,SUP355,2025-06-13,492.47,651941.64
PO00179,MAT0852,SUP490,2025-03-03,359.84,239178.45
PO00180,MAT1572,SUP309,2025-04-19,76.24,380478.77
PO00181,MAT0384,SUP272,2025-11-28,708.96,1485186.12
PO00182,MAT0026,SUP053,2025-10-24,150.06,197635.02
PO00183,MAT0233,SUP096,2026-06-16,943.9,3016449.55
PO00184,MAT0540,SUP186,2025-08-10,422.18,1822179.54
PO00185,MAT1667,SUP500,2025-01-14,957.29,1930739.06
PO00186,MAT0756,SUP337,2025-06-12,345.19,1641350.83
PO00187,MAT1752,SUP026,2025-11-15,687.22,2369273.42
PO00188,MAT0500,SUP074,2026-03-16,615.51,2530509.33
PO00189,MAT0863,SUP236,2025-05-13,534.34,335031.18
PO00190,MAT0450,SUP405,2025-12-16,727.51,2017596.21
PO00191,MAT1743,SUP018,2025-05-12,375.87,1802161.34
PO00192,MAT1907,SUP196,2026-04-30,72.49,44113.79
PO00193,MAT0762,SUP331,2026-04-03,376.31,220792.37
PO00194,MAT1411,SUP460,2025-09-10,217.36,1015595.04
PO00195,MAT1977,SUP191,2025-12-01,691.4,187749.67
PO00196,MAT1068,SUP259,2025-11-17,637.53,2821363.51
PO00197,MAT1561,SUP419,2026-05-03,788.94,3648579.26
PO00198,MAT0546,SUP154,2026-07-23,347.35,983900.14
PO00199,MAT1381,SUP048,2025-12-06,701.35,64503.16
PO00200,MAT1810,SUP291,2025-05-11,965.82,1233796.42
PO00201,MAT1394,SUP433,2026-08-10,971.42,4626504.32
PO00202,MAT0141,SUP239,2025-08-23,711.02,597683.41
PO00203,MAT0664,SUP314,2025-08-31,815.19,1568800.55
PO00204,MAT0803,SUP211,2025-09-13,493.7,1220233.86
PO00205,MAT1833,SUP405,2026-04-27,891.65,1482047.13
PO00206,MAT1736,SUP426,2025-11-17,515.85,1829106.09
PO00207,MAT0929,SUP018,2025-04-08,390.3,1353903.86
PO00208,MAT1380,SUP292,2025-06-01,627.37,170726.2
PO00209,MAT1044,SUP068,2025-03-25,533.94,1360788.81
PO00210,MAT0759,SUP355,2026-04-19,606.57,802989.5
PO00211,MAT0020,SUP224,2025-09-30,76.26,177363.98
PO00212,MAT1394,SUP433,2026-02-03,779.66,3713224.31
PO00213,MAT0524,SUP003,2025-10-10,714.79,655047.85
PO00214,MAT1173,SUP335,2026-01-08,849.3,92836.98
PO00215,MAT0580,SUP382,2025-03-02,479.01,1259116.11
PO00216,MAT0583,SUP405,2025-08-17,636.74,59980.91
PO00217,MAT1407,SUP459,2025-12-02,362.61,632025.6
PO00218,MAT0634,SUP339,2026-05-10,566.26,1886642.42
PO00219,MAT0678,SUP371,2025-10-07,957.1,4472298.6
PO00220,MAT1298,SUP225,2026-05-12,985.43,838679.76
PO00221,MAT1715,SUP195,2026-07-04,208.06,193728.83
PO00222,MAT1205,SUP257,2025-07-12,958.15,3171007.01
PO00223,MAT0145,SUP361,2025-05-04,302.66,132144.38
PO00224,MAT1606,SUP258,2025-03-04,738.14,2339985.0
PO00225,MAT0661,SUP212,2025-07-19,528.27,1205448.75
PO00226,MAT1797,SUP291,2026-06-01,289.63,866694.6
PO00227,MAT1301,SUP061,2026-01-21,428.76,1059418.8
PO00228,MAT1706,SUP143,2025-01-12,305.2,1004953.4
PO00229,MAT0656,SUP234,2025-07-29,152.62,670766.43
PO00230,MAT0374,SUP351,2025-01-26,38.53,93805.52
PO00231,MAT1674,SUP363,2026-03-08,87.92,228278.13
PO00232,MAT0882,SUP074,2026-04-22,778.04,1581825.34
PO00233,MAT0691,SUP311,2025-06-01,452.22,442058.62
PO00234,MAT0122,SUP483,2026-01-27,559.71,2164572.08
PO00235,MAT0815,SUP057,2026-03-31,760.88,1414985.71
PO00236,MAT1138,SUP483,2025-04-21,937.53,2366335.1
PO00237,MAT0078,SUP377,2026-04-12,283.19,713715.26
PO00238,MAT1333,SUP136,2026-04-10,291.92,604653.9
PO00239,MAT1676,SUP102,2026-08-24,137.25,597759.44
PO00240,MAT0185,SUP137,2025-01-18,132.68,58531.78
PO00241,MAT1194,SUP373,2025-12-01,557.05,737305.81
PO00242,MAT1215,SUP109,2026-01-13,150.34,596750.58
PO00243,MAT0800,SUP500,2026-01-20,554.63,582882.85
PO00244,MAT1442,SUP178,2026-03-21,649.87,3232992.77
PO00245,MAT1656,SUP149,2026-02-10,186.22,848742.34
PO00246,MAT0634,SUP339,2025-02-05,647.18,2156248.44
PO00247,MAT0288,SUP234,2025-11-28,569.96,1069330.45
PO00248,MAT0318,SUP278,2026-08-06,48.99,45022.3
PO00249,MAT1523,SUP207,2026-06-08,65.3,152860.77
PO00250,MAT1731,SUP406,2025-05-16,501.71,2015554.7
PO00251,MAT0565,SUP147,2025-03-11,148.51,400789.88
PO00252,MAT1889,SUP343,2025-04-15,527.55,2019556.36
PO00253,MAT1984,SUP390,2025-08-29,100.94,202363.5
PO00254,MAT0452,SUP179,2026-01-04,972.6,4301625.01
PO00255,MAT1887,SUP226,2025-12-13,90.35,337687.64
PO00256,MAT1193,SUP219,2025-12-18,753.34,2867475.71
PO00257,MAT0855,SUP499,2026-05-20,406.55,771367.64
PO00258,MAT1373,SUP268,2025-03-05,529.43,2589304.48
PO00259,MAT1663,SUP141,2026-02-10,697.64,734754.45
PO00260,MAT0351,SUP204,2026-07-16,824.62,1372439.8
PO00261,MAT0584,SUP080,2025-08-01,454.01,1754952.95
PO00262,MAT0403,SUP152,2025-04-29,765.14,187505.21
PO00263,MAT0263,SUP333,2025-09-25,235.12,523962.57
PO00264,MAT1744,SUP350,2025-02-27,648.31,2709579.23
PO00265,MAT1580,SUP429,2026-07-26,33.98,47163.56
PO00266,MAT1729,SUP015,2025-08-19,483.91,1251105.75
PO00267,MAT1674,SUP363,2025-02-13,226.81,588896.29
PO00268,MAT1322,SUP230,2025-08-27,950.47,4332907.59
PO00269,MAT1446,SUP138,2025-05-21,505.58,1230480.6
PO00270,MAT0861,SUP145,2025-11-27,393.65,1537242.62
PO00271,MAT0319,SUP309,2026-02-10,29.06,4319.48
PO00272,MAT0956,SUP222,2025-10-24,497.3,665889.67
PO00273,MAT0108,SUP500,2026-03-01,554.53,1108960.18
PO00274,MAT0919,SUP140,2025-02-11,208.12,40427.31
PO00275,MAT0739,SUP149,2025-02-06,216.75,48738.41
PO00276,MAT0131,SUP465,2026-08-20,496.55,1628127.86
PO00277,MAT0668,SUP235,2025-12-24,704.81,3019603.39
PO00278,MAT1094,SUP317,2026-08-19,882.83,1062839.04
PO00279,MAT0956,SUP222,2026-06-06,899.59,1204560.01
PO00280,MAT1365,SUP376,2025-06-18,403.21,1409545.55
PO00281,MAT1336,SUP446,2025-06-05,540.87,1501914.86
PO00282,MAT1213,SUP194,2025-10-16,272.99,387637.61
PO00283,MAT0240,SUP422,2026-01-19,515.77,1966125.56
PO00284,MAT0662,SUP047,2025-06-13,836.47,1383663.58
PO00285,MAT1304,SUP500,2025-09-20,341.14,1262316.93
PO00286,MAT1454,SUP126,2025-12-01,898.95,1002473.08
PO00287,MAT0197,SUP152,2026-02-07,127.98,458154.32
PO00288,MAT0359,SUP154,2025-10-20,457.13,1774327.24
PO00289,MAT1907,SUP196,2026-04-02,607.33,369590.67
PO00290,MAT1438,SUP048,2026-06-09,772.32,1928104.6
PO00291,MAT0221,SUP179,2025-07-29,192.98,337363.78
PO00292,MAT0913,SUP415,2025-02-12,393.58,1681070.7
PO00293,MAT1975,SUP328,2025-04-20,745.39,94798.7
PO00294,MAT0860,SUP274,2025-07-30,208.14,372689.24
PO00295,MAT1508,SUP495,2026-08-07,738.35,2316787.25
PO00296,MAT1139,SUP218,2025-11-02,834.6,3193238.02
PO00297,MAT1041,SUP480,2025-08-08,887.79,3951402.37
PO00298,MAT1954,SUP032,2025-11-07,367.33,125909.7
PO00299,MAT1868,SUP266,2025-02-25,651.35,484663.02
PO00300,MAT1975,SUP328,2025-08-24,571.18,72642.67
PO00301,MAT1728,SUP391,2025-09-16,224.64,131162.8
PO00302,MAT0104,SUP026,2025-01-25,316.8,791914.46
PO00303,MAT1487,SUP222,2025-08-10,831.29,2844458.24
PO00304,MAT1739,SUP454,2025-12-08,214.29,199694.71
PO00305,MAT0053,SUP015,2026-02-02,722.77,3366366.32
PO00306,MAT1115,SUP061,2026-04-14,984.39,4350491.92
PO00307,MAT1074,SUP091,2025-06-19,921.61,615248.4
PO00308,MAT1383,SUP209,2026-05-07,565.22,310848.39
PO00309,MAT0119,SUP266,2025-10-20,797.05,2252774.15
PO00310,MAT0646,SUP373,2025-09-12,86.9,333600.41
PO00311,MAT0222,SUP244,2025-04-20,885.57,1965008.98
PO00312,MAT1505,SUP214,2025-02-01,623.08,985182.94
PO00313,MAT1431,SUP402,2025-01-12,947.32,4000532.36
PO00314,MAT1450,SUP306,2025-01-01,310.41,1269164.05
PO00315,MAT0559,SUP378,2026-01-26,731.46,1641132.91
PO00316,MAT0357,SUP354,2025-06-13,106.26,31239.38
PO00317,MAT1556,SUP115,2026-01-12,223.16,1029939.19
PO00318,MAT1582,SUP197,2025-07-15,971.23,262096.13
PO00319,MAT1676,SUP102,2026-01-17,85.34,371677.89
PO00320,MAT0828,SUP068,2026-03-04,657.09,591446.71
PO00321,MAT1499,SUP130,2025-11-01,772.74,1793390.45
PO00322,MAT0151,SUP217,2025-05-03,309.03,1086830.7
PO00323,MAT0305,SUP301,2025-09-27,462.36,2122819.6
PO00324,MAT0377,SUP465,2025-07-29,129.12,265052.37
PO00325,MAT1772,SUP016,2025-02-01,881.49,2770584.77
PO00326,MAT1828,SUP478,2026-05-03,182.84,436312.92
PO00327,MAT0346,SUP352,2025-04-26,95.23,274732.84
PO00328,MAT0470,SUP114,2025-08-29,460.69,1926605.58
PO00329,MAT0444,SUP490,2026-08-17,697.97,3371802.33
PO00330,MAT1944,SUP361,2025-10-07,277.37,1367911.18
PO00331,MAT1353,SUP220,2026-07-31,484.93,828008.28
PO00332,MAT0009,SUP476,2025-06-06,223.32,43172.22
PO00333,MAT1561,SUP419,2026-02-12,681.24,3150503.38
PO00334,MAT0893,SUP091,2025-01-31,46.79,155065.8
PO00335,MAT1874,SUP024,2026-03-19,832.15,1594674.01
PO00336,MAT0259,SUP116,2026-02-27,183.27,626033.83
PO00337,MAT1914,SUP309,2025-01-14,580.99,1726818.48
PO00338,MAT0424,SUP487,2025-02-15,660.04,1220116.94
PO00339,MAT0337,SUP210,2025-10-15,712.8,2583251.35
PO00340,MAT0849,SUP237,2026-05-06,210.67,798114.87
PO00341,MAT0430,SUP235,2025-10-01,34.17,163439.89
PO00342,MAT1218,SUP448,2025-10-06,963.56,3893784.5
PO00343,MAT1625,SUP166,2025-07-12,242.47,394488.99
PO00344,MAT0114,SUP299,2026-04-04,812.25,3244077.76
PO00345,MAT1027,SUP057,2025-02-15,874.79,3687974.67
PO00346,MAT0421,SUP228,2026-03-22,563.35,1277728.5
PO00347,MAT1405,SUP043,2026-05-16,794.04,311922.73
PO00348,MAT0570,SUP415,2025-02-18,293.65,614864.93
PO00349,MAT0812,SUP361,2025-04-01,602.07,2594253.4
PO00350,MAT0637,SUP475,2026-04-13,822.51,202970.79
PO00351,MAT1405,SUP043,2026-07-12,172.26,67668.9
PO00352,MAT1623,SUP225,2026-01-16,728.94,1871845.03
PO00353,MAT0666,SUP158,2026-07-08,154.24,565181.63
PO00354,MAT1803,SUP461,2025-12-22,412.93,2008243.76
PO00355,MAT0977,SUP048,2026-08-18,407.76,1056522.47
PO00356,MAT1965,SUP047,2026-04-24,983.68,4489259.76
PO00357,MAT0051,SUP485,2025-10-27,156.16,639112.91
PO00358,MAT1325,SUP351,2026-05-22,678.95,2958707.94
PO00359,MAT0537,SUP270,2026-02-22,366.73,886635.79
PO00360,MAT0393,SUP486,2026-03-19,95.58,220487.77
PO00361,MAT0001,SUP232,2025-09-17,885.92,1858996.81
PO00362,MAT0245,SUP144,2025-12-07,925.47,2514409.44
PO00363,MAT0270,SUP479,2026-04-23,456.26,320896.78
PO00364,MAT0135,SUP436,2026-07-07,863.18,2042888.11
PO00365,MAT0799,SUP233,2025-06-18,890.84,1752540.62
PO00366,MAT0463,SUP004,2025-12-18,511.29,185613.61
PO00367,MAT1377,SUP040,2025-05-29,602.8,1829974.21
PO00368,MAT0411,SUP410,2026-07-08,636.37,2075705.3
PO00369,MAT1998,SUP352,2025-06-13,852.59,1674913.06
PO00370,MAT1424,SUP004,2026-08-11,148.13,580946.6
PO00371,MAT1870,SUP215,2025-07-30,826.44,755746.32
PO00372,MAT0359,SUP154,2026-02-10,90.93,352940.25
PO00373,MAT0089,SUP085,2026-03-06,881.92,1452672.17
PO00374,MAT0714,SUP303,2026-05-29,548.56,675249.93
PO00375,MAT1195,SUP193,2026-06-17,112.78,343959.83
PO00376,MAT0249,SUP324,2025-01-05,262.17,827846.34
PO00377,MAT1598,SUP277,2026-07-18,667.99,2019246.93
PO00378,MAT1636,SUP222,2025-06-18,742.31,3463039.46
PO00379,MAT0146,SUP463,2025-12-09,494.29,519340.62
PO00380,MAT0216,SUP360,2025-11-30,734.54,2195841.22
PO00381,MAT0054,SUP147,2026-01-18,552.97,1932939.81
PO00382,MAT0507,SUP069,2026-02-09,527.89,1273191.5
PO00383,MAT0542,SUP218,2026-02-07,226.88,482008.83
PO00384,MAT1205,SUP257,2025-12-26,752.33,2489843.66
PO00385,MAT1560,SUP216,2025-04-19,233.56,243493.31
PO00386,MAT0349,SUP022,2026-04-10,164.14,71880.19
PO00387,MAT1787,SUP126,2025-07-12,719.04,1615021.36
PO00388,MAT0059,SUP181,2026-06-01,801.94,2305409.09
PO00389,MAT0094,SUP214,2026-05-23,152.91,491301.36
PO00390,MAT1229,SUP473,2025-03-15,697.99,2223838.02
PO00391,MAT1537,SUP493,2025-11-10,249.42,590162.64
PO00392,MAT0914,SUP103,2026-02-20,309.83,724788.42
PO00393,MAT0776,SUP019,2025-08-03,546.55,1349994.9
PO00394,MAT0163,SUP254,2025-04-09,952.04,4629618.19
PO00395,MAT1318,SUP300,2025-07-15,33.27,16029.15
PO00396,MAT0385,SUP210,2025-02-01,302.83,1353522.91
PO00397,MAT0968,SUP426,2025-08-01,193.86,445406.92
PO00398,MAT1536,SUP298,2025-03-15,76.35,16698.51
PO00399,MAT0805,SUP297,2026-04-09,951.5,4247990.78
PO00400,MAT0547,SUP354,2026-03-09,945.43,328234.39
PO00401,MAT0794,SUP474,2026-02-17,20.46,18836.29
PO00402,MAT1475,SUP356,2025-11-04,349.74,147576.29
PO00403,MAT0271,SUP350,2026-01-19,216.36,827683.02
PO00404,MAT1323,SUP477,2026-03-15,623.07,2470397.78
PO00405,MAT1697,SUP092,2026-05-05,638.87,2771028.35
PO00406,MAT1881,SUP116,2025-02-12,682.33,657697.89
PO00407,MAT1738,SUP202,2025-02-02,504.99,204369.45
PO00408,MAT1898,SUP152,2025-12-26,40.73,183681.71
PO00409,MAT1099,SUP125,2026-04-30,862.56,3446168.72
PO00410,MAT1111,SUP369,2026-01-28,755.39,1308411.02
PO00411,MAT0482,SUP201,2025-04-11,428.47,1912098.79
PO00412,MAT0888,SUP498,2025-12-26,949.63,1846109.21
PO00413,MAT1874,SUP024,2026-05-18,994.69,1906154.29
PO00414,MAT0920,SUP494,2026-01-25,48.28,189357.06
PO00415,MAT0263,SUP333,2026-05-15,761.46,1696906.0
PO00416,MAT0346,SUP352,2025-03-30,480.12,1385117.39
PO00417,MAT1883,SUP192,2026-07-11,101.13,295084.19
PO00418,MAT1998,SUP352,2025-09-09,727.04,1428270.08
PO00419,MAT1071,SUP462,2025-04-07,460.14,1555227.19
PO00420,MAT0151,SUP217,2025-12-12,248.96,875569.91
PO00421,MAT0176,SUP079,2026-04-26,44.0,74044.52
PO00422,MAT1670,SUP073,2025-11-14,557.1,1727912.5
PO00423,MAT1784,SUP012,2026-04-08,224.39,992564.48
PO00424,MAT1665,SUP146,2026-02-25,104.0,265994.56
PO00425,MAT1181,SUP152,2025-05-12,597.49,478452.07
PO00426,MAT1953,SUP174,2025-01-29,936.18,3530793.51
PO00427,MAT0816,SUP090,2026-04-01,78.41,277502.4
PO00428,MAT0895,SUP351,2025-07-05,468.55,1350567.26
PO00429,MAT1730,SUP385,2026-08-02,394.3,273234.13
PO00430,MAT0782,SUP062,2026-07-03,657.17,492299.19
PO00431,MAT1418,SUP091,2025-02-19,260.67,780631.06
PO00432,MAT0420,SUP115,2025-05-01,701.23,2268072.34
PO00433,MAT0965,SUP393,2026-05-18,182.18,171945.13
PO00434,MAT1898,SUP152,2026-04-08,300.46,1354996.48
PO00435,MAT0847,SUP445,2025-06-16,49.42,243831.36
PO00436,MAT1735,SUP177,2025-12-06,432.46,1029453.73
PO00437,MAT1118,SUP028,2025-06-08,968.88,4234596.62
PO00438,MAT1613,SUP134,2025-03-20,207.13,360567.76
PO00439,MAT1986,SUP118,2026-05-13,256.55,1070793.52
PO00440,MAT0777,SUP360,2026-02-01,777.98,94221.16
PO00441,MAT1646,SUP127,2025-06-30,774.74,482895.44
PO00442,MAT1132,SUP468,2025-02-14,309.25,28525.22
PO00443,MAT0731,SUP261,2025-08-17,346.67,964661.28
PO00444,MAT1746,SUP295,2026-08-21,847.08,1652441.31
PO00445,MAT0068,SUP459,2025-08-23,716.69,1238605.16
PO00446,MAT0523,SUP494,2025-04-29,110.52,129326.08
PO00447,MAT1150,SUP367,2025-05-23,140.68,198841.33
PO00448,MAT0161,SUP155,2026-07-31,33.44,164832.11
PO00449,MAT1779,SUP474,2026-05-24,373.01,757311.01
PO00450,MAT0473,SUP183,2026-03-17,30.33,102300.36
PO00451,MAT0294,SUP499,2026-06-22,898.71,2628556.0
PO00452,MAT0480,SUP324,2026-01-13,638.48,2600260.88
PO00453,MAT0980,SUP292,2025-04-19,424.44,1178848.14
PO00454,MAT1676,SUP102,2025-02-04,286.11,1246083.44
PO00455,MAT1622,SUP459,2026-07-25,705.03,2106693.09
PO00456,MAT0911,SUP264,2025-03-10,74.52,251446.87
PO00457,MAT0104,SUP026,2025-09-27,879.0,2197262.67
PO00458,MAT0537,SUP270,2026-01-02,479.88,1160196.28
PO00459,MAT1574,SUP362,2026-06-04,920.08,4134213.87
PO00460,MAT0094,SUP214,2025-05-21,129.8,417048.7
PO00461,MAT1400,SUP169,2025-06-15,95.51,154779.69
PO00462,MAT1020,SUP499,2025-07-11,667.99,1419852.82
PO00463,MAT1440,SUP193,2026-04-02,663.26,2113199.42
PO00464,MAT0594,SUP350,2026-07-14,379.58,1457731.44
PO00465,MAT1413,SUP050,2025-09-27,483.1,546956.16
PO00466,MAT0988,SUP317,2025-07-09,586.3,1076218.14
PO00467,MAT1537,SUP493,2025-04-29,564.07,1334668.59
PO00468,MAT1555,SUP153,2025-08-26,210.42,133351.57
PO00469,MAT1856,SUP277,2025-11-04,141.88,677557.87
PO00470,MAT0414,SUP472,2026-02-05,21.08,12838.56
PO00471,MAT1310,SUP316,2025-03-03,515.09,257611.96
PO00472,MAT1117,SUP301,2025-01-13,121.63,520510.72
PO00473,MAT1081,SUP374,2025-09-30,589.72,589525.39
PO00474,MAT0541,SUP138,2025-01-10,310.31,1487846.46
PO00475,MAT0580,SUP382,2025-05-21,326.33,857784.51
PO00476,MAT1116,SUP194,2025-09-07,861.98,1399734.84
PO00477,MAT1874,SUP024,2025-08-07,196.78,377095.42
PO00478,MAT1297,SUP192,2026-05-02,483.49,896511.33
PO00479,MAT1931,SUP281,2025-08-08,108.06,362458.09
PO00480,MAT0963,SUP179,2026-02-02,557.5,590102.6
PO00481,MAT1567,SUP199,2026-07-09,860.11,3003873.97
PO00482,MAT1212,SUP321,2025-03-14,154.65,91323.92
PO00483,MAT0282,SUP131,2025-05-11,859.27,3846633.86
PO00484,MAT1025,SUP048,2025-05-29,862.57,2399100.44
PO00485,MAT0858,SUP272,2025-03-11,482.91,1252494.69
PO00486,MAT1990,SUP201,2025-03-16,570.5,460867.02
PO00487,MAT0503,SUP311,2025-09-10,630.67,585413.12
PO00488,MAT1952,SUP047,2026-02-28,841.37,1127015.12
PO00489,MAT1495,SUP088,2026-01-06,938.23,2805617.32
PO00490,MAT1462,SUP146,2025-09-26,412.33,1738436.88
PO00491,MAT0833,SUP106,2026-03-19,52.48,186320.79
PO00492,MAT0162,SUP141,2025-11-25,782.83,2196425.27
PO00493,MAT0390,SUP487,2025-01-29,200.68,896122.49
PO00494,MAT0905,SUP154,2026-01-18,396.87,1924291.66
PO00495,MAT0959,SUP392,2025-08-19,751.12,2103579.16
PO00496,MAT0897,SUP165,2025-05-11,484.57,91743.64
PO00497,MAT1431,SUP402,2026-06-06,889.86,3757878.78
PO00498,MAT0426,SUP389,2025-06-11,248.93,15152.37
PO00499,MAT1611,SUP335,2026-06-18,294.75,897758.39
PO00500,MAT0230,SUP181,2025-03-18,438.41,1361679.54
PO00501,MAT0774,SUP019,2025-02-01,423.14,138565.66
PO00502,MAT1937,SUP183,2026-07-30,93.99,450451.77
PO00503,MAT0680,SUP374,2025-05-30,775.19,1928595.2
PO00504,MAT1286,SUP351,2025-02-10,375.83,1317103.75
PO00505,MAT1363,SUP236,2026-02-07,288.03,1205261.53
PO00506,MAT1185,SUP411,2025-12-16,310.46,949979.66
PO00507,MAT1276,SUP271,2026-07-03,609.24,2142849.39
PO00508,MAT1728,SUP391,2025-11-12,856.83,500285.9
PO00509,MAT1487,SUP222,2026-04-27,516.33,1766747.01
PO00510,MAT1226,SUP489,2026-01-31,759.84,1851524.92
PO00511,MAT0388,SUP403,2026-07-28,924.22,638229.36
PO00512,MAT1041,SUP480,2026-08-11,145.89,649331.59
PO00513,MAT1902,SUP201,2025-12-12,100.08,100799.58
PO00514,MAT1411,SUP460,2026-05-17,975.47,4557795.78
PO00515,MAT1097,SUP053,2026-06-30,521.83,1563465.3
PO00516,MAT0824,SUP214,2025-03-06,259.08,1207836.14
PO00517,MAT1046,SUP120,2025-10-02,934.82,1615406.35
PO00518,MAT1884,SUP094,2025-10-23,598.49,453427.99
PO00519,MAT1584,SUP466,2025-08-22,319.92,1210791.63
PO00520,MAT0816,SUP090,2025-11-28,908.15,3214051.83
PO00521,MAT0925,SUP479,2026-08-03,199.35,225094.06
PO00522,MAT0800,SUP500,2025-11-10,199.93,210114.43
PO00523,MAT1284,SUP085,2025-12-10,522.5,174614.28
PO00524,MAT1143,SUP169,2026-02-26,285.74,1374863.73
PO00525,MAT1724,SUP216,2026-03-11,672.99,1148679.52
PO00526,MAT1797,SUP291,2025-07-12,770.63,2306048.62
PO00527,MAT0335,SUP305,2025-05-23,804.22,3596045.6
PO00528,MAT0385,SUP210,2025-10-30,198.07,885289.71
PO00529,MAT0701,SUP344,2026-01-06,715.49,1001428.42
PO00530,MAT0606,SUP463,2026-07-21,327.93,909317.1
PO00531,MAT1139,SUP218,2026-04-19,585.93,2241809.2
PO00532,MAT1614,SUP259,2025-06-27,126.04,365674.81
PO00533,MAT0666,SUP158,2025-10-26,642.21,2353250.1
PO00534,MAT0244,SUP072,2025-07-30,602.15,2454947.49
PO00535,MAT1458,SUP485,2025-12-12,191.25,552911.4
PO00536,MAT1117,SUP301,2026-05-24,381.25,1631544.12
PO00537,MAT0310,SUP256,2026-02-06,489.5,2163467.62
PO00538,MAT0185,SUP137,2025-10-05,-48.0,411663.53
PO00539,MAT0102,SUP240,2026-04-16,542.03,2385701.68
PO00540,MAT0001,SUP232,2025-05-30,262.18,550153.27
PO00541,MAT1507,SUP497,2025-03-15,260.01,655144.6
PO00542,MAT0037,SUP169,2026-01-21,814.98,2291658.56
PO00543,MAT1777,SUP143,2026-02-07,13.23,51120.32
PO00544,MAT0804,SUP143,2025-07-13,813.87,2981685.99
PO00545,MAT0556,SUP108,2025-09-18,928.53,1871340.79
PO00546,MAT0209,SUP309,2026-04-11,935.4,2264696.94
PO00547,MAT1370,SUP031,2026-07-18,587.75,1787147.91
PO00548,MAT0699,SUP456,2025-10-11,516.01,289151.36
PO00549,MAT0839,SUP013,2026-03-07,207.2,643714.46
PO00550,MAT1313,SUP365,2025-02-22,981.76,1249279.78
PO00551,MAT0901,SUP087,2026-05-17,599.32,1627249.69
PO00552,MAT1932,SUP427,2026-05-03,442.8,559916.17
PO00553,MAT0152,SUP017,2025-11-17,128.25,265976.39
PO00554,MAT1550,SUP299,2025-07-05,131.69,416682.96
PO00555,MAT1752,SUP026,2025-02-25,50.62,174518.52
PO00556,MAT1174,SUP337,2025-03-13,284.58,929788.31
PO00557,MAT1676,SUP102,2026-07-16,539.87,2351274.22
PO00558,MAT0141,SUP239,2025-05-11,786.03,660736.82
PO00559,MAT1400,SUP169,2026-03-10,212.84,344919.99
PO00560,MAT0581,SUP185,2026-08-04,69.28,299643.62
PO00561,MAT1604,SUP262,2025-04-25,344.23,1352190.52
PO00562,MAT0890,SUP151,2025-10-11,291.35,721598.2
PO00563,MAT0057,SUP328,2025-09-04,238.18,550841.27
PO00564,MAT0401,SUP262,2026-08-08,754.21,477256.55
PO00565,MAT1887,SUP226,2026-07-20,360.02,1345592.75
PO00566,MAT0081,SUP045,2025-08-31,160.19,537567.2
PO00567,MAT1303,SUP177,2026-07-21,588.28,69158.2
PO00568,MAT0765,SUP335,2025-08-14,180.12,840767.74
PO00569,MAT1895,SUP186,2026-01-28,211.11,251347.57
PO00570,MAT1457,SUP309,2025-01-18,954.93,2540066.05
PO00571,MAT1275,SUP090,2025-04-04,575.53,2103688.77
PO00572,MAT0495,SUP303,2025-10-04,811.45,2640401.5
PO00573,MAT0530,SUP205,2025-05-08,104.73,44650.59
PO00574,MAT0461,SUP286,2026-02-21,228.76,662502.69
PO00575,MAT0367,SUP084,2026-04-16,613.51,2305177.93
PO00576,MAT0991,SUP155,2025-06-27,918.45,719532.1
PO00577,MAT1712,SUP060,2025-10-14,116.31,110887.63
PO00578,MAT1420,SUP046,2025-09-02,674.45,2091125.48
PO00579,MAT0799,SUP233,2026-03-22,583.84,1148582.59
PO00580,MAT1632,SUP267,2026-01-31,451.7,1880716.19
PO00581,MAT0137,SUP291,2025-08-26,109.36,100469.03
PO00582,MAT1196,SUP101,2025-03-25,414.45,1900191.08
PO00583,MAT1522,SUP318,2026-03-31,448.1,2018497.82
PO00584,MAT1442,SUP178,2026-01-29,852.08,4238953.15
PO00585,MAT0248,SUP425,2026-01-25,32.8,125272.71
PO00586,MAT0032,SUP298,2025-10-06,213.08,1017126.73
PO00587,MAT1788,SUP329,2026-05-19,442.28,1781614.41
PO00588,MAT1096,SUP334,2026-06-21,348.87,801591.62
PO00589,MAT1412,SUP135,2025-01-22,504.04,1827306.29
PO00590,MAT1040,SUP249,2026-02-02,839.84,3331191.77
PO00591,MAT0728,SUP148,2025-07-30,379.23,271024.3
PO00592,MAT0674,SUP384,2025-03-21,604.94,1108812.67
PO00593,MAT0259,SUP116,2026-01-22,176.7,603591.3
PO00594,MAT0956,SUP222,2026-02-18,215.06,287967.49
PO00595,MAT0230,SUP181,2025-11-18,359.73,1117303.39
PO00596,MAT1162,SUP072,2025-10-08,256.28,1053595.27
PO00597,MAT0236,SUP351,2025-10-25,899.47,1895516.09
PO00598,MAT1788,SUP329,2026-01-24,604.43,2434795.15
PO00599,MAT0311,SUP197,2026-04-26,961.05,2042433.07
PO00600,MAT1465,SUP025,2026-07-31,251.63,384314.5
PO00601,MAT1370,SUP031,2025-03-08,457.72,1391770.9
PO00602,MAT0058,SUP295,2025-01-23,394.98,1424609.91
PO00603,MAT1642,SUP315,2025-12-20,365.93,1161308.13
PO00604,MAT0337,SUP210,2025-01-21,496.05,1797729.84
PO00605,MAT1208,SUP418,2026-04-02,910.1,52612.88
PO00606,MAT1006,SUP221,2025-04-02,442.99,1376343.35
PO00607,MAT1861,SUP468,2025-12-23,236.27,859165.14
PO00608,MAT1089,SUP243,2026-01-11,912.48,4376317.95
PO00609,MAT0328,SUP170,2025-09-24,483.75,594083.7
PO00610,MAT1013,SUP497,2025-06-22,226.95,875491.4
PO00611,MAT0384,SUP272,2026-08-23,648.56,1358655.37
PO00612,MAT0384,SUP272,2026-06-28,812.04,1701126.36
PO00613,MAT1267,SUP066,2025-02-07,979.37,2094843.05
PO00614,MAT1824,SUP158,2026-01-09,57.5,89794.88
PO00615,MAT1732,SUP001,2025-08-23,99.07,103231.93
PO00616,MAT1544,SUP256,2025-06-12,101.45,167606.56
PO00617,MAT1702,SUP141,2026-07-21,59.56,289291.85
PO00618,MAT0216,SUP360,2025-03-23,530.0,1584387.3
PO00619,MAT1352,SUP171,2025-09-19,458.57,841219.15
PO00620,MAT0458,SUP086,2025-10-28,150.22,403997.16
PO00621,MAT1917,SUP417,2026-03-23,285.73,960592.83
PO00622,MAT0978,SUP270,2025-07-10,236.8,110265.92
PO00623,MAT1410,SUP371,2025-11-16,174.96,542680.43
PO00624,MAT1222,SUP120,2025-03-10,239.5,586403.77
PO00625,MAT1789,SUP370,2025-04-05,624.74,52521.89
PO00626,MAT0925,SUP479,2026-08-10,658.08,743064.45
PO00627,MAT0479,SUP457,2025-06-30,295.36,301958.34
PO00628,MAT1942,SUP333,2026-04-27,942.6,4227014.29
PO00629,MAT1602,SUP483,2025-06-21,243.88,762976.14
PO00630,MAT1373,SUP268,2025-07-20,606.61,2966771.79
PO00631,MAT0903,SUP194,2025-03-20,76.71,152038.45
PO00632,MAT0241,SUP053,2025-04-14,276.35,421063.44
PO00633,MAT1660,SUP419,2025-07-03,538.61,2325082.42
PO00634,MAT0127,SUP056,2026-04-19,557.9,2073943.04
PO00635,MAT1954,SUP032,2026-01-13,725.98,248844.16
PO00636,MAT0916,SUP422,2025-06-06,538.32,1748414.91
PO00637,MAT0298,SUP055,2025-07-11,253.19,576098.4
PO00638,MAT1438,SUP048,2025-01-09,332.22,829390.55
PO00639,MAT0078,SUP377,2025-06-25,768.69,1937306.35
PO00640,MAT0095,SUP248,2026-06-10,815.17,3287751.8
PO00641,MAT0165,SUP435,2026-05-28,509.46,783880.63
PO00642,MAT1889,SUP343,2025-02-28,399.87,1530774.34
PO00643,MAT0474,SUP036,2025-06-21,57.86,93909.09
PO00644,MAT1444,SUP012,2025-06-09,848.07,2190683.54
PO00645,MAT1434,SUP381,2025-09-05,863.07,4244491.95
PO00646,MAT0792,SUP344,2026-01-12,578.13,183521.59
PO00647,MAT0203,SUP267,2025-10-13,467.78,1610243.77
PO00648,MAT1806,SUP106,2026-04-11,183.39,145417.27
PO00649,MAT0048,SUP419,2025-04-23,716.3,2876825.55
PO00650,MAT1641,SUP252,2025-06-15,643.73,1979810.93
PO00651,MAT0672,SUP342,2025-02-13,76.4,320740.19
PO00652,MAT0583,SUP405,2026-01-22,144.55,13616.61
PO00653,MAT0949,SUP190,2025-10-22,466.16,1602247.86
PO00654,MAT0453,SUP112,2026-05-17,680.75,1821666.58
PO00655,MAT0094,SUP214,2026-02-09,554.81,1782610.08
PO00656,MAT0725,SUP441,2026-02-18,889.9,3857814.39
PO00657,MAT0289,SUP125,2026-04-23,962.48,1802676.92
PO00658,MAT0872,SUP083,2026-06-17,360.4,1410955.19
PO00659,MAT0598,SUP188,2026-08-15,721.17,2199186.28
PO00660,MAT1863,SUP108,2026-02-19,754.11,3023204.37
PO00661,MAT1187,SUP325,2026-06-21,937.5,4401056.25
PO00662,MAT0380,SUP372,2025-06-20,508.12,1944295.77
PO00663,MAT1623,SUP225,2026-05-27,134.98,346615.14
PO00664,MAT1224,SUP100,2025-02-07,214.82,935712.96
PO00665,MAT1406,SUP447,2026-01-12,843.53,2233372.2
PO00666,MAT0187,SUP194,2025-04-29,608.35,1463830.02
PO00667,MAT0353,SUP076,2026-02-27,388.75,1150804.96
PO00668,MAT1535,SUP076,2025-11-03,379.89,551957.38
PO00669,MAT1569,SUP224,2025-11-19,492.35,605068.61
PO00670,MAT1054,SUP074,2025-01-17,223.41,293781.92
PO00671,MAT1613,SUP134,2025-05-31,455.44,792820.84
PO00672,MAT0721,SUP273,2025-05-24,652.58,1292375.96
PO00673,MAT0049,SUP448,2025-11-06,402.4,1124699.95
PO00674,MAT0674,SUP384,2025-05-26,26.21,48041.1
PO00675,MAT1504,SUP090,2025-08-21,904.63,4121602.84
PO00676,MAT1694,SUP397,2025-09-16,491.91,1744268.59
PO00677,MAT0468,SUP022,2026-04-23,715.76,2064938.97
PO00678,MAT1603,SUP477,2026-01-16,883.56,4032364.62
PO00679,MAT0789,SUP003,2026-04-20,139.11,169214.8
PO00680,MAT1108,SUP095,2025-02-22,252.91,466856.69
PO00681,MAT0001,SUP232,2025-05-30,898.07,1884492.13
PO00682,MAT1278,SUP283,2025-04-14,302.46,1335663.36
PO00683,MAT0059,SUP181,2025-02-24,357.05,1026443.77
PO00684,MAT0247,SUP142,2026-01-31,888.18,3128223.25
PO00685,MAT0412,SUP483,2026-03-20,87.34,49205.61
PO00686,MAT1475,SUP356,2025-10-29,361.23,152424.61
PO00687,MAT0978,SUP270,2026-06-09,556.09,258943.31
PO00688,MAT0386,SUP399,2025-02-11,934.64,2302513.68
PO00689,MAT0344,SUP386,2026-05-06,77.08,36555.19
PO00690,MAT0400,SUP340,2025-12-06,201.54,279413.04
PO00691,MAT0161,SUP155,2026-06-03,174.29,859108.53
PO00692,MAT1547,SUP324,2025-04-14,154.48,713941.68
PO00693,MAT0445,SUP318,2026-07-30,276.91,1151508.08
PO00694,MAT0666,SUP158,2025-01-26,514.41,1884952.56
PO00695,MAT0110,SUP071,2026-06-18,377.55,1521386.81
PO00696,MAT1708,SUP214,2026-04-05,409.38,152096.95
PO00697,MAT0044,SUP068,2026-04-17,353.46,676791.07
PO00698,MAT1921,SUP395,2025-12-01,292.08,951894.56
PO00699,MAT1589,SUP128,2025-02-22,803.21,1216325.0
PO00700,MAT1920,SUP167,2026-08-23,132.06,463605.87
PO00701,MAT1413,SUP050,2026-03-25,760.91,861487.08
PO00702,MAT0069,SUP474,2026-03-20,766.0,1049626.82
PO00703,MAT0220,SUP013,2025-02-07,669.66,380045.44
PO00704,MAT0453,SUP112,2026-07-16,731.38,1957150.94
PO00705,MAT0741,SUP014,2026-08-03,510.89,1251455.71
PO00706,MAT0218,SUP006,2025-06-07,933.62,1242414.82
PO00707,MAT1760,SUP095,2026-01-22,336.85,1220033.65
PO00708,MAT1708,SUP214,2026-03-27,734.14,272755.03
PO00709,MAT1527,SUP155,2025-10-01,152.51,550522.97
PO00710,MAT1859,SUP228,2025-07-21,102.26,197674.72
PO00711,MAT0594,SUP350,2026-01-29,283.0,1086827.54
PO00712,MAT1259,SUP442,2025-08-14,51.47,179698.24
PO00713,MAT0602,SUP372,2025-11-07,21.99,58971.02
PO00714,MAT0878,SUP370,2025-05-17,202.55,92591.68
PO00715,MAT1670,SUP073,2026-08-06,201.73,625689.8
PO00716,MAT1635,SUP260,2025-06-05,432.64,612934.07
PO00717,MAT0053,SUP015,2026-08-05,262.6,1223083.13
PO00718,MAT1335,SUP498,2025-08-04,10.56,28618.34
PO00719,MAT1265,SUP340,2025-03-09,171.76,210174.12
PO00720,MAT1535,SUP076,2025-02-08,272.85,396434.68
PO00721,MAT0188,SUP433,2026-05-10,789.14,2558620.73
PO00722,MAT1146,SUP150,2025-08-13,473.62,187742.97
PO00723,MAT0479,SUP457,2025-06-19,925.57,946247.23
PO00724,MAT0113,SUP154,2026-05-21,123.09,503187.0
PO00725,MAT0359,SUP154,2026-04-16,813.57,3157831.28
PO00726,MAT1855,SUP106,2025-12-17,620.63,588884.78
PO00727,MAT0320,SUP104,2026-01-17,852.09,1479875.83
PO00728,MAT0054,SUP147,2025-09-22,581.27,2031864.16
PO00729,MAT1788,SUP329,2026-07-16,890.28,3586270.41
PO00730,MAT0891,SUP280,2025-12-05,635.21,3026947.16
PO00731,MAT0234,SUP148,2025-12-01,531.44,518759.84
PO00732,MAT1370,SUP031,2026-06-17,685.78,2085223.81
PO00733,MAT1960,SUP056,2025-09-09,233.94,802650.48
PO00734,MAT0951,SUP377,2025-01-23,439.53,579441.19
PO00735,MAT0062,SUP183,2025-10-06,334.87,588289.57
PO00736,MAT1564,SUP371,2026-06-06,307.56,173802.16
PO00737,MAT1114,SUP190,2026-02-19,60.77,201847.56
PO00738,MAT0910,SUP340,2025-11-04,803.66,1286740.03
PO00739,MAT1122,SUP298,2025-09-21,115.43,370371.01
PO00740,MAT0850,SUP149,2025-06-01,559.46,1386565.66
PO00741,MAT1025,SUP048,2025-08-13,881.94,2452975.0
PO00742,MAT0292,SUP122,2025-09-12,469.7,1167458.14
PO00743,MAT1296,SUP064,2025-06-06,926.79,78044.99
PO00744,MAT0569,SUP321,2026-07-10,510.79,1331741.9
PO00745,MAT1441,SUP006,2026-02-27,745.1,2470267.28
PO00746,MAT1635,SUP260,2026-03-06,570.91,808825.32
PO00747,MAT0731,SUP261,2025-11-03,90.32,251328.95
PO00748,MAT0650,SUP258,2025-06-16,626.83,1485825.3
PO00749,MAT1359,SUP411,2025-03-09,777.22,1513068.58
PO00750,MAT1016,SUP411,2025-02-28,441.27,925069.6
PO00751,MAT1149,SUP222,2026-03-19,162.51,135853.48
PO00752,MAT0627,SUP075,2026-04-30,978.58,266310.76
PO00753,MAT0303,SUP237,2025-12-08,938.22,3780360.46
PO00754,MAT1463,SUP331,2025-05-02,314.93,124019.43
PO00755,MAT0699,SUP456,2026-05-14,880.31,493290.51
PO00756,MAT1519,SUP479,2026-05-19,928.56,2199275.79
PO00757,MAT0638,SUP202,2026-02-10,592.54,83512.59
PO00758,MAT0915,SUP211,2026-02-20,435.8,1877391.54
PO00759,MAT0520,SUP087,2025-08-29,293.6,537496.46
PO00760,MAT0842,SUP252,2025-06-18,342.75,1040486.18
PO00761,MAT1551,SUP458,2025-12-01,597.51,1093341.72
PO00762,MAT1644,SUP408,2025-03-26,109.65,329971.94
PO00763,MAT1132,SUP468,2025-03-26,798.23,73628.74
PO00764,MAT0421,SUP228,2025-01-09,158.55,359605.67
PO00765,MAT1995,SUP462,2026-03-15,497.72,1710847.8
PO00766,MAT1878,SUP461,2025-04-05,935.03,640102.84
PO00767,MAT1767,SUP216,2025-06-05,991.92,1663767.25
PO00768,MAT0765,SUP335,2025-01-03,476.5,2224216.23
PO00769,MAT0205,SUP154,2025-02-03,142.15,557825.03
PO00770,MAT1856,SUP277,2026-01-11,681.95,3256699.96
PO00771,MAT1479,SUP470,2026-01-01,669.4,1311086.84
PO00772,MAT1227,SUP088,2025-03-31,50.03,28620.66
PO00773,MAT1303,SUP177,2025-11-14,336.84,39598.91
PO00774,MAT0380,SUP372,2025-02-09,996.35,3812483.46
PO00775,MAT1448,SUP102,2025-03-26,988.3,4754968.26
PO00776,MAT0474,SUP036,2025-01-01,823.22,1336118.99
PO00777,MAT0229,SUP271,2025-07-16,791.65,2378916.17
PO00778,MAT1814,SUP275,2026-02-05,825.95,1344935.68
PO00779,MAT0444,SUP490,2026-05-18,116.46,562603.12
PO00780,MAT1970,SUP485,2025-10-26,619.28,972418.23
PO00781,MAT0595,SUP210,2026-06-23,80.97,48322.9
PO00782,MAT1311,SUP157,2025-10-19,147.23,168989.12
PO00783,MAT1124,SUP218,2026-04-19,610.11,1756067.41
PO00784,MAT1256,SUP167,2025-09-24,165.82,594157.93
PO00785,MAT1416,SUP333,2026-06-12,105.16,220790.78
PO00786,MAT1365,SUP376,2025-08-18,692.14,2419589.93
PO00787,MAT0042,SUP099,2025-02-02,399.46,1997252.06
PO00788,MAT1747,SUP217,2025-12-13,668.36,1035704.02
PO00789,MAT0659,SUP151,2026-04-30,812.17,3735340.39
PO00790,MAT1230,SUP478,2026-01-03,952.19,3659618.48
PO00791,MAT0886,SUP394,2025-11-10,300.72,175855.04
PO00792,MAT0648,SUP014,2026-02-15,423.79,1315397.54
PO00793,MAT1424,SUP004,2025-08-29,796.31,3123024.3
PO00794,MAT1023,SUP455,2025-11-13,669.59,2603519.93
PO00795,MAT0365,SUP204,2025-08-04,248.27,849532.77
PO00796,MAT0489,SUP297,2025-06-02,706.2,2028411.2
PO00797,MAT1158,SUP393,2025-02-07,88.66,184411.03
PO00798,MAT0910,SUP340,2025-05-01,156.2,250091.82
PO00799,MAT0679,SUP270,2026-04-05,134.85,670928.64
PO00800,MAT0791,SUP100,2025-03-17,289.65,1156639.07
PO00801,MAT1393,SUP206,2025-12-07,690.85,2965231.83
PO00802,MAT0541,SUP138,2026-08-17,246.86,1183622.11
PO00803,MAT0503,SUP311,2026-05-09,440.98,409335.28
PO00804,MAT0971,SUP281,2025-05-06,930.57,1803342.3
PO00805,MAT0556,SUP108,2026-07-20,732.09,1475439.54
PO00806,MAT1373,SUP268,2025-11-06,938.06,4587807.56
PO00807,MAT1512,SUP366,2025-08-03,896.63,677932.98
PO00808,MAT0838,SUP375,2025-02-04,370.57,1669736.54
PO00809,MAT1909,SUP446,2026-02-05,199.57,836539.56
PO00810,MAT1262,SUP495,2025-03-09,58.42,52545.28
PO00811,MAT0925,SUP479,2025-09-16,395.66,446755.53
PO00812,MAT1085,SUP273,2026-05-25,468.87,757412.6
PO00813,MAT0450,SUP405,2026-02-12,785.89,2179500.88
PO00814,MAT1547,SUP324,2025-11-28,455.12,2103373.49
PO00815,MAT1268,SUP333,2025-12-01,747.83,1518311.77
PO00816,MAT0377,SUP465,2026-03-09,661.82,1358557.62
PO00817,MAT0502,SUP194,2026-08-04,869.45,612492.75
PO00818,MAT0856,SUP298,2025-07-08,-25.0,13425.88
PO00819,MAT0475,SUP079,2025-06-18,954.75,2726737.36
PO00820,MAT0689,SUP275,2026-03-02,102.28,110554.45
PO00821,MAT1483,SUP061,2025-12-09,156.69,73037.91
PO00822,MAT1356,SUP164,2025-05-24,247.62,491146.84
PO00823,MAT0768,SUP291,2026-05-23,957.49,4479578.67
PO00824,MAT1616,SUP446,2025-07-27,723.58,3022827.81
PO00825,MAT1230,SUP478,2026-03-04,48.06,184712.36
PO00826,MAT0712,SUP145,2025-01-10,635.22,1932326.54
PO00827,MAT0439,SUP414,2025-12-18,802.21,2115836.9
PO00828,MAT1394,SUP433,2026-01-17,343.81,1637436.38
PO00829,MAT0760,SUP199,2025-04-18,487.97,2430085.72
PO00830,MAT0639,SUP257,2026-05-29,209.7,853242.04
PO00831,MAT0524,SUP003,2025-06-01,339.19,310840.5
PO00832,MAT0444,SUP490,2026-06-02,280.71,1356073.52
PO00833,MAT0940,SUP424,2026-02-05,890.69,3569591.59
PO00834,MAT1572,SUP309,2025-07-21,440.59,2198782.02
PO00835,MAT0655,SUP314,2025-02-10,460.4,1376292.14
PO00836,MAT0311,SUP197,2026-07-15,297.29,631803.68
PO00837,MAT0211,SUP419,2026-04-13,54.07,100398.8
PO00838,MAT1164,SUP344,2025-12-07,27.74,94400.61
PO00839,MAT1353,SUP220,2025-03-06,479.77,819197.68
PO00840,MAT1785,SUP235,2026-03-04,929.76,3374238.5
PO00841,MAT1361,SUP121,2026-08-09,238.64,15318.3
PO00842,MAT0436,SUP324,2025-11-19,836.45,873588.38
PO00843,MAT1146,SUP150,2025-08-17,454.78,180274.79
PO00844,MAT0546,SUP154,2025-11-04,892.6,2528369.83
PO00845,MAT1983,SUP490,2025-02-09,818.57,1194940.3
PO00846,MAT0342,SUP190,2026-08-17,261.6,491426.06
PO00847,MAT1982,SUP082,2025-09-29,14.24,5399.52
PO00848,MAT0961,SUP224,2025-08-23,50.14,249509.18
PO00849,MAT1825,SUP475,2026-04-06,246.59,269017.36
PO00850,MAT0567,SUP192,2025-01-03,435.71,909801.69
PO00851,MAT1380,SUP292,2025-03-19,804.37,218893.21
PO00852,MAT1154,SUP128,2025-10-08,539.91,2432197.37
PO00853,MAT1097,SUP053,2026-07-14,940.52,2817910.78
PO00854,MAT1770,SUP339,2025-01-17,506.73,2452689.75
PO00855,MAT0417,SUP247,2025-11-10,771.21,2572270.7
PO00856,MAT1967,SUP484,2025-02-22,501.67,1028915.14
PO00857,MAT1026,SUP015,2026-08-18,221.28,660053.9
PO00858,MAT1121,SUP365,2026-07-20,294.68,781226.15
PO00859,MAT1489,SUP116,2025-04-29,856.68,3009165.6
PO00860,MAT1915,SUP495,2026-02-03,565.15,1037315.87
PO00861,MAT1828,SUP478,2025-12-03,185.46,442565.05
PO00862,MAT1530,SUP475,2025-07-25,24.07,36938.3
PO00863,MAT1684,SUP049,2026-03-16,88.88,279404.95
PO00864,MAT0983,SUP403,2025-09-09,947.11,3999077.26
PO00865,MAT0300,SUP081,2025-01-22,108.47,449131.97
PO00866,MAT0976,SUP388,2025-09-22,177.33,720743.6
PO00867,MAT1574,SUP362,2025-10-27,675.09,3033395.4
PO00868,MAT1505,SUP214,2026-03-02,170.24,269174.98
PO00869,MAT1729,SUP015,2026-03-13,212.05,548236.19
PO00870,MAT0435,SUP071,2025-06-17,367.82,1115414.15
PO00871,MAT0816,SUP090,2025-10-23,316.4,1119777.57
PO00872,MAT0789,SUP003,2026-07-10,694.64,844967.04
PO00873,MAT0880,SUP438,2025-03-12,85.46,84134.52
PO00874,MAT1097,SUP053,2025-06-09,874.49,2620076.98
PO00875,MAT1035,SUP300,2025-01-04,954.05,3053417.94
PO00876,MAT1766,SUP010,2025-03-09,780.88,893514.13
PO00877,MAT1073,SUP345,2025-10-04,965.49,1735294.49
PO00878,MAT0117,SUP294,2025-04-27,767.25,762938.06
PO00879,MAT0790,SUP186,2025-12-12,130.22,333666.61
PO00880,MAT1855,SUP106,2026-07-02,470.64,446566.76
PO00881,MAT1762,SUP192,2025-05-06,486.43,1163029.81
PO00882,MAT0653,SUP091,2025-10-12,787.64,3420161.3
PO00883,MAT1047,SUP444,2025-12-31,791.11,2808978.45
PO00884,MAT0095,SUP248,2025-12-28,184.63,744651.56
PO00885,MAT0328,SUP170,2025-07-13,549.85,675259.79
PO00886,MAT1034,SUP190,2025-09-14,728.06,1487885.26
PO00887,MAT1558,SUP478,2025-03-30,992.2,2505533.21
PO00888,MAT1424,SUP004,2025-06-16,154.35,605340.63
PO00889,MAT1322,SUP230,2025-06-14,526.87,2401842.27
PO00890,MAT0213,SUP420,2026-07-02,202.23,683788.17
PO00891,MAT0476,SUP161,2025-12-26,39.49,155551.9
PO00892,MAT1373,SUP268,2026-02-03,794.74,3886866.71
PO00893,MAT1851,SUP271,2026-03-19,112.53,501042.08
PO00894,MAT0903,SUP194,2026-06-09,778.1,1542186.42
PO00895,MAT0334,SUP176,2026-02-17,220.24,979024.06
PO00896,MAT0298,SUP055,2025-07-14,624.86,1421781.45
PO00897,MAT1215,SUP109,2026-05-11,775.73,3079136.12
PO00898,MAT0724,SUP032,2025-03-10,976.38,4403786.24
PO00899,MAT0323,SUP500,2025-08-21,836.17,3073041.81
PO00900,MAT0493,SUP077,2026-05-22,561.88,465753.57
PO00901,MAT0397,SUP395,2026-04-14,393.4,1233120.17
PO00902,MAT0882,SUP074,2026-01-13,207.12,421093.6
PO00903,MAT1437,SUP236,2025-02-12,46.02,30248.49
PO00904,MAT0623,SUP102,2025-07-12,13.68,27453.43
PO00905,MAT0539,SUP353,2025-12-30,26.95,2924.34
PO00906,MAT1268,SUP333,2026-01-17,652.23,1324216.05
PO00907,MAT1886,SUP208,2026-03-02,752.24,3734014.05
PO00908,MAT1800,SUP076,2025-01-08,969.89,1451973.82
PO00909,MAT1021,SUP005,2026-04-20,94.37,425234.05
PO00910,MAT1740,SUP257,2025-04-09,598.7,1839386.01
PO00911,MAT0302,SUP134,2026-07-29,768.46,156658.26
PO00912,MAT1448,SUP102,2025-05-20,478.7,2303150.16
PO00913,MAT0087,SUP349,2026-07-21,996.17,1748627.01
PO00914,MAT0185,SUP137,2025-12-15,128.56,56714.24
PO00915,MAT1759,SUP263,2025-02-03,788.28,1357402.39
PO00916,MAT0214,SUP338,2025-11-21,253.58,910458.7
PO00917,MAT1355,SUP478,2026-07-04,823.94,3347717.66
PO00918,MAT1825,SUP475,2025-10-28,48.55,52965.62
PO00919,MAT1968,SUP252,2025-04-20,64.36,105646.94
PO00920,MAT1501,SUP211,2025-11-04,668.18,2214261.66
PO00921,MAT1004,SUP156,2025-05-21,698.95,759541.98
PO00922,MAT0789,SUP003,2026-01-24,999.29,1215546.35
PO00923,MAT0869,SUP061,2025-10-15,346.54,91569.73
PO00924,MAT0075,SUP121,2026-02-26,981.5,1808560.98
PO00925,MAT0895,SUP351,2026-06-28,370.15,1066935.17
PO00926,MAT1215,SUP109,2026-05-26,315.3,1251532.9
PO00927,MAT0412,SUP483,2025-11-04,412.8,232563.26
PO00928,MAT1055,SUP348,2025-01-27,981.44,335279.53
PO00929,MAT0974,SUP068,2025-12-02,192.93,645221.59
PO00930,MAT0007,SUP115,2025-04-06,870.81,1552706.48
PO00931,MAT1144,SUP346,2026-06-22,606.88,563973.58
PO00932,MAT1593,SUP112,2025-04-13,368.91,125425.71
PO00933,MAT0213,SUP420,2025-04-08,974.89,3296337.06
PO00934,MAT1726,SUP295,2025-12-08,325.13,1192651.62
PO00935,MAT0234,SUP148,2025-05-07,190.79,186237.75
PO00936,MAT1056,SUP153,2025-08-06,586.41,315945.98
PO00937,MAT0214,SUP338,2025-03-22,239.2,858828.46
PO00938,MAT0864,SUP160,2025-10-11,318.37,234995.26
PO00939,MAT0859,SUP166,2026-07-18,757.29,3137278.29
PO00940,MAT0013,SUP080,2025-03-23,813.46,3078506.83
PO00941,MAT1003,SUP089,2026-07-17,935.86,770914.68
PO00942,MAT1628,SUP454,2026-07-14,304.23,449642.81
PO00943,MAT0189,SUP471,2026-07-20,661.32,785211.69
PO00944,MAT1049,SUP268,2025-04-13,896.37,3375066.11
PO00945,MAT1684,SUP049,2025-02-11,318.77,1002091.75
PO00946,MAT0804,SUP143,2026-03-07,102.04,373832.72
PO00947,MAT1798,SUP114,2025-12-08,276.36,784729.75
PO00948,MAT1225,SUP255,2025-02-23,145.52,224343.82
PO00949,MAT0212,SUP014,2025-04-07,949.49,4479437.46
PO00950,MAT0281,SUP262,2025-01-05,115.76,37554.86
PO00951,MAT1899,SUP070,2026-05-04,52.1,2696.18
PO00952,MAT1643,SUP337,2026-01-05,411.93,1810658.91
PO00953,MAT1883,SUP192,2025-04-20,271.64,792610.21
PO00954,MAT1393,SUP206,2026-07-29,896.07,3846066.85
PO00955,MAT0863,SUP236,2025-09-11,91.19,57176.13
PO00956,MAT0937,SUP206,2025-06-22,193.28,610778.33
PO00957,MAT0830,SUP234,2026-08-06,703.69,2190038.09
PO00958,MAT0235,SUP488,2025-04-17,634.53,1553843.41
PO00959,MAT0805,SUP297,2025-01-18,475.61,2123370.36
PO00960,MAT1738,SUP202,2025-05-10,177.68,71907.1
PO00961,MAT0168,SUP371,2026-06-06,246.2,75118.08
PO00962,MAT0004,SUP416,2026-02-22,15.23,42705.53
PO00963,MAT1111,SUP369,2026-06-20,876.32,1517873.87
PO00964,MAT1549,SUP348,2026-08-14,796.71,929131.17
PO00965,MAT1085,SUP273,2025-07-12,497.73,804033.04
PO00966,MAT0498,SUP497,2025-09-01,68.78,220524.5
PO00967,MAT0456,SUP371,2025-08-05,617.13,106325.33
PO00968,MAT1724,SUP216,2026-02-02,200.55,342304.76
PO00969,MAT0264,SUP352,2026-06-25,299.78,1291095.5
PO00970,MAT0420,SUP115,2025-05-20,410.48,1327664.72
PO00971,MAT0313,SUP139,2026-02-26,911.64,163192.68
PO00972,MAT0443,SUP262,2025-10-22,276.67,962819.9
PO00973,MAT0375,SUP134,2025-05-08,709.84,697332.62
PO00974,MAT1847,SUP295,2025-09-19,651.85,2079499.28
PO00975,MAT0164,SUP210,2026-05-25,11.44,17554.11
PO00976,MAT0917,SUP123,2025-04-28,411.49,326027.64
PO00977,MAT1900,SUP473,2025-07-15,749.32,2240639.14
PO00978,MAT1937,SUP183,2025-05-12,580.85,2783752.67
PO00979,MAT1102,SUP301,2026-08-18,128.78,42976.46
PO00980,MAT0211,SUP419,2025-09-12,141.12,262035.85
PO00981,MAT1653,SUP310,2025-02-11,238.55,35448.53
PO00982,MAT0335,SUP305,2025-09-13,747.43,3342110.82
PO00983,MAT1431,SUP402,2025-03-15,687.23,2902172.29
PO00984,MAT1036,SUP074,2025-05-17,965.57,655873.08
PO00985,MAT1328,SUP234,2025-10-11,959.81,3410569.66
PO00986,MAT0197,SUP152,2026-08-12,12.79,45786.79
PO00987,MAT0623,SUP102,2025-08-04,720.06,1445038.01
PO00988,MAT1666,SUP488,2025-01-15,419.22,1603671.61
PO00989,MAT0201,SUP014,2025-12-16,214.27,386088.83
PO00990,MAT0352,SUP403,2025-05-28,155.52,460105.92
PO00991,MAT1447,SUP382,2025-05-07,870.11,1921646.64
PO00992,MAT0904,SUP354,2025-11-29,977.48,1674462.34
PO00993,MAT0745,SUP496,2026-01-23,662.93,1987424.36
PO00994,MAT1587,SUP369,2025-10-09,448.98,1731540.76
PO00995,MAT1515,SUP289,2025-07-26,859.18,2930379.45
PO00996,MAT0040,SUP417,2025-05-30,214.71,722945.75
PO00997,MAT1685,SUP326,2025-12-28,196.12,867350.51
PO00998,MAT0147,SUP438,2025-09-06,495.01,1107391.82
PO00999,MAT0786,SUP356,2025-10-08,443.08,1540664.48
PO01000,MAT1799,SUP325,2025-09-16,13.03,31306.66
PO01001,MAT0077,SUP188,2026-04-20,167.02,268269.19
PO01002,MAT0149,SUP213,2025-03-03,750.84,2133406.74
PO01003,MAT1745,SUP336,2026-06-21,296.18,1192885.68
PO01004,MAT0956,SUP222,2026-02-28,119.31,159757.28
PO01005,MAT1163,SUP052,2025-10-22,149.29,224833.73
PO01006,MAT1942,SUP333,2025-10-14,185.29,830918.18
PO01007,MAT0943,SUP135,2025-01-15,478.5,141841.76
PO01008,MAT1530,SUP475,2026-06-27,74.64,114544.04
PO01009,MAT0475,SUP079,2026-04-11,354.36,1012041.53
PO01010,MAT1336,SUP446,2025-08-18,454.85,1263050.22
PO01011,MAT1570,SUP212,2025-10-10,841.07,2407007.77
PO01012,MAT0271,SUP350,2026-02-04,276.94,1059431.2
PO01013,MAT0404,SUP121,2026-05-07,228.36,25829.8
PO01014,MAT1094,SUP317,2025-05-17,26.97,32469.18
PO01015,MAT1955,SUP494,2025-08-29,648.77,72830.92
PO01016,MAT1485,SUP051,2026-01-29,226.68,739130.94
PO01017,MAT1507,SUP497,2026-07-19,514.6,1296632.47
PO01018,MAT0537,SUP270,2025-05-29,118.73,287051.15
PO01019,MAT1597,SUP284,2026-01-15,526.81,184920.85
PO01020,MAT1449,SUP407,2025-04-12,279.09,1331571.88
PO01021,MAT0085,SUP159,2026-06-13,801.47,4005747.06
PO01022,MAT0457,SUP023,2026-02-18,30.1,135344.35
PO01023,MAT1607,SUP409,2026-08-04,957.58,2925550.54
PO01024,MAT0514,SUP229,2025-04-20,248.81,135944.81
PO01025,MAT1005,SUP183,2025-10-17,259.58,237474.17
PO01026,MAT0275,SUP301,2025-09-08,760.16,1205112.05
PO01027,MAT1124,SUP218,2026-07-24,857.29,2467520.66
PO01028,MAT1812,SUP381,2026-08-12,801.0,2947696.02
PO01029,MAT1148,SUP381,2026-06-27,922.61,1822625.28
PO01030,MAT0170,SUP446,2026-05-24,977.68,1516166.59
PO01031,MAT0916,SUP422,2025-01-04,157.61,511903.1
PO01032,MAT0317,SUP015,2025-01-21,334.1,1583774.32
PO01033,MAT0403,SUP152,2026-07-22,425.53,104280.38
PO01034,MAT0215,SUP246,2025-12-16,11.45,23289.19
PO01035,MAT1345,SUP278,2025-07-18,195.5,834974.64
PO01036,MAT1609,SUP410,2025-11-10,723.67,863273.18
PO01037,MAT0968,SUP426,2026-03-12,258.66,594289.46
PO01038,MAT1609,SUP410,2025-10-06,590.33,704210.56
PO01039,MAT1799,SUP325,2026-02-16,673.14,1617326.55
PO01040,MAT1091,SUP499,2026-08-02,568.38,2607579.66
PO01041,MAT1667,SUP500,2025-04-09,386.12,778757.71
PO01042,MAT0855,SUP499,2025-07-20,891.35,1691202.92
PO01043,MAT1377,SUP040,2025-11-29,55.35,168030.98
PO01044,MAT0627,SUP075,2025-12-11,363.31,98871.18
PO01045,MAT0800,SUP500,2025-09-04,537.16,564522.93
PO01046,MAT1209,SUP376,2026-05-20,235.3,210508.79
PO01047,MAT1041,SUP480,2026-07-30,26.27,116923.3
PO01048,MAT0122,SUP483,2025-03-20,112.16,433757.49
PO01049,MAT1570,SUP212,2025-05-21,238.99,683951.14
PO01050,MAT0032,SUP298,2025-02-14,212.91,1016315.24
PO01051,MAT1346,SUP389,2026-02-27,539.63,2410705.29
PO01052,MAT0466,SUP113,2025-03-16,111.59,418064.12
PO01053,MAT0516,SUP475,2026-07-16,446.87,985401.97
PO01054,MAT0996,SUP263,2025-05-19,228.52,831090.68
PO01055,MAT1390,SUP083,2025-08-08,226.29,325083.69
PO01056,MAT0738,SUP464,2025-04-10,46.25,133714.76
PO01057,MAT0566,SUP393,2025-01-12,919.02,3676015.67
PO01058,MAT0585,SUP352,2026-02-23,129.07,222670.27
PO01059,MAT0619,SUP258,2025-10-15,646.59,522658.09
PO01060,MAT0503,SUP311,2026-04-06,894.17,830004.36
PO01061,MAT0759,SUP355,2025-04-06,347.41,459908.31
PO01062,MAT1602,SUP483,2025-08-31,615.66,1926086.15
PO01063,MAT0316,SUP479,2025-04-06,807.36,744143.71
PO01064,MAT1868,SUP266,2026-07-04,748.95,557286.21
PO01065,MAT1883,SUP192,2025-09-04,53.73,156777.16
PO01066,MAT1290,SUP088,2025-10-11,545.66,2646538.31
PO01067,MAT0581,SUP185,2025-01-07,926.97,4009247.22
PO01068,MAT0113,SUP154,2026-05-17,818.89,3347589.56
PO01069,MAT0789,SUP003,2025-08-10,797.77,970415.41
PO01070,MAT1077,SUP019,2025-12-05,109.09,271585.01
PO01071,MAT1451,SUP103,2026-05-31,587.05,1054887.76
PO01072,MAT1221,SUP002,2026-08-13,284.89,37696.64
PO01073,MAT1979,SUP482,2026-03-14,699.42,1451688.18
PO01074,MAT1757,SUP177,2026-01-01,755.79,2615418.85
PO01075,MAT1745,SUP336,2026-07-24,698.98,2815190.88
PO01076,MAT0030,SUP260,2025-01-28,741.51,1176420.45
PO01077,MAT1549,SUP348,2026-08-09,31.15,36327.44
PO01078,MAT1398,SUP179,2025-10-09,200.62,475272.79
PO01079,MAT1641,SUP252,2025-06-10,241.88,743909.2
PO01080,MAT0989,SUP070,2025-02-16,735.12,731054.79
PO01081,MAT1832,SUP339,2025-07-20,829.0,1251159.96
PO01082,MAT0412,SUP483,2025-07-22,141.3,79605.59
PO01083,MAT1923,SUP425,2026-04-17,70.66,38964.04
PO01084,MAT1814,SUP275,2026-04-06,233.37,380008.04
PO01085,MAT1569,SUP224,2025-05-18,41.18,50607.75
PO01086,MAT1449,SUP407,2025-07-29,372.98,1779532.34
PO01087,MAT1175,SUP211,2025-11-03,836.4,3219596.34
PO01088,MAT0178,SUP376,2026-03-19,162.39,144181.21
PO01089,MAT0440,SUP344,2025-03-06,835.28,868290.27
PO01090,MAT1523,SUP207,2025-06-12,478.99,1121267.69
PO01091,MAT0846,SUP072,2025-01-08,179.66,540737.07
PO01092,MAT0488,SUP452,2025-02-05,537.7,133096.88
PO01093,MAT1337,SUP105,2026-03-07,117.44,371992.37
PO01094,MAT0870,SUP472,2025-06-11,219.67,234330.78
PO01095,MAT1266,SUP491,2025-06-07,420.9,1275583.75
PO01096,MAT0898,SUP415,2026-03-22,236.96,43399.22
PO01097,MAT0793,SUP129,2025-06-20,273.48,848679.54
PO01098,MAT1703,SUP089,2026-06-17,716.59,2695940.57
PO01099,MAT0878,SUP370,2026-06-28,950.47,434488.35
PO01100,MAT0522,SUP008,2026-08-23,984.56,4528907.08
PO01101,MAT1886,SUP208,2026-04-09,165.82,823107.27
PO01102,MAT0567,SUP192,2026-06-30,663.91,1386303.83
PO01103,MAT0452,SUP179,2025-08-09,954.08,4219714.56
PO01104,MAT1558,SUP478,2026-03-12,180.41,455576.74
PO01105,MAT0717,SUP429,2026-04-01,286.38,176381.44
PO01106,MAT0101,SUP479,2025-09-24,610.22,2208746.21
PO01107,MAT0434,SUP312,2025-01-21,204.31,286912.53
PO01108,MAT1830,SUP289,2025-10-30,381.77,1460400.05
PO01109,MAT1533,SUP246,2026-07-03,470.22,697228.11
PO01110,MAT1701,SUP140,2025-04-04,875.98,2850202.41
PO01111,MAT0014,SUP339,2025-04-29,798.64,1959886.52
PO01112,MAT0674,SUP384,2025-05-10,901.82,1652972.93
PO01113,MAT0692,SUP140,2025-08-24,739.63,354763.53
PO01114,MAT1952,SUP047,2026-07-01,950.07,1272618.77
PO01115,MAT1366,SUP340,2025-04-26,564.46,234341.21
PO01116,MAT0531,SUP112,2026-02-09,910.24,1257887.96
PO01117,MAT1661,SUP008,2026-08-18,715.32,2177519.92
PO01118,MAT1337,SUP105,2025-05-19,62.3,197335.87
PO01119,MAT1310,SUP316,2025-07-04,543.64,271890.67
PO01120,MAT0735,SUP073,2025-08-26,800.95,3939648.78
PO01121,MAT0510,SUP186,2025-09-04,908.92,741815.06
PO01122,MAT0784,SUP406,2026-06-05,859.72,1643655.68
PO01123,MAT1314,SUP027,2026-07-11,885.58,973509.24
PO01124,MAT1137,SUP437,2025-09-05,543.61,108189.26
PO01125,MAT1959,SUP016,2025-03-27,345.72,83640.04
PO01126,MAT0475,SUP079,2026-07-05,102.6,293022.52
PO01127,MAT0427,SUP024,2025-09-25,338.76,842662.11
PO01128,MAT0721,SUP273,2025-05-20,829.83,1643403.63
PO01129,MAT0364,SUP471,2025-02-15,433.44,1533484.71
PO01130,MAT1205,SUP257,2025-07-30,148.32,490866.52
PO01131,MAT1697,SUP092,2025-08-14,701.79,3043936.93
PO01132,MAT1531,SUP134,2025-04-02,522.78,1789235.46
PO01133,MAT1471,SUP299,2026-03-29,80.72,51944.13
PO01134,MAT0039,SUP496,2026-07-14,89.36,61507.38
PO01135,MAT1127,SUP222,2025-11-26,466.29,871579.94
PO01136,MAT0951,SUP377,2025-10-10,992.82,1308854.46
PO01137,MAT0827,SUP341,2025-12-12,39.66,167263.67
PO01138,MAT0911,SUP264,2025-01-12,782.25,2639483.59
PO01139,MAT0878,SUP370,2025-01-25,864.26,395079.17
PO01140,MAT0673,SUP056,2025-02-01,92.8,461122.27
PO01141,MAT1097,SUP053,2025-06-18,759.98,2276991.28
PO01142,MAT1056,SUP153,2026-08-23,90.25,48624.9
PO01143,MAT1666,SUP488,2025-07-14,485.97,1859015.06
PO01144,MAT0974,SUP068,2025-04-11,444.59,1486855.67
PO01145,MAT0968,SUP426,2026-07-06,651.07,1495878.9
PO01146,MAT0032,SUP298,2025-02-28,789.59,3769068.39
PO01147,MAT0841,SUP101,2025-01-27,722.03,334855.85
PO01148,MAT0737,SUP028,2025-12-28,319.72,862735.65
PO01149,MAT1201,SUP018,2025-04-28,796.74,2528231.3
PO01150,MAT1803,SUP461,2026-06-01,649.15,3157076.11
PO01151,MAT1756,SUP274,2025-10-27,268.2,180758.75
PO01152,MAT1760,SUP095,2025-03-29,550.32,1993198.5
PO01153,MAT0962,SUP364,2025-06-01,604.34,1481684.55
PO01154,MAT1679,SUP456,2026-08-14,544.61,1547160.76
PO01155,MAT0864,SUP160,2025-10-22,496.23,366277.29
PO01156,MAT0771,SUP357,2025-03-20,159.07,713823.44
PO01157,MAT0522,SUP008,2025-10-23,506.4,2329404.55
PO01158,MAT0695,SUP175,2025-02-13,320.97,1179750.91
PO01159,MAT0709,SUP351,2026-04-26,49.98,118912.42
PO01160,MAT1506,SUP063,2026-03-22,472.64,1884368.42
PO01161,MAT1900,SUP473,2025-02-15,603.22,1803766.54
PO01162,MAT0954,SUP496,2025-01-03,665.42,168730.55
PO01163,MAT1187,SUP325,2025-09-09,384.12,1803235.98
PO01164,MAT1004,SUP156,2025-12-16,97.8,106278.28
PO01165,MAT0618,SUP028,2026-06-13,282.33,746960.48
PO01166,MAT1737,SUP391,2025-06-03,411.13,834355.44
PO01167,MAT0687,SUP247,2026-07-31,131.71,415497.63
PO01168,MAT0922,SUP483,2026-02-27,157.78,192239.15
PO01169,MAT1394,SUP433,2025-10-03,516.57,2460226.61
PO01170,MAT1785,SUP235,2025-11-26,375.87,1364088.61
PO01171,MAT1940,SUP138,2025-02-20,372.55,1561446.46
PO01172,MAT1005,SUP183,2025-06-24,787.29,720244.38
PO01173,MAT1784,SUP012,2026-01-20,732.3,3239248.5
PO01174,MAT1699,SUP478,2026-07-20,717.15,731055.54
PO01175,MAT1466,SUP481,2026-04-27,62.51,34916.84
PO01176,MAT0918,SUP249,2025-08-01,247.99,1229261.63
PO01177,MAT1259,SUP442,2026-07-26,465.42,1624930.15
PO01178,MAT0775,SUP414,2025-12-30,788.66,1828847.33
PO01179,MAT1559,SUP358,2025-01-18,774.64,2273351.5
PO01180,MAT1988,SUP393,2026-06-23,192.92,743575.41
PO01181,MAT1915,SUP495,2025-03-08,70.1,128666.45
PO01182,MAT1517,SUP153,2025-02-18,928.86,4309204.47
PO01183,MAT1276,SUP271,2026-02-06,260.29,915505.0
PO01184,MAT0666,SUP158,2026-06-26,133.02,487425.19
PO01185,MAT0839,SUP013,2026-07-24,916.08,2846013.22
PO01186,MAT0934,SUP475,2025-01-06,268.99,968649.13
PO01187,MAT1060,SUP468,2025-09-22,962.53,1330543.72
PO01188,MAT1673,SUP407,2025-07-01,552.0,1518364.32
PO01189,MAT0088,SUP222,2026-05-01,503.46,2294785.78
PO01190,MAT0876,SUP218,2025-09-12,520.51,1351004.53
PO01191,MAT0968,SUP426,2026-01-23,721.0,1656547.97
PO01192,MAT1981,SUP022,2025-07-12,533.04,366731.52
PO01193,MAT1893,SUP420,2025-03-07,405.71,411653.65
PO01194,MAT1108,SUP095,2025-09-06,163.31,301460.46
PO01195,MAT0490,SUP335,2025-03-09,150.09,391356.67
PO01196,MAT0860,SUP274,2026-02-14,622.88,1115310.24
PO01197,MAT1200,SUP357,2025-10-30,728.73,2384397.27
PO01198,MAT0254,SUP458,2026-06-19,575.71,159713.47
PO01199,MAT0627,SUP075,2025-11-11,413.56,112546.22
PO01200,MAT1208,SUP418,2025-06-12,30.5,1763.21
PO01201,MAT0626,SUP305,2026-03-06,758.91,2929331.89
PO01202,MAT1799,SUP325,2025-05-14,374.57,899964.36
PO01203,MAT0994,SUP171,2026-06-26,436.58,243690.22
PO01204,MAT0515,SUP315,2025-04-17,316.49,267639.77
PO01205,MAT1746,SUP295,2025-09-15,91.35,178201.01
PO01206,MAT0836,SUP497,2025-02-11,823.82,4019607.26
PO01207,MAT1964,SUP184,2025-10-26,946.0,4339510.12
PO01208,MAT0714,SUP303,2026-02-04,165.11,203242.15
PO01209,MAT0189,SUP471,2026-01-18,760.08,902473.39
PO01210,MAT0023,SUP125,2025-02-13,194.72,577327.28
PO01211,MAT0896,SUP029,2025-08-23,723.91,980022.12
PO01212,MAT1714,SUP042,2026-01-13,346.53,545271.89
PO01213,MAT1833,SUP405,2025-07-11,300.89,500121.3
PO01214,MAT0641,SUP374,2025-01-24,671.98,1765661.05
PO01215,MAT0725,SUP441,2026-04-27,383.5,1662514.68
PO01216,MAT0502,SUP194,2026-02-26,794.17,559461.0
PO01217,MAT0169,SUP097,2025-10-25,517.85,1882545.28
PO01218,MAT0508,SUP449,2026-06-28,510.16,1057459.65
PO01219,MAT0070,SUP309,2025-01-24,774.32,2129457.43
PO01220,MAT1167,SUP027,2025-04-22,374.69,27389.84
PO01221,MAT1274,SUP051,2026-07-24,700.43,3431021.33
PO01222,MAT1798,SUP114,2026-06-16,186.67,530053.2
PO01223,MAT1035,SUP300,2025-10-10,338.24,1082530.36
PO01224,MAT1542,SUP358,2025-05-18,471.03,1396519.16
PO01225,MAT0865,SUP364,2025-03-05,676.94,130216.18
PO01226,MAT0992,SUP463,2025-12-15,47.17,174857.77
PO01227,MAT1962,SUP426,2025-02-28,993.19,3904339.14
PO01228,MAT0515,SUP315,2025-10-26,246.43,208393.53
PO01229,MAT0498,SUP497,2025-08-10,216.85,695270.98
PO01230,MAT1286,SUP351,2025-12-30,202.39,709279.8
PO01231,MAT0780,SUP167,2026-06-23,265.14,1294007.82
PO01232,MAT0443,SUP262,2025-11-19,884.65,3078608.54
PO01233,MAT1931,SUP281,2025-05-06,400.77,1344274.76
PO01234,MAT1194,SUP373,2025-08-16,808.64,1070307.82
PO01235,MAT0557,SUP028,2025-04-15,99.16,383364.46
PO01236,MAT1347,SUP080,2026-04-11,530.95,173397.65
PO01237,MAT1102,SUP301,2025-05-07,548.93,183188.92
PO01238,MAT0820,SUP364,2025-07-23,248.69,847443.5
PO01239,MAT0529,SUP265,2025-04-04,634.56,62269.37
PO01240,MAT0779,SUP305,2025-07-22,497.66,568243.12
PO01241,MAT1847,SUP295,2025-05-18,410.94,1310960.24
PO01242,MAT1090,SUP398,2025-11-27,999.45,3115135.73
PO01243,MAT0107,SUP198,2025-02-10,883.56,2013854.13
PO01244,MAT1835,SUP167,2025-02-05,726.13,3420362.75
PO01245,MAT1124,SUP218,2025-03-27,918.95,2644995.41
PO01246,MAT1051,SUP414,2026-06-02,501.7,1532156.68
PO01247,MAT1679,SUP456,2025-12-02,991.51,2816741.1
PO01248,MAT1357,SUP219,2025-04-08,467.1,357849.98
PO01249,MAT1651,SUP174,2026-05-28,859.79,1356000.6
PO01250,MAT0871,SUP047,2026-07-20,723.08,3063697.19
PO01251,MAT0281,SUP262,2026-06-22,892.91,289677.86
PO01252,MAT1507,SUP497,2025-01-11,912.4,2298965.16
PO01253,MAT1045,SUP444,2025-08-02,822.15,404588.24
PO01254,MAT0967,SUP476,2025-01-31,590.23,2474858.0
PO01255,MAT0751,SUP313,2025-12-09,780.85,1333762.08
PO01256,MAT1591,SUP158,2025-04-25,554.24,1840542.36
PO01257,MAT0069,SUP474,2026-06-21,925.08,1267609.37
PO01258,MAT1548,SUP069,2025-09-08,691.51,1939353.63
PO01259,MAT0805,SUP297,2025-12-08,477.55,2132031.53
PO01260,MAT1824,SUP158,2026-05-25,271.25,423597.56
PO01261,MAT0945,SUP223,2025-10-18,824.81,3418771.47
PO01262,MAT0851,SUP287,2025-05-03,960.76,1115807.45
PO01263,MAT1714,SUP042,2026-03-02,917.51,1443720.34
PO01264,MAT1821,SUP004,2025-08-07,397.84,1779208.11
PO01265,MAT1327,SUP095,2025-12-21,142.59,120063.63
PO01266,MAT0607,SUP423,2025-03-01,85.49,261740.46
PO01267,MAT1031,SUP378,2025-03-14,810.43,462650.17
PO01268,MAT0422,SUP255,2026-06-23,642.9,358789.63
PO01269,MAT1616,SUP446,2026-08-12,293.97,1228089.07
PO01270,MAT1724,SUP216,2026-07-07,299.32,510888.36
PO01271,MAT0634,SUP339,2025-08-25,403.03,1342799.23
PO01272,MAT0060,SUP489,2026-05-04,349.52,958806.76
PO01273,MAT1064,SUP001,2025-01-28,590.69,2759030.29
PO01274,MAT1474,SUP393,2026-02-22,202.76,724124.9
PO01275,MAT1175,SUP211,2025-06-11,942.18,3626780.58
PO01276,MAT1220,SUP232,2026-06-02,156.4,539051.37
PO01277,MAT1989,SUP175,2025-09-03,456.78,2107176.39
PO01278,MAT1448,SUP102,2025-12-10,344.32,1656613.04
PO01279,MAT0729,SUP337,2025-03-20,101.3,493951.97
PO01280,MAT1392,SUP482,2025-02-07,698.46,3394389.88
PO01281,MAT0659,SUP151,2025-10-29,138.75,638140.39
PO01282,MAT1027,SUP057,2026-07-03,413.18,1741900.77
PO01283,MAT1915,SUP495,2025-02-13,831.29,1525807.86
PO01284,MAT1202,SUP234,2025-01-22,780.24,1021123.5
PO01285,MAT1679,SUP456,2025-12-12,245.27,696777.73
PO01286,MAT1279,SUP005,2026-02-09,434.38,1555275.87
PO01287,MAT1590,SUP141,2025-02-17,524.15,723484.24
PO01288,MAT0335,SUP305,2025-04-09,125.35,560498.76
PO01289,MAT1453,SUP016,2025-05-12,432.25,406544.09
PO01290,MAT0435,SUP071,2025-01-19,939.46,2848912.45
PO01291,MAT1484,SUP258,2025-07-17,876.08,2246479.38
PO01292,MAT1812,SUP381,2025-02-26,525.05,1932194.5
PO01293,MAT1907,SUP196,2025-07-28,367.71,223769.92
PO01294,MAT0297,SUP140,2026-02-12,885.69,371724.09
PO01295,MAT0808,SUP043,2025-04-01,819.99,3097709.02
PO01296,MAT1140,SUP012,2025-01-28,392.42,1545161.6
PO01297,MAT0401,SUP262,2026-04-12,81.95,51857.14
PO01298,MAT1659,SUP324,2025-08-06,108.95,23663.94
PO01299,MAT0837,SUP497,2025-06-29,769.92,2580071.21
PO01300,MAT0982,SUP300,2025-09-18,898.52,3463614.9
PO01301,MAT1795,SUP050,2025-12-31,61.53,198623.76
PO01302,MAT0415,SUP134,2026-03-17,513.99,57145.41
PO01303,MAT0154,SUP092,2025-07-07,441.88,881833.4
PO01304,MAT1993,SUP281,2025-04-22,490.53,162232.99
PO01305,MAT0897,SUP165,2026-05-12,430.23,81455.45
PO01306,MAT1771,SUP107,2026-07-29,647.71,1216075.53
PO01307,MAT0049,SUP448,2025-05-27,624.97,1746778.65
PO01308,MAT1073,SUP345,2026-06-22,833.08,1497311.35
PO01309,MAT1393,SUP206,2025-10-25,752.17,3228426.47
PO01310,MAT1635,SUP260,2025-02-11,124.67,176623.73
PO01311,MAT1020,SUP499,2025-11-08,897.4,1907477.54
PO01312,MAT0741,SUP014,2025-01-06,795.87,1949531.32
PO01313,MAT0139,SUP004,2026-04-04,782.44,1524733.0
PO01314,MAT0881,SUP007,2025-12-17,305.46,1031498.71
PO01315,MAT0577,SUP099,2026-05-04,864.21,3539276.99
PO01316,MAT0415,SUP134,2026-07-18,739.29,82194.26
PO01317,MAT0733,SUP138,2026-06-26,145.13,672893.79
PO01318,MAT1050,SUP093,2025-02-17,219.84,310207.43
PO01319,MAT0187,SUP194,2026-01-19,618.36,1487916.38
PO01320,MAT0805,SUP297,2025-05-08,62.87,280684.37
PO01321,MAT0760,SUP199,2026-01-15,457.02,2275955.03
PO01322,MAT1834,SUP258,2025-01-19,609.63,2614825.0
PO01323,MAT1164,SUP344,2025-02-18,512.33,1743484.61
PO01324,MAT0680,SUP374,2026-08-02,585.04,1455521.02
PO01325,MAT1520,SUP237,2025-03-08,805.25,3677705.59
PO01326,MAT1334,SUP321,2025-10-20,578.35,2387694.84
PO01327,MAT0896,SUP029,2025-01-17,717.51,971357.86
PO01328,MAT1328,SUP234,2026-04-09,991.98,3524881.89
PO01329,MAT0207,SUP486,2026-08-20,809.25,1371257.94
PO01330,MAT1647,SUP357,2026-02-17,758.66,2684783.94
PO01331,MAT0023,SUP125,2026-08-10,627.54,1860599.62
PO01332,MAT1187,SUP325,2026-03-07,768.96,3609851.96
PO01333,MAT0517,SUP041,2026-08-10,809.99,191878.53
PO01334,MAT0641,SUP374,2025-10-31,831.98,2186069.05
PO01335,MAT1981,SUP022,2026-04-13,98.76,67946.88
PO01336,MAT1594,SUP226,2026-06-19,302.59,401576.27
PO01337,MAT1957,SUP256,2026-07-03,785.7,2120847.87
PO01338,MAT1647,SUP357,2026-08-17,390.26,1381071.6
PO01339,MAT0823,SUP058,2026-08-06,255.72,641046.57
PO01340,MAT0755,SUP129,2025-12-05,569.69,124482.96
PO01341,MAT1023,SUP455,2025-10-29,31.06,120768.42
PO01342,MAT0341,SUP158,2026-05-28,888.47,2115606.99
PO01343,MAT1719,SUP276,2026-08-07,622.6,680364.83
PO01344,MAT0681,SUP100,2025-07-19,953.76,605761.59
PO01345,MAT1674,SUP363,2025-07-14,117.27,304483.35
PO01346,MAT0320,SUP104,2025-08-17,301.49,523615.77
PO01347,MAT1600,SUP191,2025-05-25,778.51,314050.93
PO01348,MAT1455,SUP063,2026-03-17,410.17,667354.79
PO01349,MAT0962,SUP364,2026-07-28,961.02,2356171.17
PO01350,MAT1211,SUP103,2025-02-26,413.74,1556522.98
PO01351,MAT1899,SUP070,2025-01-24,990.12,51238.71
PO01352,MAT1217,SUP419,2026-04-30,163.45,769507.89
PO01353,MAT0802,SUP113,2025-05-01,462.61,1405409.18
PO01354,MAT1319,SUP301,2026-03-04,972.62,977473.37
PO01355,MAT0518,SUP030,2025-02-01,645.52,2078212.91
PO01356,MAT1448,SUP102,2025-06-28,751.78,3617009.04
PO01357,MAT1724,SUP216,2025-11-13,566.04,966134.05
PO01358,MAT0549,SUP011,2025-08-22,524.79,341181.72
PO01359,MAT1757,SUP177,2025-08-14,332.52,1150688.79
PO01360,MAT0333,SUP038,2026-01-06,653.69,986941.16
PO01361,MAT0267,SUP435,2026-06-17,147.14,156992.49
PO01362,MAT0328,SUP170,2026-07-29,759.44,932653.08
PO01363,MAT1851,SUP271,2025-10-19,829.73,3694389.42
PO01364,MAT1677,SUP088,2025-12-19,960.42,2364179.48
PO01365,MAT0524,SUP003,2025-05-01,981.78,899722.83
PO01366,MAT0347,SUP203,2026-08-03,613.91,1556507.41
PO01367,MAT1392,SUP482,2025-12-16,39.64,192643.26
PO01368,MAT1826,SUP393,2025-05-31,412.17,1623855.0
PO01369,MAT0050,SUP043,2026-01-03,549.06,768859.7
PO01370,MAT1960,SUP056,2025-05-31,439.8,1508958.2
PO01371,MAT0054,SUP147,2025-09-30,102.56,358504.63
PO01372,MAT0141,SUP239,2026-07-18,388.61,326665.57
PO01373,MAT0930,SUP328,2026-01-23,351.27,1587961.7
PO01374,MAT0458,SUP086,2025-03-16,924.23,2485596.44
PO01375,MAT1415,SUP417,2025-08-10,24.78,3225.12
PO01376,MAT0723,SUP299,2026-05-09,810.65,2494272.77
PO01377,MAT0582,SUP167,2025-04-11,675.29,593194.99
PO01378,MAT1101,SUP241,2025-05-30,768.83,2334536.92
PO01379,MAT0405,SUP487,2026-06-26,320.56,1252956.84
PO01380,MAT0217,SUP086,2025-12-11,980.67,264065.01
PO01381,MAT1186,SUP227,2025-05-04,259.41,95942.79
PO01382,MAT0065,SUP023,2025-07-16,779.45,3456595.74
PO01383,MAT0600,SUP407,2026-02-13,546.05,2253564.73
PO01384,MAT0119,SUP266,2025-09-04,591.74,1672488.02
PO01385,MAT1763,SUP257,2025-11-15,851.27,2590312.46
PO01386,MAT0358,SUP173,2025-10-06,629.78,1000846.38
PO01387,MAT0888,SUP498,2025-02-11,856.09,1664264.64
PO01388,MAT0785,SUP004,2025-06-18,483.63,453688.47
PO01389,MAT0262,SUP397,2025-08-18,10.97,35387.03
PO01390,MAT1366,SUP340,2026-06-11,439.91,182633.04
PO01391,MAT1772,SUP016,2026-02-05,908.27,2854756.19
PO01392,MAT1992,SUP432,2026-02-03,71.98,217971.28
PO01393,MAT0623,SUP102,2025-02-26,125.62,252097.98
PO01394,MAT1448,SUP102,2026-02-01,508.86,2448257.76
PO01395,MAT1142,SUP486,2025-03-18,90.4,33028.54
PO01396,MAT1569,SUP224,2025-07-17,816.17,1003023.96
PO01397,MAT0312,SUP401,2025-12-09,825.32,2000938.82
PO01398,MAT0428,SUP101,2025-01-27,57.44,37203.31
PO01399,MAT0508,SUP449,2025-03-09,381.44,790648.83
PO01400,MAT1149,SUP222,2025-02-27,615.95,514915.72
PO01401,MAT1894,SUP270,2025-10-13,89.3,349224.62
PO01402,MAT0398,SUP025,2025-03-16,859.26,1815650.75
PO01403,MAT1098,SUP065,2025-11-26,63.78,84101.58
PO01404,MAT1137,SUP437,2026-02-22,775.92,154423.6
PO01405,MAT1142,SUP486,2026-06-19,203.94,74511.52
PO01406,MAT0467,SUP347,2026-08-20,949.93,4549300.26
PO01407,MAT1175,SUP211,2026-02-26,630.71,2427823.54
PO01408,MAT0064,SUP416,2025-02-21,732.68,265486.6
PO01409,MAT0533,SUP429,2025-08-14,641.13,1161945.54
PO01410,MAT0334,SUP176,2025-10-04,26.65,118466.18
PO01411,MAT0242,SUP442,2026-05-23,446.24,992170.02
PO01412,MAT0071,SUP339,2025-10-16,396.83,621892.13
PO01413,MAT0663,SUP362,2025-03-01,717.17,2286811.29
PO01414,MAT1999,SUP326,2026-04-05,886.58,2147021.92
PO01415,MAT0409,SUP458,2026-02-17,765.34,3656557.26
PO01416,MAT0794,SUP474,2026-02-26,674.68,621137.4
PO01417,MAT0427,SUP024,2025-05-21,351.1,873357.74
PO01418,MAT0042,SUP099,2026-07-23,800.68,4003303.92
PO01419,MAT1524,SUP029,2026-05-19,727.74,3025928.37
PO01420,MAT1543,SUP024,2026-05-01,923.6,3941509.18
PO01421,MAT1571,SUP030,2025-02-18,982.16,2181230.04
PO01422,MAT1050,SUP093,2026-08-02,702.29,990973.33
PO01423,MAT1792,SUP367,2025-03-10,771.42,2441451.73
PO01424,MAT1840,SUP046,2025-09-27,32.51,41088.41
PO01425,MAT1855,SUP106,2026-06-21,677.89,643215.93
PO01426,MAT0648,SUP014,2025-09-27,76.49,237416.55
PO01427,MAT1592,SUP009,2025-07-19,206.45,19387.72
PO01428,MAT1798,SUP114,2026-04-10,239.79,680888.5
PO01429,MAT1132,SUP468,2025-05-16,954.65,88056.92
PO01430,MAT0820,SUP364,2025-11-18,364.3,1241399.61
PO01431,MAT0126,SUP383,2025-06-25,210.59,233592.75
PO01432,MAT0811,SUP396,2026-02-15,117.63,514900.62
PO01433,MAT1953,SUP174,2026-07-12,927.9,3499565.57
PO01434,MAT0036,SUP199,2026-04-21,20.53,79730.31
PO01435,MAT1159,SUP023,2025-06-18,681.25,124157.81
PO01436,MAT0695,SUP175,2025-03-22,606.9,2230709.5
PO01437,MAT1280,SUP377,2025-01-01,386.03,120317.83
PO01438,MAT1967,SUP484,2025-08-13,752.83,1544039.27
PO01439,MAT0611,SUP396,2025-09-01,826.92,3803501.23
PO01440,MAT0969,SUP497,2025-11-22,141.03,465125.4
PO01441,MAT0785,SUP004,2026-05-23,550.65,516559.26
PO01442,MAT1835,SUP167,2025-12-20,382.22,1800409.09
PO01443,MAT1678,SUP152,2025-07-14,226.07,498624.51
PO01444,MAT0577,SUP099,2025-03-18,892.49,3655094.62
PO01445,MAT0162,SUP141,2026-07-13,303.76,852274.62
PO01446,MAT0699,SUP456,2025-09-28,596.63,334327.59
PO01447,MAT1484,SUP258,2025-06-22,865.91,2220401.06
PO01448,MAT1508,SUP495,2025-11-27,57.31,179826.74
PO01449,MAT0110,SUP071,2026-02-10,301.08,1213241.0
PO01450,MAT0456,SUP371,2025-02-14,973.35,167698.47
PO01451,MAT1806,SUP106,2025-04-07,436.85,346395.84
PO01452,MAT1526,SUP265,2025-10-19,994.98,2817922.66
PO01453,MAT0013,SUP080,2025-08-31,457.22,1730330.8
PO01454,MAT1536,SUP298,2025-09-14,833.68,182334.15
PO01455,MAT0191,SUP476,2026-02-12,475.69,60655.23
PO01456,MAT0944,SUP046,2025-04-21,928.41,828243.85
PO01457,MAT0889,SUP320,2026-04-20,743.51,2834892.1
PO01458,MAT0426,SUP389,2026-05-27,670.6,40819.42
PO01459,MAT0651,SUP243,2025-06-24,916.02,788455.05
PO01460,MAT0122,SUP483,2025-03-18,23.87,92312.69
PO01461,MAT0747,SUP329,2025-06-15,642.67,2435494.37
PO01462,MAT1224,SUP100,2026-05-19,895.32,3899834.86
PO01463,MAT0283,SUP440,2026-07-04,829.05,1045042.4
PO01464,MAT0416,SUP266,2025-04-15,631.98,2184628.46
PO01465,MAT1475,SUP356,2025-09-25,524.23,221204.09
PO01466,MAT1547,SUP324,2026-03-06,179.9,831422.24
PO01467,MAT0341,SUP158,2026-07-14,346.74,825650.35
PO01468,MAT0592,SUP001,2026-05-19,786.55,1515107.67
PO01469,MAT1115,SUP061,2026-03-25,241.53,1067437.0
PO01470,MAT1683,SUP360,2026-03-13,867.92,899486.25
PO01471,MAT0044,SUP068,2025-08-26,875.99,1677310.61
PO01472,MAT1468,SUP098,2026-07-07,250.6,1024936.46
PO01473,MAT0352,SUP403,2025-04-28,849.6,2513541.6
PO01474,MAT0654,SUP219,2025-07-01,548.08,2133269.86
PO01475,MAT1485,SUP051,2025-11-23,414.34,1351030.15
PO01476,MAT0593,SUP123,2025-12-13,236.62,856320.68
PO01477,MAT0102,SUP240,2026-04-06,960.17,4226111.44
PO01478,MAT0486,SUP113,2025-01-24,497.9,596065.96
PO01479,MAT0673,SUP056,2026-07-12,721.99,3587561.09
PO01480,MAT1653,SUP310,2026-03-15,408.75,60740.25
PO01481,MAT0945,SUP223,2025-05-02,459.04,1902684.08
PO01482,MAT0840,SUP168,2025-03-04,408.63,1250550.82
PO01483,MAT1965,SUP047,2026-05-24,243.59,1111681.43
PO01484,MAT0247,SUP142,2026-02-19,523.09,1842354.37
PO01485,MAT1635,SUP260,2025-05-31,861.5,1220512.9
PO01486,MAT1664,SUP150,2025-01-16,371.44,189679.55
PO01487,MAT0132,SUP214,2025-01-03,382.36,1786737.69
PO01488,MAT1620,SUP467,2025-05-28,93.51,296671.7
PO01489,MAT0583,SUP405,2025-06-25,188.64,17769.89
PO01490,MAT0458,SUP086,2025-12-24,334.61,899890.1
PO01491,MAT1704,SUP015,2025-06-13,95.33,426755.23
PO01492,MAT0571,SUP057,2026-02-07,681.96,2119368.01
PO01493,MAT1452,SUP491,2026-01-10,24.68,32149.9
PO01494,MAT0241,SUP053,2025-12-10,543.68,828383.47
PO01495,MAT1283,SUP209,2026-04-04,937.69,3970151.33
PO01496,MAT0928,SUP451,2025-09-29,410.89,758848.09
PO01497,MAT0854,SUP382,2025-06-03,735.16,2151284.0
PO01498,MAT1832,SUP339,2026-06-20,654.79,988235.26
PO01499,MAT1588,SUP382,2025-06-28,82.03,57648.22
PO01500,MAT1459,SUP102,2026-08-08,147.36,43592.04
PO01501,MAT1985,SUP066,2026-08-05,403.95,2010867.14
PO01502,MAT1935,SUP435,2026-04-13,757.41,2215749.94
PO01503,MAT1196,SUP101,2025-02-10,561.95,2576456.46
PO01504,MAT1885,SUP166,2026-07-02,774.85,2232985.98
PO01505,MAT1635,SUP260,2025-10-02,242.87,344081.22
PO01506,MAT1387,SUP457,2026-07-09,295.92,365046.91
PO01507,MAT0557,SUP028,2026-07-14,869.4,3361204.73
PO01508,MAT1278,SUP283,2025-06-12,135.61,598853.76
PO01509,MAT0111,SUP458,2025-02-08,852.36,632382.93
PO01510,MAT0091,SUP315,2025-02-04,951.89,487815.07
PO01511,MAT1851,SUP271,2025-08-24,665.69,2963998.04
PO01512,MAT1625,SUP166,2026-07-10,438.82,713942.59
PO01513,MAT0236,SUP351,2025-09-14,512.29,1079584.58
PO01514,MAT0552,SUP324,2025-10-26,651.89,1877188.96
PO01515,MAT1394,SUP433,2025-11-02,883.67,4208584.42
PO01516,MAT1171,SUP288,2025-12-12,847.67,2663489.34
PO01517,MAT1236,SUP409,2026-06-09,558.01,1463531.89
PO01518,MAT0323,SUP500,2025-03-09,650.8,2391781.11
PO01519,MAT0836,SUP497,2025-10-18,353.31,1723880.75
PO01520,MAT1540,SUP367,2026-07-13,512.46,731680.14
PO01521,MAT0472,SUP344,2025-02-06,698.33,901474.2
PO01522,MAT0567,SUP192,2026-03-28,100.75,210375.07
PO01523,MAT1908,SUP389,2025-07-03,242.93,282270.08
PO01524,MAT0327,SUP163,2026-07-12,407.64,466107.81
PO01525,MAT0259,SUP116,2026-02-04,482.83,1649303.83
PO01526,MAT1460,SUP216,2026-07-07,771.42,512423.45
PO01527,MAT1718,SUP396,2025-07-11,35.96,81840.64
PO01528,MAT1357,SUP219,2026-04-08,282.15,216157.94
PO01529,MAT1210,SUP250,2025-03-21,963.89,2446294.99
PO01530,MAT0354,SUP445,2025-03-07,722.21,3182541.14
PO01531,MAT0076,SUP486,2026-04-18,499.95,945640.43
PO01532,MAT1066,SUP379,2026-06-29,497.55,1411673.74
PO01533,MAT0053,SUP015,2026-07-09,158.42,737855.41
PO01534,MAT0859,SUP166,2026-08-12,916.17,3795481.59
PO01535,MAT1423,SUP101,2026-06-02,502.25,2388314.27
PO01536,MAT1606,SUP258,2025-06-07,838.67,2658676.15
PO01537,MAT0108,SUP500,2025-05-13,326.92,653781.15
PO01538,MAT1024,SUP172,2026-08-14,204.19,743096.42
PO01539,MAT1193,SUP219,2025-02-09,792.62,3016989.14
PO01540,MAT1243,SUP201,2026-06-29,325.07,695997.62
PO01541,MAT0374,SUP351,2026-06-21,10.65,25928.6
PO01542,MAT1870,SUP215,2025-07-10,685.52,626880.62
PO01543,MAT0080,SUP103,2025-09-01,374.99,270690.28
PO01544,MAT0728,SUP148,2025-10-03,884.19,631904.07
PO01545,MAT0795,SUP459,2026-01-05,758.01,2744716.31
PO01546,MAT1336,SUP446,2026-02-04,387.13,1075001.94
PO01547,MAT1649,SUP396,2025-12-06,688.76,926347.76
PO01548,MAT1799,SUP325,2026-08-06,47.93,115159.49
PO01549,MAT0435,SUP071,2025-05-08,176.24,534447.8
PO01550,MAT1670,SUP073,2026-07-09,184.15,571163.32
PO01551,MAT0451,SUP267,2025-12-17,853.96,3366293.24
PO01552,MAT1263,SUP485,2025-10-02,258.69,1171314.69
PO01553,MAT1262,SUP495,2026-06-21,399.24,359092.43
PO01554,MAT0187,SUP194,2026-02-08,204.15,491231.85
PO01555,MAT1711,SUP239,2025-12-28,828.2,3469097.9
PO01556,MAT1201,SUP018,2025-10-29,193.83,615065.23
PO01557,MAT1198,SUP329,2025-09-10,637.61,256708.16
PO01558,MAT1616,SUP446,2025-05-17,686.69,2868716.14
PO01559,MAT1515,SUP289,2026-08-13,848.28,2893203.15
PO01560,MAT1124,SUP218,2026-02-05,832.01,2394757.74
PO01561,MAT0539,SUP353,2025-08-16,867.63,94146.53
PO01562,MAT0535,SUP318,2025-07-19,550.72,1369684.7
PO01563,MAT1639,SUP417,2026-08-10,935.19,3442555.96
PO01564,MAT1908,SUP389,2025-12-15,410.85,477383.05
PO01565,MAT0789,SUP003,2025-09-24,88.81,108029.37
PO01566,MAT1678,SUP152,2025-12-02,194.74,429522.44
PO01567,MAT1897,SUP483,2025-12-12,725.2,1558367.78
PO01568,MAT1779,SUP474,2026-05-10,186.12,377873.85
PO01569,MAT0835,SUP208,2025-12-18,395.19,1523125.49
PO01570,MAT1110,SUP500,2026-08-13,180.14,186563.79
PO01571,MAT0960,SUP028,2025-08-15,869.65,831863.71
PO01572,MAT0780,SUP167,2025-08-16,349.89,1707627.65
PO01573,MAT1777,SUP143,2026-01-14,111.2,429673.46
PO01574,MAT1849,SUP333,2026-06-01,115.15,434338.89
PO01575,MAT0695,SUP175,2026-02-05,375.54,1380327.31
PO01576,MAT1197,SUP208,2025-01-27,952.11,4479115.81
PO01577,MAT1455,SUP063,2026-05-17,523.75,852151.72
PO01578,MAT1821,SUP004,2026-01-31,950.08,4248919.27
PO01579,MAT0533,SUP429,2026-07-27,331.13,600120.14
PO01580,MAT0654,SUP219,2025-11-25,758.43,2952006.75
PO01581,MAT0362,SUP364,2025-10-22,826.61,1691872.28
PO01582,MAT1556,SUP115,2025-08-18,17.53,80905.33
PO01583,MAT0516,SUP475,2025-11-10,631.85,1393305.07
PO01584,MAT1389,SUP445,2025-05-03,878.97,2214670.39
PO01585,MAT1739,SUP454,2026-06-09,826.09,769825.01
PO01586,MAT0587,SUP286,2025-03-18,927.06,3742865.69
PO01587,MAT0708,SUP291,2025-04-26,914.74,466462.52
PO01588,MAT1304,SUP500,2026-05-11,173.17,640779.22
PO01589,MAT1738,SUP202,2025-07-23,526.33,213005.75
PO01590,MAT0707,SUP183,2025-12-08,586.16,993564.65
PO01591,MAT1209,SUP376,2025-10-03,795.52,711704.01
PO01592,MAT0276,SUP045,2025-03-30,840.18,524381.54
PO01593,MAT0511,SUP217,2025-08-04,400.59,745073.36
PO01594,MAT1369,SUP211,2025-04-01,331.99,746203.96
PO01595,MAT1050,SUP093,2026-04-10,116.45,164317.94
PO01596,MAT1700,SUP301,2025-12-02,210.27,352378.88
PO01597,MAT1376,SUP412,2025-08-10,731.64,2378488.48
PO01598,MAT0736,SUP456,2026-01-10,623.19,303998.31
PO01599,MAT0412,SUP483,2025-08-08,819.36,461611.04
PO01600,MAT0755,SUP129,2026-05-03,730.56,159634.67
PO01601,MAT0502,SUP194,2026-06-22,106.4,74954.54
PO01602,MAT1178,SUP312,2026-03-13,452.85,1028925.01
PO01603,MAT1518,SUP401,2025-11-21,55.33,29070.94
PO01604,MAT0068,SUP459,2025-09-30,953.2,1647348.84
PO01605,MAT0182,SUP004,2025-06-03,700.15,1946865.1
PO01606,MAT1952,SUP047,2025-04-22,290.64,389312.28
PO01607,MAT0364,SUP471,2025-03-31,44.84,158641.23
PO01608,MAT0696,SUP394,2025-12-29,185.55,764389.92
PO01609,MAT1196,SUP101,2026-01-28,619.56,2840589.67
PO01610,MAT1862,SUP482,2025-05-05,699.12,2598055.76
PO01611,MAT0651,SUP243,2026-06-21,478.16,411571.44
PO01612,MAT0197,SUP152,2025-03-03,609.02,2180224.61
PO01613,MAT0234,SUP148,2025-05-15,760.19,742051.87
PO01614,MAT0427,SUP024,2025-01-07,278.97,693935.09
PO01615,MAT1883,SUP192,2025-05-13,-39.0,708050.33
PO01616,MAT1412,SUP135,2026-06-11,531.52,1926930.09
PO01617,MAT0843,SUP076,2025-12-23,408.17,767224.9
PO01618,MAT1141,SUP323,2025-05-21,935.82,4279570.37
PO01619,MAT0713,SUP419,2026-07-25,811.01,1348758.29
PO01620,MAT0007,SUP115,2026-03-15,421.92,752308.68
PO01621,MAT1559,SUP358,2025-11-29,865.39,2539677.34
PO01622,MAT0077,SUP188,2026-08-21,511.38,821383.67
PO01623,MAT0416,SUP266,2026-04-06,543.53,1878874.5
PO01624,MAT1503,SUP100,2025-10-14,305.66,981697.39
PO01625,MAT1020,SUP499,2025-06-21,146.84,312117.23
PO01626,MAT0897,SUP165,2025-12-12,515.11,97525.78
PO01627,MAT0875,SUP358,2025-10-14,545.94,527580.04
PO01628,MAT0838,SUP375,2025-12-14,735.56,3314330.38
PO01629,MAT0287,SUP450,2026-03-09,964.89,4184592.85
PO01630,MAT1503,SUP100,2025-11-21,789.73,2536399.53
PO01631,MAT0304,SUP426,2025-10-22,186.0,129649.44
PO01632,MAT0335,SUP305,2025-05-12,311.5,1392862.9
PO01633,MAT1572,SUP309,2025-05-02,967.96,4830643.1
PO01634,MAT0368,SUP026,2026-03-15,985.53,4214540.2
PO01635,MAT0546,SUP154,2025-01-27,144.76,410045.73
PO01636,MAT0133,SUP480,2025-01-07,883.67,3879205.26
PO01637,MAT1317,SUP381,2025-02-13,164.38,438544.47
PO01638,MAT1556,SUP115,2025-11-11,378.78,1748164.39
PO01639,MAT0664,SUP314,2025-08-24,590.47,1136335.9
PO01640,MAT0418,SUP330,2025-08-26,82.02,209360.97
PO01641,MAT0722,SUP349,2025-08-31,139.82,214440.54
PO01642,MAT1466,SUP481,2025-04-29,801.32,447601.33
PO01643,MAT1751,SUP025,2025-11-21,78.55,113463.9
PO01644,MAT1172,SUP119,2025-01-06,330.74,189887.76
PO01645,MAT0830,SUP234,2026-05-08,43.45,135225.96
PO01646,MAT0178,SUP376,2025-07-28,637.08,565644.22
PO01647,MAT1974,SUP365,2026-03-12,559.99,230251.09
PO01648,MAT1944,SUP361,2025-07-06,685.17,3379066.59
PO01649,MAT0211,SUP419,2025-10-18,310.23,576044.37
PO01650,MAT0561,SUP479,2026-06-17,529.54,1464336.96
PO01651,MAT1893,SUP420,2026-01-28,391.97,397712.36
PO01652,MAT0122,SUP483,2026-05-18,152.63,590267.53
PO01653,MAT1727,SUP308,2025-08-16,428.84,1045794.95
PO01654,MAT0351,SUP204,2026-03-28,722.17,1201929.2
PO01655,MAT0746,SUP122,2025-10-27,646.71,2356417.23
PO01656,MAT0395,SUP486,2025-06-03,749.43,108420.04
PO01657,MAT1635,SUP260,2025-05-13,372.63,527916.1
PO01658,MAT1207,SUP384,2026-06-12,984.94,4583497.09
PO01659,MAT1927,SUP276,2025-06-21,920.05,1858464.2
PO01660,MAT1801,SUP436,2025-10-22,217.06,637503.05
PO01661,MAT1351,SUP057,2025-03-13,530.57,293718.25
PO01662,MAT0465,SUP392,2025-06-27,710.49,1376929.62
PO01663,MAT1901,SUP074,2025-04-19,739.68,3048280.45
PO01664,MAT0112,SUP316,2025-07-14,837.98,2504671.94
PO01665,MAT1990,SUP201,2025-05-10,208.18,168174.05
PO01666,MAT0148,SUP461,2025-05-27,879.88,1984252.58
PO01667,MAT0755,SUP129,2025-01-08,630.64,137801.15
PO01668,MAT0777,SUP360,2025-04-05,68.39,8282.71
PO01669,MAT1325,SUP351,2025-01-09,886.63,3863729.62
PO01670,MAT0413,SUP313,2026-06-17,252.3,985700.78
PO01671,MAT1369,SUP211,2025-09-26,494.64,1111787.49
PO01672,MAT0905,SUP154,2025-07-28,720.37,3492836.41
PO01673,MAT1912,SUP125,2026-04-20,351.56,878945.7
PO01674,MAT0264,SUP352,2026-06-30,173.41,746843.92
PO01675,MAT1646,SUP127,2026-04-28,409.99,255546.77
PO01676,MAT1648,SUP015,2025-03-31,668.51,920016.83
PO01677,MAT1657,SUP376,2025-07-01,789.05,3710957.38
PO01678,MAT1530,SUP475,2025-12-25,485.28,744720.39
PO01679,MAT0224,SUP265,2025-11-25,267.74,744841.97
PO01680,MAT0858,SUP272,2026-01-07,566.42,1469089.57
PO01681,MAT0715,SUP197,2025-09-30,489.0,849168.06
PO01682,MAT0044,SUP068,2026-01-24,163.21,312507.98
PO01683,MAT0808,SUP043,2026-08-08,942.72,3561351.05
PO01684,MAT1630,SUP307,2025-11-30,151.02,725090.82
PO01685,MAT0798,SUP300,2025-04-03,515.82,164536.26
PO01686,MAT1720,SUP176,2026-04-10,388.59,1080466.72
PO01687,MAT1748,SUP191,2026-07-22,248.68,888911.63
PO01688,MAT0480,SUP324,2025-04-15,398.57,1623208.21
PO01689,MAT1855,SUP106,2026-07-17,870.34,825822.11
PO01690,MAT0092,SUP338,2026-03-27,960.75,3475157.65
PO01691,MAT0941,SUP094,2026-04-26,183.79,806494.41
PO01692,MAT1430,SUP119,2026-04-14,690.61,2461762.22
PO01693,MAT1189,SUP085,2025-07-23,448.47,566139.56
PO01694,MAT0485,SUP092,2025-08-11,926.54,4397470.02
PO01695,MAT0240,SUP422,2026-08-20,966.95,3686032.74
PO01696,MAT0249,SUP324,2025-01-30,332.56,1050114.74
PO01697,MAT0876,SUP218,2025-06-26,163.64,424734.17
PO01698,MAT1198,SUP329,2026-08-04,910.55,366596.54
PO01699,MAT0954,SUP496,2025-08-08,743.58,188549.58
PO01700,MAT0343,SUP239,2025-06-25,955.79,1118178.72
PO01701,MAT1221,SUP002,2026-03-14,801.41,106042.57
PO01702,MAT0281,SUP262,2026-08-23,84.61,27449.18
PO01703,MAT0473,SUP183,2025-11-07,243.91,822686.48
PO01704,MAT0556,SUP108,2026-07-18,152.43,307204.37
PO01705,MAT0194,SUP051,2025-06-20,331.85,397924.65
PO01706,MAT0867,SUP354,2026-01-08,705.45,306722.61
PO01707,MAT0030,SUP260,2025-09-08,791.46,1255667.12
PO01708,MAT0764,SUP037,2026-07-08,211.15,770982.55
PO01709,MAT1529,SUP105,2026-07-24,940.3,2252037.31
PO01710,MAT1104,SUP342,2025-10-01,423.7,1478361.33
PO01711,MAT0210,SUP377,2026-05-16,727.54,3521606.44
PO01712,MAT1176,SUP492,2026-04-20,739.74,2233526.57
PO01713,MAT0624,SUP037,2026-05-20,226.68,882923.13
PO01714,MAT1907,SUP196,2026-02-07,296.94,180702.84
PO01715,MAT0169,SUP097,2025-01-21,575.33,2091502.9
PO01716,MAT1498,SUP412,2025-09-25,866.78,1985316.25
PO01717,MAT1179,SUP011,2026-08-15,812.66,3093601.58
PO01718,MAT0444,SUP490,2026-05-26,615.1,2971468.14
PO01719,MAT1328,SUP234,2025-04-30,188.66,670380.67
PO01720,MAT0434,SUP312,2026-04-03,607.57,853210.55
PO01721,MAT0341,SUP158,2026-08-20,444.41,1058220.2
PO01722,MAT1811,SUP354,2025-07-11,575.33,534067.33
PO01723,MAT1722,SUP072,2026-03-27,79.18,233957.9
PO01724,MAT0845,SUP380,2025-02-26,337.8,1360739.47
PO01725,MAT1724,SUP216,2026-04-25,762.15,1300860.48
PO01726,MAT0849,SUP237,2026-05-25,721.58,2733676.97
PO01727,MAT0621,SUP244,2025-08-08,495.42,1852528.96
PO01728,MAT1262,SUP495,2025-12-01,146.89,132118.74
PO01729,MAT1628,SUP454,2026-07-26,946.35,1398676.91
PO01730,MAT0215,SUP246,2026-06-16,250.6,509717.89
PO01731,MAT0151,SUP217,2025-06-02,37.8,132939.2
PO01732,MAT0866,SUP353,2025-04-11,143.37,225344.66
PO01733,MAT0407,SUP437,2026-01-09,403.16,739016.47
PO01734,MAT1904,SUP073,2025-02-25,552.5,2107726.72
PO01735,MAT0795,SUP459,2025-06-27,47.28,171198.52
PO01736,MAT0068,SUP459,2025-02-15,272.66,471219.19
PO01737,MAT0107,SUP198,2026-07-22,494.06,1126086.26
PO01738,MAT0970,SUP442,2026-04-22,523.44,2103030.12
PO01739,MAT1087,SUP101,2026-06-03,864.99,1452889.1
PO01740,MAT1124,SUP218,2026-03-25,355.82,1024149.59
PO01741,MAT1396,SUP359,2025-08-04,696.39,62201.55
PO01742,MAT0238,SUP116,2026-01-17,670.67,991867.28
PO01743,MAT0799,SUP233,2026-01-01,192.81,379313.18
PO01744,MAT0112,SUP316,2026-07-02,400.4,1196771.58
PO01745,MAT0272,SUP135,2025-03-04,800.71,197887.47
PO01746,MAT1278,SUP283,2025-02-11,209.98,927271.68
PO01747,MAT1339,SUP236,2025-10-12,978.21,3998149.69
PO01748,MAT0307,SUP483,2025-08-30,923.32,277605.39
PO01749,MAT0923,SUP341,2025-03-25,816.53,3879244.21
PO01750,MAT1088,SUP222,2026-08-11,327.53,977031.82
PO01751,MAT0817,SUP123,2026-04-17,75.74,46361.21
PO01752,MAT0208,SUP172,2025-06-16,954.55,3900864.03
PO01753,MAT1623,SUP225,2026-08-08,899.55,2309954.44
PO01754,MAT0446,SUP151,2025-04-06,32.61,30270.56
PO01755,MAT1646,SUP127,2025-06-02,646.48,402950.98
PO01756,MAT0380,SUP372,2025-06-21,781.43,2990102.82
PO01757,MAT1026,SUP015,2026-08-24,751.79,2242506.87
PO01758,MAT0241,SUP053,2025-01-25,101.55,154727.67
PO01759,MAT0680,SUP374,2025-07-23,483.19,1202128.4
PO01760,MAT0210,SUP377,2026-06-08,200.92,972539.2
PO01761,MAT0687,SUP247,2025-07-21,912.54,2878735.19
PO01762,MAT0951,SUP377,2026-08-14,421.43,555579.6
PO01763,MAT0670,SUP308,2026-04-27,91.82,7578.82
PO01764,MAT1258,SUP429,2026-05-27,102.0,277231.92
PO01765,MAT0876,SUP218,2025-04-28,153.73,399012.36
PO01766,MAT0219,SUP192,2025-02-19,636.96,1491862.23
PO01767,MAT1425,SUP158,2025-06-05,124.4,420825.3
PO01768,MAT0744,SUP134,2025-06-11,126.9,310949.41
PO01769,MAT0005,SUP211,2026-04-17,416.01,1819777.5
PO01770,MAT0129,SUP349,2025-05-23,62.97,4763.68
PO01771,MAT0499,SUP311,2025-04-02,124.77,541894.83
PO01772,MAT1787,SUP126,2026-01-27,408.67,917905.51
PO01773,MAT0055,SUP003,2025-05-13,914.15,131701.59
PO01774,MAT1493,SUP349,2025-02-12,129.75,113516.98
PO01775,MAT1576,SUP358,2025-02-02,452.03,1149082.86
PO01776,MAT1712,SUP060,2025-12-18,665.1,634093.04
PO01777,MAT1524,SUP029,2026-06-26,762.35,3169836.05
PO01778,MAT1188,SUP282,2025-09-12,205.97,251229.85
PO01779,MAT1959,SUP016,2025-08-08,46.65,11286.03
PO01780,MAT1407,SUP459,2026-08-09,200.52,349504.35
PO01781,MAT1333,SUP136,2026-01-25,343.94,712402.92
PO01782,MAT0375,SUP134,2026-07-04,23.27,22859.98
PO01783,MAT1298,SUP225,2025-07-03,460.79,392169.15
PO01784,MAT1386,SUP403,2025-11-05,778.88,1346021.47
PO01785,MAT1806,SUP106,2025-04-17,158.14,125395.53
PO01786,MAT1778,SUP440,2025-10-16,184.38,460843.06
PO01787,MAT0834,SUP230,2025-04-03,291.61,1422636.88
PO01788,MAT0724,SUP032,2026-07-26,686.21,3095026.69
PO01789,MAT1142,SUP486,2026-06-22,149.21,54515.37
PO01790,MAT1057,SUP193,2025-12-12,861.25,264231.5
PO01791,MAT1318,SUP300,2026-08-14,668.27,321965.8
PO01792,MAT1189,SUP085,2025-05-18,158.63,200251.34
PO01793,MAT1924,SUP255,2025-10-21,381.82,1449003.08
PO01794,MAT0259,SUP116,2025-01-18,841.59,2874795.7
PO01795,MAT1356,SUP164,2025-07-18,703.62,1395609.16
PO01796,MAT1013,SUP497,2026-01-11,994.62,3836885.9
PO01797,MAT1941,SUP303,2025-12-25,724.36,268056.66
PO01798,MAT0756,SUP337,2025-03-09,812.36,3862706.81
PO01799,MAT0460,SUP236,2025-01-02,807.31,191768.42
PO01800,MAT0782,SUP062,2025-08-08,718.52,538257.7
PO01801,MAT0336,SUP456,2026-08-06,600.24,496794.64
PO01802,MAT0069,SUP474,2025-05-12,781.43,1070770.09
PO01803,MAT1563,SUP307,2026-08-21,501.59,2332569.06
PO01804,MAT1102,SUP301,2025-01-18,778.6,259834.39
PO01805,MAT0074,SUP074,2025-08-23,969.2,3301618.57
PO01806,MAT0026,SUP053,2025-05-02,150.46,198161.84
PO01807,MAT0821,SUP189,2025-07-15,429.62,422037.21
PO01808,MAT1751,SUP025,2026-01-03,554.2,800530.82
PO01809,MAT0088,SUP222,2026-07-07,373.02,1700236.35
PO01810,MAT0863,SUP236,2025-11-11,764.95,479623.65
PO01811,MAT0508,SUP449,2025-05-14,219.89,455787.99
PO01812,MAT0411,SUP410,2025-01-28,266.76,870115.1
PO01813,MAT1377,SUP040,2025-03-18,889.22,2699485.18
PO01814,MAT0213,SUP420,2025-06-09,35.39,119662.08
PO01815,MAT0284,SUP092,2026-05-09,930.88,2594064.68
PO01816,MAT0245,SUP144,2026-03-09,131.88,358304.77
PO01817,MAT1166,SUP429,2025-06-15,484.52,1561612.81
PO01818,MAT1034,SUP190,2026-07-25,499.91,1021631.07
PO01819,MAT0543,SUP231,2025-03-03,174.69,502841.67
PO01820,MAT1926,SUP058,2025-03-04,448.68,1314695.22
PO01821,MAT0363,SUP099,2025-03-29,436.91,1831976.74
PO01822,MAT1522,SUP318,2025-01-23,418.22,1883901.27
PO01823,MAT0440,SUP344,2025-05-14,135.22,140563.89
PO01824,MAT1985,SUP066,2025-10-16,535.74,2666919.08
PO01825,MAT1345,SUP278,2025-04-20,348.97,1490440.4
PO01826,MAT0225,SUP119,2025-09-25,953.39,3019681.68
PO01827,MAT0537,SUP270,2025-06-12,829.49,2005441.38
PO01828,MAT0399,SUP360,2025-01-08,229.62,245050.46
PO01829,MAT1850,SUP456,2025-10-20,42.06,137523.58
PO01830,MAT0665,SUP290,2025-03-02,133.45,113767.46
PO01831,MAT1334,SUP321,2026-01-07,908.9,3752357.29
PO01832,MAT1993,SUP281,2026-02-20,957.02,316515.22
PO01833,MAT0537,SUP270,2026-08-01,915.06,2212322.26
PO01834,MAT1546,SUP129,2026-04-08,374.88,88179.27
PO01835,MAT1218,SUP448,2025-11-12,626.68,2532438.95
PO01836,MAT0019,SUP273,2026-01-15,448.38,1132742.39
PO01837,MAT1417,SUP499,2025-12-23,378.25,231197.75
PO01838,MAT0365,SUP204,2026-03-12,845.07,2891668.98
PO01839,MAT1094,SUP317,2025-09-10,258.77,311533.2
PO01840,MAT1342,SUP052,2025-04-19,145.49,106148.05
PO01841,MAT1044,SUP068,2025-09-15,467.13,1190518.18
PO01842,MAT0846,SUP072,2025-01-03,119.45,359518.22
PO01843,MAT0220,SUP013,2026-07-23,68.8,39045.38
PO01844,MAT1285,SUP493,2025-05-02,799.29,2718633.07
PO01845,MAT1065,SUP180,2026-06-11,131.41,387204.82
PO01846,MAT0698,SUP478,2025-08-01,36.38,125544.11
PO01847,MAT1391,SUP092,2026-02-27,558.3,740763.61
PO01848,MAT0763,SUP330,2025-04-13,454.83,2077399.64
PO01849,MAT0537,SUP270,2025-10-10,765.81,1851483.52
PO01850,MAT1535,SUP076,2025-04-03,494.09,717883.12
PO01851,MAT1174,SUP337,2026-03-10,521.12,1702618.9
PO01852,MAT0392,SUP197,2026-07-12,23.0,68170.16
PO01853,MAT1391,SUP092,2025-04-10,814.21,1080310.11
PO01854,MAT1817,SUP399,2026-01-11,453.28,1344083.99
PO01855,MAT1622,SUP459,2025-06-01,596.82,1783351.87
PO01856,MAT1150,SUP367,2025-04-21,974.46,1377331.0
PO01857,MAT0935,SUP034,2025-03-04,468.82,1000138.39
PO01858,MAT0497,SUP076,2025-07-20,513.28,448293.62
PO01859,MAT0479,SUP457,2026-02-23,458.43,468671.33
PO01860,MAT0765,SUP335,2025-09-10,63.34,295659.72
PO01861,MAT1807,SUP256,2025-08-23,338.82,971928.89
PO01862,MAT1007,SUP133,2025-02-18,814.87,3206660.13
PO01863,MAT1454,SUP126,2025-10-22,367.51,409832.45
PO01864,MAT0042,SUP099,2026-06-28,954.35,4771635.48
PO01865,MAT1126,SUP022,2026-05-19,307.23,794404.61
PO01866,MAT0100,SUP485,2026-02-15,183.23,792947.98
PO01867,MAT0214,SUP338,2025-07-21,34.54,124013.11
PO01868,MAT1652,SUP106,2026-08-02,440.75,2090036.5
PO01869,MAT0121,SUP313,2025-12-24,536.37,537287.19
PO01870,MAT1532,SUP326,2026-06-25,679.6,655678.08
PO01871,MAT0869,SUP061,2026-04-03,431.65,114059.2
PO01872,MAT1533,SUP246,2026-03-16,600.2,889958.55
PO01873,MAT1749,SUP218,2026-05-24,39.39,150078.66
PO01874,MAT1440,SUP193,2025-05-04,565.65,1802206.15
PO01875,MAT1551,SUP458,2025-12-08,206.98,378738.21
PO01876,MAT1768,SUP175,2025-07-25,610.89,1077921.51
PO01877,MAT1069,SUP126,2025-06-10,824.36,1435268.47
PO01878,MAT1352,SUP171,2026-03-27,922.75,1692729.51
PO01879,MAT0969,SUP497,2026-03-24,890.74,2937713.96
PO01880,MAT0686,SUP427,2026-03-24,824.96,3807421.39
PO01881,MAT0003,SUP035,2025-03-22,359.7,1498967.02
PO01882,MAT0299,SUP184,2025-03-07,529.37,1210663.9
PO01883,MAT1376,SUP412,2025-05-22,702.48,2283692.23
PO01884,MAT0482,SUP201,2026-05-02,28.79,128478.83
PO01885,MAT1319,SUP301,2025-02-28,980.02,984910.3
PO01886,MAT0230,SUP181,2026-02-17,420.66,1306548.93
PO01887,MAT0177,SUP282,2025-04-13,317.5,420296.98
PO01888,MAT0603,SUP321,2025-12-05,630.57,1774550.09
PO01889,MAT0521,SUP400,2025-01-26,757.55,1362059.75
PO01890,MAT0300,SUP081,2025-04-30,60.07,248726.44
PO01891,MAT1795,SUP050,2026-05-13,669.87,2162393.95
PO01892,MAT1461,SUP197,2025-05-08,914.79,2655864.07
PO01893,MAT0633,SUP405,2025-02-08,29.45,41019.14
PO01894,MAT1045,SUP444,2025-09-26,589.71,290202.19
PO01895,MAT1891,SUP425,2026-07-11,770.59,497315.67
PO01896,MAT1143,SUP169,2026-07-20,77.27,371791.56
PO01897,MAT1493,SUP349,2026-07-31,759.71,664662.68
PO01898,MAT1290,SUP088,2025-10-04,578.43,2805478.05
PO01899,MAT1639,SUP417,2025-11-19,256.8,945314.18
PO01900,MAT1456,SUP291,2025-03-09,323.5,1455355.33
PO01901,MAT0193,SUP170,2025-06-26,51.87,196601.3
PO01902,MAT0055,SUP003,2026-05-29,47.52,6846.21
PO01903,MAT1316,SUP050,2025-11-01,650.12,2230340.68
PO01904,MAT1997,SUP280,2026-05-24,929.97,137616.96
PO01905,MAT0074,SUP074,2026-02-09,785.49,2675803.1
PO01906,MAT1328,SUP234,2026-06-26,989.8,3517135.52
PO01907,MAT1364,SUP424,2025-08-18,651.55,212757.14
PO01908,MAT1535,SUP076,2025-07-23,468.62,680876.74
PO01909,MAT0662,SUP047,2026-03-26,688.3,1138565.21
PO01910,MAT0899,SUP177,2026-03-01,388.4,811387.02
PO01911,MAT1736,SUP426,2026-07-24,752.41,2667902.9
PO01912,MAT0835,SUP208,2025-04-15,416.78,1606336.8
PO01913,MAT0176,SUP079,2026-01-27,955.9,1608617.2
PO01914,MAT0246,SUP137,2025-06-02,224.12,1104501.46
PO01915,MAT1054,SUP074,2025-10-21,953.02,1253211.77
PO01916,MAT0934,SUP475,2026-05-12,485.09,1746838.2
PO01917,MAT1070,SUP468,2025-09-30,255.76,831191.87
PO01918,MAT1212,SUP321,2025-06-28,764.57,451493.88
PO01919,MAT0109,SUP102,2026-03-24,191.19,491388.89
PO01920,MAT1190,SUP147,2026-06-12,673.03,1527064.69
PO01921,MAT1757,SUP177,2025-10-24,587.04,2031457.79
PO01922,MAT0842,SUP252,2025-04-27,995.71,3022676.85
PO01923,MAT0559,SUP378,2026-04-02,808.94,1814970.14
PO01924,MAT0502,SUP194,2025-03-10,714.37,503245.09
PO01925,MAT0521,SUP400,2025-09-28,173.49,311931.55
PO01926,MAT1324,SUP149,2026-03-18,849.64,4062315.76
PO01927,MAT0943,SUP135,2025-05-23,36.04,10683.34
PO01928,MAT0874,SUP088,2026-04-24,60.47,4319.37
PO01929,MAT0915,SUP211,2026-04-17,821.62,3539473.23
PO01930,MAT0355,SUP293,2026-07-08,845.81,2022822.28
PO01931,MAT0611,SUP396,2025-04-19,98.13,451358.75
PO01932,MAT1034,SUP190,2025-02-26,842.62,1722003.51
PO01933,MAT0787,SUP231,2025-01-29,634.52,783194.38
PO01934,MAT1112,SUP012,2025-09-23,104.13,439663.93
PO01935,MAT1743,SUP018,2026-07-13,944.28,4527482.66
PO01936,MAT1826,SUP393,2025-03-27,242.86,956812.54
PO01937,MAT0570,SUP415,2026-08-09,517.83,1084268.7
PO01938,MAT0327,SUP163,2026-06-01,886.1,1013193.32
PO01939,MAT0724,SUP032,2026-08-22,454.09,2048091.21
PO01940,MAT0287,SUP450,2025-05-31,898.47,3896538.6
PO01941,MAT0035,SUP225,2025-03-27,976.25,2574957.0
PO01942,MAT1684,SUP049,2025-01-23,733.65,2306316.81
PO01943,MAT1682,SUP163,2026-07-05,508.61,476654.03
PO01944,MAT1896,SUP052,2025-10-24,928.53,2964601.3
PO01945,MAT1297,SUP192,2026-06-05,40.23,74596.48
PO01946,MAT1322,SUP230,2025-03-14,970.8,4425585.96
PO01947,MAT0905,SUP154,2026-02-13,895.22,4340626.36
PO01948,MAT1719,SUP276,2025-11-08,539.75,589828.0
PO01949,MAT0528,SUP196,2025-06-14,760.25,2585397.38
PO01950,MAT1822,SUP092,2026-04-08,947.34,3613315.81
PO01951,MAT1451,SUP103,2025-12-31,526.73,946496.94
PO01952,MAT1067,SUP426,2025-08-27,575.38,2093876.87
PO01953,MAT0900,SUP332,2026-03-27,972.79,2901861.75
PO01954,MAT1543,SUP024,2026-01-18,443.29,1891762.24
PO01955,MAT0829,SUP498,2025-01-12,543.71,2098861.96
PO01956,MAT0670,SUP308,2025-03-05,813.75,67166.92
PO01957,MAT1574,SUP362,2025-09-23,544.69,2447466.47
PO01958,MAT0999,SUP011,2026-03-05,479.56,707662.71
PO01959,MAT1853,SUP133,2026-04-30,669.92,1971346.79
PO01960,MAT0532,SUP377,2025-07-04,843.7,3687036.5
PO01961,MAT0967,SUP476,2026-01-25,567.79,2380766.18
PO01962,MAT1642,SUP315,2025-11-03,599.72,1903259.4
PO01963,MAT1899,SUP070,2025-04-04,766.96,39690.18
PO01964,MAT1022,SUP330,2025-03-28,934.81,4153846.93
PO01965,MAT1068,SUP259,2026-06-08,892.08,3947864.36
PO01966,MAT1923,SUP425,2025-10-04,793.55,437587.28
PO01967,MAT1491,SUP362,2026-03-10,564.09,832309.15
PO01968,MAT0144,SUP349,2026-06-01,158.93,694845.14
PO01969,MAT1757,SUP177,2026-02-06,582.81,2016819.83
PO01970,MAT1950,SUP294,2026-05-04,667.94,2694683.7
PO01971,MAT0607,SUP423,2025-02-21,274.46,840300.46
PO01972,MAT0673,SUP056,2025-12-30,237.04,1177849.39
PO01973,MAT1771,SUP107,2025-05-01,266.06,499527.65
PO01974,MAT1936,SUP412,2025-04-01,792.22,1731008.62
PO01975,MAT1954,SUP032,2026-03-10,121.37,41601.99
PO01976,MAT1378,SUP084,2026-03-14,53.58,30915.66
PO01977,MAT1020,SUP499,2026-07-20,645.9,1372899.2
PO01978,MAT1607,SUP409,2025-07-01,492.63,1505058.54
PO01979,MAT0748,SUP205,2026-07-21,562.61,867415.22
PO01980,MAT1505,SUP214,2025-12-08,725.64,1147345.69
PO01981,MAT1862,SUP482,2025-12-29,115.94,430853.91
PO01982,MAT1473,SUP500,2026-04-17,585.22,961785.66
PO01983,MAT0595,SUP210,2026-02-12,189.91,113338.29
PO01984,MAT1393,SUP206,2025-02-16,885.92,3802501.53
PO01985,MAT0090,SUP129,2026-03-08,704.99,2251406.71
PO01986,MAT0963,SUP179,2025-10-17,836.74,885672.56
PO01987,MAT1929,SUP273,2026-01-21,389.89,785218.97
PO01988,MAT0077,SUP188,2025-09-12,723.15,1161530.76
PO01989,MAT0537,SUP270,2026-03-16,35.36,85489.16
PO01990,MAT0434,SUP312,2026-04-09,516.58,725433.29
PO01991,MAT0645,SUP035,2025-06-05,74.11,199219.54
PO01992,MAT0891,SUP280,2025-01-12,161.42,769209.88
PO01993,MAT0282,SUP131,2025-12-13,111.19,497756.49
PO01994,MAT0096,SUP353,2025-05-26,168.21,140034.83
PO01995,MAT1977,SUP191,2025-12-31,584.2,158639.51
PO01996,MAT0338,SUP122,2025-09-06,827.26,244620.78
PO01997,MAT1990,SUP201,2026-02-21,282.47,228187.74
PO01998,MAT1686,SUP146,2026-07-14,133.81,393818.89
PO01999,MAT0350,SUP133,2026-05-30,967.98,4412517.47
PO02000,MAT0832,SUP022,2025-08-16,273.26,790787.11
PO02001,MAT0432,SUP400,2026-02-14,537.38,1867126.81
PO02002,MAT0356,SUP317,2026-05-29,235.67,805996.11
PO02003,MAT0821,SUP189,2025-02-12,881.53,865971.0
PO02004,MAT0109,SUP102,2025-05-21,985.16,2532018.83
PO02005,MAT1255,SUP093,2026-02-09,484.73,1186013.13
PO02006,MAT0065,SUP023,2026-06-24,450.72,1998789.96
PO02007,MAT0686,SUP427,2026-08-13,77.47,357545.74
PO02008,MAT1851,SUP271,2025-01-23,627.01,2791774.57
PO02009,MAT1077,SUP019,2025-03-06,98.29,244697.87
PO02010,MAT1906,SUP381,2025-03-17,222.31,511117.37
PO02011,MAT0614,SUP470,2025-04-26,590.63,2176247.11
PO02012,MAT0705,SUP067,2025-09-12,364.17,866775.58
PO02013,MAT0963,SUP179,2025-06-17,998.59,1056987.54
PO02014,MAT0327,SUP163,2025-07-29,717.59,820513.93
PO02015,MAT1884,SUP094,2025-04-21,240.32,182071.24
PO02016,MAT0468,SUP022,2026-05-02,722.52,2084441.3
PO02017,MAT0957,SUP447,2025-01-01,348.31,1306765.08
PO02018,MAT0477,SUP348,2025-09-12,53.35,234501.53
PO02019,MAT1936,SUP412,2025-09-18,328.01,716705.13
PO02020,MAT1607,SUP409,2026-06-08,103.45,316055.27
PO02021,MAT0230,SUP181,2025-12-07,781.96,2428728.66
PO02022,MAT0977,SUP048,2025-01-23,910.91,2360204.25
PO02023,MAT0137,SUP291,2026-01-04,907.36,833591.63
PO02024,MAT0861,SUP145,2025-10-13,752.97,2940423.15
PO02025,MAT1233,SUP480,2026-05-23,153.2,572333.75
PO02026,MAT0696,SUP394,2025-05-08,620.12,2554640.15
PO02027,MAT1436,SUP141,2026-03-16,324.7,1518988.81
PO02028,MAT1025,SUP048,2025-02-02,874.31,2431753.38
PO02029,MAT0906,SUP110,2025-10-24,280.86,382677.37
PO02030,MAT0940,SUP424,2026-08-04,422.23,1692158.5
PO02031,MAT1560,SUP216,2025-03-06,475.35,495566.64
PO02032,MAT0433,SUP337,2026-05-11,897.61,2738159.3
PO02033,MAT0690,SUP144,2025-03-08,774.68,1339266.78
PO02034,MAT1060,SUP468,2025-05-10,703.19,972047.66
PO02035,MAT0080,SUP103,2026-07-06,577.5,416874.15
PO02036,MAT1067,SUP426,2026-07-14,634.18,2307857.12
PO02037,MAT1782,SUP318,2026-07-14,545.63,2725203.6
PO02038,MAT1945,SUP357,2025-01-03,867.64,1462962.51
PO02039,MAT1101,SUP241,2026-04-18,834.99,2535430.44
PO02040,MAT0256,SUP082,2025-05-29,105.93,54239.34
PO02041,MAT0776,SUP019,2025-03-23,448.42,1107610.85
PO02042,MAT0409,SUP458,2026-02-28,521.8,2492998.64
PO02043,MAT0691,SUP311,2025-04-18,789.4,771662.18
PO02044,MAT1288,SUP230,2025-12-01,626.32,2122523.32
PO02045,MAT1142,SUP486,2026-02-08,630.32,230293.72
PO02046,MAT1641,SUP252,2025-09-29,550.46,1692956.24
PO02047,MAT0905,SUP154,2026-07-06,621.23,3012139.26
PO02048,MAT1850,SUP456,2025-09-12,701.89,2294969.73
PO02049,MAT1106,SUP233,2026-08-19,401.87,1006628.09
PO02050,MAT0320,SUP104,2026-07-17,445.94,774490.75
PO02051,MAT1469,SUP453,2026-06-03,387.35,231821.23
PO02052,MAT0906,SUP110,2025-11-16,691.8,942591.34
PO02053,MAT0875,SUP358,2025-04-03,334.05,322815.9
PO02054,MAT0637,SUP475,2025-09-25,979.11,241614.97
PO02055,MAT1109,SUP059,2025-02-20,119.54,177917.36
PO02056,MAT0676,SUP242,2025-05-19,725.16,474261.89
PO02057,MAT0622,SUP205,2025-07-04,68.0,149649.64
PO02058,MAT1985,SUP066,2026-05-05,994.74,4951825.67
PO02059,MAT1814,SUP275,2025-09-10,700.02,1139877.57
PO02060,MAT1822,SUP092,2026-01-26,890.26,3395602.98
PO02061,MAT0874,SUP088,2025-02-15,357.75,25554.08
PO02062,MAT0091,SUP315,2025-03-14,479.74,245852.36
PO02063,MAT1853,SUP133,2026-03-09,685.94,2018488.2
PO02064,MAT0313,SUP139,2025-03-05,234.8,42031.55
PO02065,MAT1237,SUP203,2026-07-05,755.18,2049973.87
PO02066,MAT0178,SUP376,2026-07-23,809.43,718668.61
PO02067,MAT0381,SUP182,2025-08-01,427.04,1594499.03
PO02068,MAT0866,SUP353,2025-09-12,416.68,654925.12
PO02069,MAT1695,SUP041,2025-05-09,109.01,459896.84
PO02070,MAT1114,SUP190,2026-08-17,267.31,887870.16
PO02071,MAT0500,SUP074,2026-01-17,603.5,2481133.34
PO02072,MAT1986,SUP118,2026-01-24,490.65,2047884.78
PO02073,MAT0801,SUP070,2025-02-20,34.53,147293.59
PO02074,MAT0489,SUP297,2026-08-10,308.12,885009.99
PO02075,MAT1995,SUP462,2025-05-20,305.73,1050907.13
PO02076,MAT0558,SUP317,2026-08-18,257.72,120442.86
PO02077,MAT0933,SUP405,2025-02-18,300.38,422478.46
PO02078,MAT0099,SUP063,2026-01-21,998.65,2272428.07
PO02079,MAT1477,SUP175,2025-10-08,787.66,3213085.68
PO02080,MAT0688,SUP476,2026-07-25,617.26,2582473.87
PO02081,MAT0063,SUP023,2026-03-18,502.53,1383349.51
PO02082,MAT0416,SUP266,2025-02-21,333.61,1153223.05
PO02083,MAT1025,SUP048,2026-03-23,269.51,749598.94
PO02084,MAT1826,SUP393,2025-01-15,821.99,3238451.54
PO02085,MAT0901,SUP087,2025-11-15,321.6,873195.46
PO02086,MAT0652,SUP474,2026-01-08,495.13,2353590.55
PO02087,MAT0200,SUP096,2026-03-30,346.52,787217.21
PO02088,MAT1458,SUP485,2025-01-30,575.5,1663793.52
PO02089,MAT1119,SUP373,2025-11-12,770.33,3030547.55
PO02090,MAT0503,SUP311,2025-08-15,200.36,185982.17
PO02091,MAT0406,SUP234,2026-06-03,807.21,1095723.0
PO02092,MAT0714,SUP303,2025-01-30,430.9,530416.36
PO02093,MAT0443,SUP262,2025-09-06,858.47,2987501.35
PO02094,MAT1762,SUP192,2026-01-14,265.51,634821.13
PO02095,MAT1778,SUP440,2026-02-19,877.13,2192316.26
PO02096,MAT0415,SUP134,2025-05-14,855.75,95142.28
PO02097,MAT1668,SUP289,2025-07-08,772.72,2497392.4
PO02098,MAT1797,SUP291,2025-12-11,703.59,2105436.79
PO02099,MAT0614,SUP470,2025-02-25,117.31,432242.77
PO02100,MAT1832,SUP339,2025-12-09,607.61,917029.32
PO02101,MAT0638,SUP202,2025-12-22,236.61,33347.81
PO02102,MAT1314,SUP027,2025-02-24,19.06,20952.47
PO02103,MAT1554,SUP219,2026-03-12,168.66,738088.21
PO02104,MAT0443,SUP262,2025-07-11,127.23,442764.22
PO02105,MAT1605,SUP017,2025-06-05,301.17,583182.58
PO02106,MAT0287,SUP450,2026-04-08,433.9,1881763.55
PO02107,MAT0217,SUP086,2026-05-05,697.01,187683.88
PO02108,MAT0411,SUP410,2026-05-01,317.51,1035650.94
PO02109,MAT0207,SUP486,2025-05-18,766.17,1298259.74
PO02110,MAT0866,SUP353,2025-03-10,396.24,622798.14
PO02111,MAT0975,SUP229,2025-04-17,88.27,212587.7
PO02112,MAT1923,SUP425,2025-10-15,712.05,392645.73
PO02113,MAT1527,SUP155,2025-04-13,101.38,365956.45
PO02114,MAT1040,SUP249,2026-05-31,817.13,3241113.46
PO02115,MAT0324,SUP363,2025-09-15,538.07,1874162.38
PO02116,MAT0087,SUP349,2026-06-14,643.02,1128725.16
PO02117,MAT0271,SUP350,2025-03-03,16.06,61437.37
PO02118,MAT0981,SUP218,2026-07-04,24.86,12870.02
PO02119,MAT1224,SUP100,2026-05-01,592.92,2582640.94
PO02120,MAT0269,SUP124,2026-02-10,486.39,1560587.18
PO02121,MAT1161,SUP168,2026-05-22,991.72,2429277.64
PO02122,MAT1081,SUP374,2025-05-11,203.92,203852.71
PO02123,MAT0875,SUP358,2025-03-23,181.16,175067.59
PO02124,MAT1905,SUP053,2026-01-02,449.65,1071061.8
PO02125,MAT0130,SUP245,2025-01-14,931.68,3532706.96
PO02126,MAT1049,SUP268,2025-10-07,451.65,1700579.68
PO02127,MAT1378,SUP084,2026-02-23,794.6,458484.2
PO02128,MAT0107,SUP198,2025-06-18,642.21,1463757.14
PO02129,MAT1707,SUP464,2026-03-12,85.38,309465.79
PO02130,MAT1994,SUP369,2025-04-24,920.33,3344654.08
PO02131,MAT0549,SUP011,2025-02-24,211.85,137730.04
PO02132,MAT0196,SUP284,2025-09-15,236.52,517422.98
PO02133,MAT1933,SUP007,2026-05-06,348.73,438081.6
PO02134,MAT1182,SUP485,2026-03-17,352.26,1306645.06
PO02135,MAT1614,SUP259,2026-01-31,867.73,2517510.34
PO02136,MAT0577,SUP099,2026-06-30,57.61,235935.42
PO02137,MAT0097,SUP175,2026-07-22,356.85,271619.95
PO02138,MAT1117,SUP301,2025-06-22,374.81,1603984.4
PO02139,MAT1651,SUP174,2025-09-29,948.51,1495923.58
PO02140,MAT1202,SUP234,2025-06-29,316.67,414435.53
PO02141,MAT0012,SUP233,2025-05-07,675.03,559721.38
PO02142,MAT1586,SUP199,2025-08-27,508.43,2186065.97
PO02143,MAT1321,SUP066,2025-09-17,368.41,781084.46
PO02144,MAT1583,SUP273,2025-10-02,56.68,188120.35
PO02145,MAT0148,SUP461,2026-03-16,261.92,590666.27
PO02146,MAT0741,SUP014,2026-01-12,292.35,716128.87
PO02147,MAT0840,SUP168,2026-04-24,345.15,1056279.8
PO02148,MAT0840,SUP168,2025-05-30,871.17,2666085.11
PO02149,MAT0204,SUP138,2025-03-20,120.29,92909.59
PO02150,MAT0463,SUP004,2025-07-18,162.62,59035.94
PO02151,MAT0149,SUP213,2026-04-04,292.61,831410.35
PO02152,MAT1614,SUP259,2026-07-05,618.63,1794806.47
PO02153,MAT0368,SUP026,2026-05-19,685.35,2930844.45
PO02154,MAT1631,SUP251,2025-03-28,456.24,857379.9
PO02155,MAT1431,SUP402,2026-02-12,766.52,3237013.96
PO02156,MAT0963,SUP179,2025-09-06,667.85,706905.87
PO02157,MAT1004,SUP156,2025-06-20,494.39,537248.67
PO02158,MAT1113,SUP336,2025-02-01,199.71,344499.75
PO02159,MAT1866,SUP360,2026-07-23,543.51,1777082.04
PO02160,MAT1519,SUP479,2025-06-23,821.45,1945587.9
PO02161,MAT1781,SUP211,2026-05-02,360.09,1152381.62
PO02162,MAT1280,SUP377,2025-01-13,658.5,205241.28
PO02163,MAT1408,SUP483,2025-03-04,803.18,1954980.28
PO02164,MAT1638,SUP193,2025-03-10,610.67,2065939.36
PO02165,MAT0713,SUP419,2026-02-01,962.69,1601011.23
PO02166,MAT0879,SUP234,2025-02-12,262.38,969247.46
PO02167,MAT1725,SUP084,2025-07-19,42.87,118173.3
PO02168,MAT1583,SUP273,2025-08-24,331.75,1101074.93
PO02169,MAT1827,SUP490,2026-07-13,508.01,2492657.75
PO02170,MAT0051,SUP485,2025-05-29,274.1,1121803.59
PO02171,MAT0107,SUP198,2025-08-23,337.71,769725.52
PO02172,MAT0937,SUP206,2025-08-24,882.29,2788098.16
PO02173,MAT1611,SUP335,2025-01-13,45.41,138311.14
PO02174,MAT0743,SUP310,2025-04-17,519.56,2366673.73
PO02175,MAT1040,SUP249,2026-02-10,446.14,1769596.46
PO02176,MAT1212,SUP321,2026-06-02,293.74,173459.34
PO02177,MAT0457,SUP023,2025-03-10,844.13,3795622.1
PO02178,MAT1196,SUP101,2025-12-20,989.01,4534462.5
PO02179,MAT1332,SUP333,2025-10-13,261.56,832226.38
PO02180,MAT0229,SUP271,2026-01-04,269.04,808467.89
PO02181,MAT0118,SUP212,2026-03-14,62.95,131022.24
PO02182,MAT1148,SUP381,2026-06-29,218.16,430977.26
PO02183,MAT1990,SUP201,2026-07-02,880.22,711068.12
PO02184,MAT1310,SUP316,2025-03-09,480.36,240242.45
PO02185,MAT1712,SUP060,2025-08-11,455.83,434579.21
PO02186,MAT1387,SUP457,2026-07-20,116.08,143196.29
PO02187,MAT1285,SUP493,2025-11-25,248.51,845259.55
PO02188,MAT1874,SUP024,2025-05-07,155.61,298200.11
PO02189,MAT1645,SUP113,2026-04-13,960.74,4627356.17
PO02190,MAT1684,SUP049,2026-06-09,664.46,2088809.75
PO02191,MAT0533,SUP429,2026-07-06,737.99,1337488.8
PO02192,MAT0798,SUP300,2026-08-05,583.49,186121.64
PO02193,MAT1038,SUP309,2026-08-24,532.42,317407.51
PO02194,MAT0825,SUP378,2025-06-08,885.95,1322732.21
PO02195,MAT1975,SUP328,2025-03-04,313.01,39808.61
PO02196,MAT1789,SUP370,2025-11-19,486.43,40894.17
PO02197,MAT0769,SUP029,2025-05-17,839.14,1559550.08
PO02198,MAT1467,SUP054,2025-04-18,281.5,1214354.4
PO02199,MAT1011,SUP373,2026-04-06,684.21,2432647.08
PO02200,MAT0859,SUP166,2025-09-17,383.07,1586970.9
PO02201,MAT1498,SUP412,2025-02-07,812.12,1860120.25
PO02202,MAT1108,SUP095,2026-07-08,750.22,1384861.11
PO02203,MAT1189,SUP085,2026-01-26,713.37,900544.02
PO02204,MAT0183,SUP147,2025-06-29,275.12,697696.07
PO02205,MAT0324,SUP363,2025-07-28,833.33,2902588.39
PO02206,MAT0525,SUP151,2025-08-20,596.47,2825913.81
PO02207,MAT1728,SUP391,2025-06-16,526.25,307266.85
PO02208,MAT0549,SUP011,2025-09-01,572.33,372088.9
PO02209,MAT0019,SUP273,2025-04-16,159.44,402793.27
PO02210,MAT0330,SUP403,2025-04-26,985.48,3563544.95
PO02211,MAT0793,SUP129,2026-07-17,504.97,1567053.2
PO02212,MAT1553,SUP181,2026-02-06,920.75,2864886.0
PO02213,MAT1519,SUP479,2025-06-10,944.26,2236460.92
PO02214,MAT0667,SUP461,2026-08-04,217.99,1047256.66
PO02215,MAT1394,SUP433,2025-06-26,521.91,2485659.0
PO02216,MAT1100,SUP224,2026-06-12,924.91,4440233.94
PO02217,MAT0349,SUP022,2026-08-15,561.48,245883.32
PO02218,MAT1508,SUP495,2025-08-06,176.11,552596.2
PO02219,MAT1085,SUP273,2025-05-05,54.33,87764.68
PO02220,MAT1035,SUP300,2025-04-30,24.75,79211.88
PO02221,MAT0839,SUP013,2025-08-24,183.97,571545.12
PO02222,MAT1770,SUP339,2025-01-03,26.11,126378.41
PO02223,MAT1889,SUP343,2026-06-19,392.08,1500952.81
PO02224,MAT0837,SUP497,2026-03-21,385.61,1292213.81
PO02225,MAT0169,SUP097,2025-02-16,910.94,3311549.29
PO02226,MAT1872,SUP207,2026-06-05,842.86,3834557.86
PO02227,MAT0413,SUP313,2026-07-26,920.35,3595678.6
PO02228,MAT1879,SUP253,2026-05-08,717.72,733237.11
PO02229,MAT0542,SUP218,2025-05-05,21.09,44805.92
PO02230,MAT0186,SUP154,2025-03-27,819.65,2693361.7
PO02231,MAT0107,SUP198,2025-07-13,378.94,863699.0
PO02232,MAT0328,SUP170,2025-04-06,295.88,363364.31
PO02233,MAT0847,SUP445,2025-08-29,898.76,4434356.01
PO02234,MAT1042,SUP063,2025-10-24,929.27,1650206.96
PO02235,MAT1016,SUP411,2025-09-07,644.74,1351620.04
PO02236,MAT0038,SUP448,2025-03-29,593.74,1009441.12
PO02237,MAT0997,SUP010,2025-02-18,788.31,2288621.59
PO02238,MAT0796,SUP102,2025-10-10,426.93,507538.65
PO02239,MAT0824,SUP214,2026-07-18,645.1,3007469.1
PO02240,MAT0158,SUP052,2025-07-19,321.71,69553.7
PO02241,MAT1456,SUP291,2026-02-23,867.69,3903546.42
PO02242,MAT0868,SUP056,2025-11-20,833.74,3314633.42
PO02243,MAT1588,SUP382,2025-04-11,44.52,31287.32
PO02244,MAT0478,SUP250,2025-07-23,736.0,433297.92
PO02245,MAT1321,SUP066,2025-01-18,462.47,980505.77
PO02246,MAT0147,SUP438,2026-02-18,916.84,2051071.93
PO02247,MAT0485,SUP092,2025-01-04,376.36,1786249.72
PO02248,MAT0712,SUP145,2025-10-13,944.02,2871689.96
PO02249,MAT1939,SUP414,2026-01-24,443.16,521922.83
PO02250,MAT0144,SUP349,2025-03-18,338.09,1478136.24
PO02251,MAT0825,SUP378,2025-02-17,441.55,659238.57
PO02252,MAT0998,SUP456,2026-02-04,427.86,269064.04
PO02253,MAT0251,SUP298,2025-04-05,83.09,361532.07
PO02254,MAT0591,SUP272,2026-02-07,916.98,2085625.16
PO02255,MAT1830,SUP289,2025-11-03,868.83,3323570.15
PO02256,MAT0075,SUP121,2025-04-03,707.04,1302827.26
PO02257,MAT1028,SUP025,2025-08-19,986.91,2241519.34
PO02258,MAT1719,SUP276,2025-01-02,809.69,884813.04
PO02259,MAT1952,SUP047,2026-07-09,330.69,442959.26
PO02260,MAT0576,SUP029,2026-02-13,617.98,2403620.85
PO02261,MAT1973,SUP190,2025-10-03,774.7,3530912.17
PO02262,MAT0636,SUP249,2026-04-26,51.54,138190.59
PO02263,MAT0669,SUP112,2025-01-16,373.61,1238285.51
PO02264,MAT0385,SUP210,2026-07-30,762.61,3408546.4
PO02265,MAT1024,SUP172,2026-03-17,425.49,1548460.23
PO02266,MAT0255,SUP226,2025-07-27,301.26,16072.22
PO02267,MAT1740,SUP257,2025-05-25,384.14,1180193.32
PO02268,MAT1216,SUP243,2026-08-05,568.96,1730571.49
PO02269,MAT0916,SUP422,2026-02-19,167.71,544706.99
PO02270,MAT0922,SUP483,2026-04-16,787.06,958953.9
PO02271,MAT1441,SUP006,2026-06-25,241.74,801452.71
PO02272,MAT1730,SUP385,2026-03-20,562.45,389755.35
PO02273,MAT0851,SUP287,2026-06-17,898.73,1043767.05
PO02274,MAT0723,SUP299,2026-08-03,127.13,391163.75
PO02275,MAT0803,SUP211,2026-06-26,995.06,2459400.25
PO02276,MAT0887,SUP322,2026-05-12,783.77,154504.58
PO02277,MAT0074,SUP074,2025-03-16,370.44,1261918.68
PO02278,MAT1698,SUP316,2026-01-15,804.82,3531276.52
PO02279,MAT1356,SUP164,2026-03-16,188.8,374479.14
PO02280,MAT0193,SUP170,2026-04-10,845.45,3204483.77
PO02281,MAT0251,SUP298,2026-08-07,459.93,2001196.82
PO02282,MAT0572,SUP165,2026-01-22,33.14,26616.06
PO02283,MAT1137,SUP437,2025-08-31,135.24,26915.46
PO02284,MAT0698,SUP478,2025-03-31,141.37,487855.15
PO02285,MAT1611,SUP335,2026-01-03,460.01,1401112.26
PO02286,MAT1914,SUP309,2026-06-19,581.54,1728453.19
PO02287,MAT1489,SUP116,2025-07-11,386.34,1357054.02
PO02288,MAT0694,SUP468,2025-11-06,978.0,2197253.04
PO02289,MAT0018,SUP168,2026-07-21,856.23,75570.86
PO02290,MAT0926,SUP226,2026-08-09,374.86,490620.52
PO02291,MAT0358,SUP173,2025-05-23,941.34,1495977.53
PO02292,MAT1611,SUP335,2026-04-18,367.59,1119616.65
PO02293,MAT1415,SUP417,2026-06-07,321.21,41805.48
PO02294,MAT0567,SUP192,2025-05-01,465.96,972966.42
PO02295,MAT0249,SUP324,2026-04-13,297.88,940606.74
PO02296,MAT1625,SUP166,2025-04-03,674.25,1096977.78
PO02297,MAT1095,SUP197,2025-05-22,493.39,1966687.08
PO02298,MAT1534,SUP342,2026-01-30,606.1,1203950.98
PO02299,MAT0899,SUP177,2025-03-18,105.61,220624.57
PO02300,MAT1136,SUP434,2026-07-19,153.21,332853.32
PO02301,MAT1515,SUP289,2025-04-05,612.47,2088933.05
PO02302,MAT1472,SUP343,2026-02-17,940.57,2476266.86
PO02303,MAT1698,SUP316,2026-03-23,273.61,1200507.65
PO02304,MAT0234,SUP148,2025-06-16,149.5,145932.93
PO02305,MAT0538,SUP441,2026-05-04,340.92,788588.87
PO02306,MAT1016,SUP411,2025-03-18,454.79,953412.66
PO02307,MAT1672,SUP165,2025-09-28,723.8,2181323.3
PO02308,MAT1428,SUP316,2026-01-11,273.74,1136382.34
PO02309,MAT1923,SUP425,2025-05-16,114.18,62962.28
PO02310,MAT1996,SUP030,2026-07-21,353.15,1361407.38
PO02311,MAT1482,SUP137,2025-10-28,379.12,912689.7
PO02312,MAT0317,SUP015,2025-02-16,325.77,1544286.62
PO02313,MAT1962,SUP426,2026-06-02,135.15,531289.52
PO02314,MAT0802,SUP113,2026-08-15,150.12,456064.56
PO02315,MAT1026,SUP015,2026-01-11,501.98,1497351.12
PO02316,MAT1934,SUP213,2025-01-01,713.2,1981676.12
PO02317,MAT1989,SUP175,2025-01-19,938.72,4330418.62
PO02318,MAT1252,SUP399,2025-02-20,72.74,315053.67
PO02319,MAT1705,SUP215,2026-02-13,227.36,74446.76
PO02320,MAT0633,SUP405,2025-12-17,415.91,579296.08
PO02321,MAT0837,SUP497,2025-02-24,464.76,1557452.59
PO02322,MAT0611,SUP396,2025-08-05,829.01,3813114.4
PO02323,MAT1294,SUP153,2025-10-13,849.14,492891.8
PO02324,MAT0060,SUP489,2026-04-27,991.96,2721154.59
PO02325,MAT0744,SUP134,2026-05-31,171.33,419818.47
PO02326,MAT1410,SUP371,2026-07-28,614.92,1907321.96
PO02327,MAT1705,SUP215,2025-10-14,15.01,4914.87
PO02328,MAT0086,SUP422,2025-04-02,490.62,203641.64
PO02329,MAT0734,SUP291,2026-06-14,190.94,675769.12
PO02330,MAT0368,SUP026,2025-09-26,719.91,3078637.52
PO02331,MAT1968,SUP252,2025-09-04,99.19,162820.38
PO02332,MAT0367,SUP084,2026-03-06,81.76,307201.75
PO02333,MAT1681,SUP237,2026-07-10,924.95,4332650.79
PO02334,MAT1556,SUP115,2026-01-18,16.18,74674.74
PO02335,MAT1329,SUP152,2025-03-09,68.33,190172.64
PO02336,MAT0441,SUP430,2025-12-26,943.54,3272611.88
PO02337,MAT0933,SUP405,2025-03-02,100.55,141421.56
PO02338,MAT0073,SUP328,2026-08-12,378.08,159341.82
PO02339,MAT0457,SUP023,2025-01-02,614.31,2762238.77
PO02340,MAT0803,SUP211,2026-04-20,887.05,2192441.65
PO02341,MAT1817,SUP399,2025-04-22,981.24,2909612.1
PO02342,MAT0856,SUP298,2025-03-30,321.83,248896.89
PO02343,MAT0707,SUP183,2026-03-14,90.06,152655.3
PO02344,MAT1508,SUP495,2025-02-14,746.43,2342140.59
PO02345,MAT0677,SUP108,2025-08-21,947.53,2918079.72
PO02346,MAT0429,SUP367,2026-03-28,62.71,36587.52
PO02347,MAT1154,SUP128,2026-08-07,144.8,652297.94
PO02348,MAT1893,SUP420,2025-02-14,42.5,43122.62
PO02349,MAT0708,SUP291,2025-03-14,811.57,413852.01
PO02350,MAT0692,SUP140,2025-11-18,683.68,327927.11
PO02351,MAT1595,SUP117,2025-01-05,957.41,744060.76
PO02352,MAT1721,SUP112,2025-09-20,906.99,1216445.92
PO02353,MAT0139,SUP004,2025-03-30,878.48,1711885.19
PO02354,MAT1718,SUP396,2026-08-11,787.36,1791936.88
PO02355,MAT0756,SUP337,2026-07-30,714.26,3396249.16
PO02356,MAT0746,SUP122,2025-10-28,234.73,855285.7
PO02357,MAT0522,SUP008,2025-05-25,799.47,3677506.04
PO02358,MAT1143,SUP169,2026-06-19,473.64,2278961.49
PO02359,MAT0247,SUP142,2026-07-23,577.35,2033461.34
PO02360,MAT1792,SUP367,2026-02-27,351.17,1111410.91
PO02361,MAT1518,SUP401,2025-09-21,286.24,150393.36
PO02362,MAT0611,SUP396,2026-04-29,768.33,3534010.67
PO02363,MAT1416,SUP333,2026-02-28,837.97,1759376.67
PO02364,MAT0404,SUP121,2025-04-01,959.74,108556.19
PO02365,MAT0638,SUP202,2026-06-12,926.44,130572.45
PO02366,MAT0952,SUP171,2026-05-01,210.16,500416.18
PO02367,MAT0717,SUP429,2025-11-15,812.83,500622.0
PO02368,MAT1694,SUP397,2025-03-26,221.09,783965.24
PO02369,MAT1371,SUP203,2025-03-14,45.17,154279.04
PO02370,MAT0167,SUP105,2025-12-07,54.95,178652.89
PO02371,MAT0290,SUP004,2025-12-27,776.94,130805.62
PO02372,MAT1345,SUP278,2026-02-17,229.56,980443.87
PO02373,MAT1160,SUP439,2025-07-07,78.03,157116.53
PO02374,MAT0383,SUP298,2025-10-31,221.2,89037.42
PO02375,MAT1862,SUP482,2026-01-04,443.47,1648014.34
PO02376,MAT1416,SUP333,2026-06-21,766.3,1608900.49
PO02377,MAT0569,SUP321,2025-09-05,344.02,896935.82
PO02378,MAT0721,SUP273,2025-06-05,426.47,844585.45
PO02379,MAT1168,SUP466,2025-03-03,411.58,428014.39
PO02380,MAT0584,SUP080,2025-10-07,979.22,3785125.95
PO02381,MAT0751,SUP313,2026-03-22,48.53,82893.61
PO02382,MAT0771,SUP357,2026-03-16,453.33,2034309.31
PO02383,MAT0041,SUP186,2026-07-16,226.84,418488.04
PO02384,MAT1627,SUP146,2025-09-15,892.09,568109.67
PO02385,MAT1672,SUP165,2026-07-09,508.35,1532019.48
PO02386,MAT0285,SUP214,2026-07-15,310.6,432581.94
PO02387,MAT0966,SUP455,2025-07-01,324.74,57969.34
PO02388,MAT0399,SUP360,2025-08-22,388.8,414927.36
PO02389,MAT1152,SUP451,2025-11-02,411.83,958744.36
PO02390,MAT1517,SUP153,2025-05-22,544.79,2527411.56
PO02391,MAT0925,SUP479,2025-12-05,340.65,384641.54
PO02392,MAT0202,SUP007,2026-04-02,818.14,1716752.25
PO02393,MAT1164,SUP344,2025-10-11,707.64,2408134.3
PO02394,MAT1572,SUP309,2026-02-07,366.51,1829082.82
PO02395,MAT1557,SUP447,2025-12-10,358.91,1737903.23
PO02396,MAT0138,SUP206,2026-01-08,961.31,927346.92
PO02397,MAT1597,SUP284,2025-06-13,213.93,75093.71
PO02398,MAT1975,SUP328,2025-07-07,731.89,93081.77
PO02399,MAT1960,SUP056,2025-01-10,598.13,2052190.01
PO02400,MAT1100,SUP224,2026-07-08,937.55,4500915.04
PO02401,MAT1703,SUP089,2025-11-29,116.07,436676.23
PO02402,MAT1147,SUP168,2026-05-21,632.65,1256423.92
PO02403,MAT0296,SUP436,2025-11-13,733.31,3398092.54
PO02404,MAT1998,SUP352,2025-04-15,890.59,1749564.06
PO02405,MAT1624,SUP153,2025-04-13,951.53,1654263.45
PO02406,MAT0996,SUP263,2025-04-13,468.07,1702295.7
PO02407,MAT0504,SUP258,2026-06-04,941.99,481630.07
PO02408,MAT1415,SUP417,2025-04-08,605.02,78743.35
PO02409,MAT0230,SUP181,2025-01-20,150.9,468687.86
PO02410,MAT1426,SUP014,2025-10-30,707.12,2802337.77
PO02411,MAT0142,SUP189,2026-04-01,685.16,783274.91
PO02412,MAT0500,SUP074,2025-02-25,689.87,2836221.14
PO02413,MAT0124,SUP347,2025-07-01,176.51,340574.28
PO02414,MAT0614,SUP470,2025-01-25,412.06,1518284.52
PO02415,MAT0463,SUP004,2026-01-15,920.18,334052.95
PO02416,MAT0987,SUP336,2025-11-19,819.4,1907407.51
PO02417,MAT0528,SUP196,2025-10-02,701.65,2386115.19
PO02418,MAT1501,SUP211,2025-03-27,685.76,2272519.49
PO02419,MAT0602,SUP372,2025-01-01,894.04,2397564.95
PO02420,MAT0628,SUP388,2025-05-19,190.42,115440.22
PO02421,MAT1394,SUP433,2025-11-18,787.08,3748562.95
PO02422,MAT0303,SUP237,2026-08-03,363.77,1465734.82
PO02423,MAT0227,SUP003,2025-03-02,20.47,21874.86
PO02424,MAT1395,SUP231,2026-03-04,761.95,3347375.88
PO02425,MAT1104,SUP342,2025-02-21,88.15,307570.34
PO02426,MAT1050,SUP093,2025-04-24,343.89,485249.42
PO02427,MAT1524,SUP029,2025-07-07,907.44,3773117.37
PO02428,MAT1849,SUP333,2025-12-22,966.95,3647277.38
PO02429,MAT1797,SUP291,2025-09-23,445.75,1333871.22
PO02430,MAT0081,SUP045,2025-12-14,41.67,139836.6
PO02431,MAT1899,SUP070,2025-10-17,53.39,2762.93
PO02432,MAT0013,SUP080,2026-05-20,108.89,412089.85
PO02433,MAT1641,SUP252,2026-03-30,707.14,2174830.28
PO02434,MAT0578,SUP395,2025-05-13,469.06,597324.46
PO02435,MAT0285,SUP214,2026-07-18,59.02,82198.92
PO02436,MAT0148,SUP461,2025-12-29,711.21,1603878.12
PO02437,MAT1397,SUP292,2026-01-10,647.47,2768873.08
PO02438,MAT1437,SUP236,2025-08-25,669.76,440226.55
PO02439,MAT1728,SUP391,2025-03-09,57.66,33666.52
PO02440,MAT0282,SUP131,2026-02-07,294.97,1320471.55
PO02441,MAT0162,SUP141,2025-08-10,970.14,2721970.3
PO02442,MAT1381,SUP048,2025-01-13,211.23,19426.82
PO02443,MAT0858,SUP272,2026-08-16,127.33,330248.18
PO02444,MAT0981,SUP218,2025-10-12,354.73,183643.72
PO02445,MAT1547,SUP324,2025-02-02,879.5,4064679.61
PO02446,MAT0416,SUP266,2026-03-15,55.15,190642.52
PO02447,MAT1984,SUP390,2025-10-19,73.77,147893.36
PO02448,MAT0509,SUP268,2026-07-10,306.89,804917.23
PO02449,MAT1357,SUP219,2025-04-07,955.86,732293.9
PO02450,MAT1676,SUP102,2025-12-11,881.7,3840032.74
PO02451,MAT0286,SUP258,2025-06-28,960.25,900474.44
PO02452,MAT1716,SUP116,2026-01-03,352.65,493836.95
PO02453,MAT0746,SUP122,2025-09-07,910.21,3316532.18
PO02454,MAT0536,SUP392,2026-08-04,347.06,498836.28
PO02455,MAT0895,SUP351,2025-02-16,367.73,1059959.66
PO02456,MAT1238,SUP429,2025-03-14,42.93,108362.62
PO02457,MAT1790,SUP037,2026-02-22,964.12,4618134.8
PO02458,MAT0058,SUP295,2026-08-07,941.16,3394566.48
PO02459,MAT1529,SUP105,2025-01-14,647.68,1551206.55
PO02460,MAT1940,SUP138,2026-02-12,575.48,2411974.8
PO02461,MAT1802,SUP187,2026-07-15,68.2,255068.68
PO02462,MAT1573,SUP337,2026-07-14,392.99,1296914.16
PO02463,MAT0138,SUP206,2026-03-26,482.73,465675.15
PO02464,MAT1906,SUP381,2025-02-15,780.51,1794486.15
PO02465,MAT1432,SUP105,2025-09-05,996.15,509690.11
PO02466,MAT0202,SUP007,2026-05-28,274.39,575769.0
PO02467,MAT1386,SUP403,2025-05-09,719.49,1243386.64
PO02468,MAT0825,SUP378,2025-08-12,665.59,993732.53
PO02469,MAT1905,SUP053,2026-08-07,849.8,2024215.1
PO02470,MAT1382,SUP100,2025-11-11,585.24,2207302.89
PO02471,MAT0869,SUP061,2026-01-19,863.27,228110.46
PO02472,MAT1179,SUP011,2025-01-22,12.75,48536.19
PO02473,MAT1271,SUP195,2026-05-18,463.89,2236826.55
PO02474,MAT0341,SUP158,2025-06-10,340.83,811577.58
PO02475,MAT1648,SUP015,2025-01-09,225.79,310736.71
PO02476,MAT1482,SUP137,2025-12-23,830.16,1998518.88
PO02477,MAT0987,SUP336,2025-03-16,498.3,1159947.72
PO02478,MAT0069,SUP474,2026-01-24,319.97,438445.29
PO02479,MAT1624,SUP153,2025-05-14,899.86,1564433.61
PO02480,MAT0468,SUP022,2025-07-08,293.01,845322.13
PO02481,MAT1390,SUP083,2026-04-16,541.87,778439.6
PO02482,MAT0195,SUP016,2025-07-08,586.29,2303275.44
PO02483,MAT1125,SUP385,2025-07-11,664.88,1004294.59
PO02484,MAT1078,SUP421,2026-08-10,705.43,422686.6
PO02485,MAT0479,SUP457,2025-06-03,226.65,231713.36
PO02486,MAT0100,SUP485,2025-08-15,314.64,1361639.21
PO02487,MAT1657,SUP376,2025-04-08,79.05,371777.68
PO02488,MAT0429,SUP367,2025-02-02,575.6,335828.06
PO02489,MAT1794,SUP212,2026-03-08,840.54,632632.43
PO02490,MAT1420,SUP046,2025-02-17,362.61,1124268.68
PO02491,MAT0667,SUP461,2025-01-06,640.83,3078643.44
PO02492,MAT0666,SUP158,2026-07-08,560.23,2052850.79
PO02493,MAT0977,SUP048,2026-02-28,515.33,1335240.64
PO02494,MAT0948,SUP210,2025-09-06,23.81,4581.76
PO02495,MAT1107,SUP320,2025-04-30,97.5,120231.15
PO02496,MAT0577,SUP099,2026-02-07,449.63,1841410.21
PO02497,MAT0375,SUP134,2025-05-20,620.1,609173.84
PO02498,MAT1015,SUP323,2025-01-07,288.77,231154.61
PO02499,MAT0954,SUP496,2025-12-09,958.11,242947.95
PO02500,MAT0971,SUP281,2026-04-13,340.74,660316.64
PO02501,MAT1012,SUP332,2026-07-31,560.92,957103.41
PO02502,MAT0029,SUP241,2026-07-11,456.64,1449996.39
PO02503,MAT0117,SUP294,2026-08-03,862.1,857255.0
PO02504,MAT0562,SUP306,2025-03-31,179.28,568979.14
PO02505,MAT1989,SUP175,2026-03-10,318.57,1469598.45
PO02506,MAT1573,SUP337,2026-02-09,55.96,184674.72
PO02507,MAT0324,SUP363,2025-09-04,424.89,1479942.86
PO02508,MAT1266,SUP491,2025-07-03,799.37,2422578.72
PO02509,MAT1330,SUP122,2025-05-25,463.0,112740.5
PO02510,MAT0769,SUP029,2025-12-29,525.45,976554.08
PO02511,MAT0735,SUP073,2025-03-21,263.28,1295000.6
PO02512,MAT1130,SUP061,2026-04-20,891.03,1633409.47
PO02513,MAT1578,SUP380,2025-05-10,11.09,12124.81
PO02514,MAT1437,SUP236,2026-04-01,123.39,81103.01
PO02515,MAT0284,SUP092,2025-12-19,843.44,2350397.38
PO02516,MAT1901,SUP074,2025-08-20,716.56,2953001.08
PO02517,MAT0589,SUP151,2026-07-18,16.06,56215.46
PO02518,MAT0667,SUP461,2025-07-13,437.13,2100038.09
PO02519,MAT0514,SUP229,2025-06-22,107.98,58998.11
PO02520,MAT0307,SUP483,2025-06-25,76.85,23105.72
PO02521,MAT0116,SUP269,2026-06-22,787.82,3060129.23
PO02522,MAT0768,SUP291,2026-06-19,577.12,2700032.84
PO02523,MAT1736,SUP426,2026-05-16,725.56,2572697.9
PO02524,MAT1088,SUP222,2026-01-10,569.89,1699998.97
PO02525,MAT0648,SUP014,2026-03-21,115.35,358033.71
PO02526,MAT1778,SUP440,2025-04-25,508.1,1269955.3
PO02527,MAT0291,SUP001,2025-08-05,540.18,2297158.66
PO02528,MAT0626,SUP305,2025-12-07,554.74,2141252.02
PO02529,MAT1916,SUP178,2025-03-25,733.03,3128975.21
PO02530,MAT1730,SUP385,2025-11-17,573.29,397267.04
PO02531,MAT0134,SUP146,2026-04-20,693.36,3429386.29
PO02532,MAT0032,SUP298,2026-04-27,175.8,839172.51
PO02533,MAT0790,SUP186,2025-04-07,387.9,993927.81
PO02534,MAT1375,SUP245,2026-06-14,54.01,177199.25
PO02535,MAT0491,SUP419,2025-02-21,752.91,1852128.48
PO02536,MAT0237,SUP290,2025-12-14,918.0,3662461.98
PO02537,MAT0658,SUP204,2026-05-06,539.63,2093602.51
PO02538,MAT1111,SUP369,2025-08-10,76.5,132505.65
PO02539,MAT1404,SUP445,2026-01-20,612.57,2919257.47
PO02540,MAT0030,SUP260,2025-06-08,513.44,814582.83
PO02541,MAT1015,SUP323,2026-08-19,484.8,388072.7
PO02542,MAT0617,SUP214,2025-06-26,805.67,3509047.34
PO02543,MAT1460,SUP216,2025-10-10,338.38,224772.3
PO02544,MAT1873,SUP402,2025-11-15,867.57,1467347.17
PO02545,MAT0380,SUP372,2025-04-09,995.47,3809116.18
PO02546,MAT1903,SUP072,2025-05-22,176.44,116658.6
PO02547,MAT1639,SUP417,2026-05-04,170.89,629068.31
PO02548,MAT1312,SUP219,2025-02-25,185.86,289242.77
PO02549,MAT0382,SUP134,2025-08-07,618.89,931769.84
PO02550,MAT0720,SUP455,2026-07-04,136.19,615731.33
PO02551,MAT1451,SUP103,2025-08-23,143.92,258614.17
PO02552,MAT0939,SUP232,2025-06-09,68.57,299914.89
PO02553,MAT0357,SUP354,2025-04-01,284.65,83684.25
PO02554,MAT1884,SUP094,2026-05-14,987.53,748172.48
PO02555,MAT0474,SUP036,2025-08-05,733.83,1191035.44
PO02556,MAT0929,SUP018,2026-06-22,750.29,2602665.98
PO02557,MAT1777,SUP143,2025-03-09,427.25,1650881.18
PO02558,MAT1935,SUP435,2026-01-04,581.5,1701137.54
PO02559,MAT1806,SUP106,2025-07-20,704.09,558301.12
PO02560,MAT0125,SUP022,2025-05-10,738.36,3528474.77
PO02561,MAT1863,SUP108,2025-01-14,136.3,546422.61
PO02562,MAT1699,SUP478,2025-08-01,978.89,997870.68
PO02563,MAT0275,SUP301,2025-10-11,937.73,1486620.88
PO02564,MAT0347,SUP203,2025-06-02,226.83,575104.78
PO02565,MAT1213,SUP194,2025-05-15,139.28,197773.42
PO02566,MAT1751,SUP025,2026-03-26,503.05,726645.66
PO02567,MAT1809,SUP284,2025-05-11,698.5,2962128.95
PO02568,MAT0485,SUP092,2025-04-16,251.26,1192510.11
PO02569,MAT0915,SUP211,2025-07-18,51.01,219747.0
PO02570,MAT0634,SUP339,2025-05-14,508.3,1693533.61
PO02571,MAT0307,SUP483,2026-03-04,342.11,102858.79
PO02572,MAT0191,SUP476,2025-02-18,413.09,52673.11
PO02573,MAT0451,SUP267,2026-02-10,205.07,808381.84
PO02574,MAT0619,SUP258,2025-02-28,350.99,283715.75
PO02575,MAT0353,SUP076,2025-08-25,935.55,2769480.6
PO02576,MAT1542,SUP358,2026-03-27,462.35,1370784.53
PO02577,MAT0420,SUP115,2025-12-31,403.9,1306382.24
PO02578,MAT0210,SUP377,2026-08-22,104.99,508196.75
PO02579,MAT1219,SUP014,2026-07-05,232.0,152732.56
PO02580,MAT1639,SUP417,2025-03-14,686.95,2528752.25
PO02581,MAT0461,SUP286,2025-06-15,990.76,2869300.41
PO02582,MAT0459,SUP428,2025-04-02,421.55,450055.21
PO02583,MAT1913,SUP400,2025-03-17,474.98,1341970.49
PO02584,MAT1657,SUP376,2026-01-23,866.54,4075398.28
PO02585,MAT1459,SUP102,2025-02-11,861.99,254993.88
PO02586,MAT0579,SUP267,2025-06-12,586.22,1401353.05
PO02587,MAT0863,SUP236,2026-06-28,225.99,141695.73
PO02588,MAT1685,SUP326,2025-01-30,271.03,1198643.73
PO02589,MAT1188,SUP282,2026-07-09,822.97,1003809.43
PO02590,MAT0706,SUP045,2025-03-10,623.89,1241534.86
PO02591,MAT0535,SUP318,2026-02-06,170.58,424246.11
PO02592,MAT0079,SUP397,2026-08-05,90.35,319386.35
PO02593,MAT0538,SUP441,2025-07-27,939.5,2173176.24
PO02594,MAT0268,SUP152,2026-03-06,491.98,1933392.84
PO02595,MAT1856,SUP277,2026-05-29,65.32,311940.23
PO02596,MAT0427,SUP024,2026-02-20,561.61,1396999.26
PO02597,MAT0206,SUP305,2026-01-13,969.15,986555.93
PO02598,MAT0924,SUP122,2026-03-04,843.02,552405.72
PO02599,MAT1343,SUP197,2026-02-07,465.9,277061.41
PO02600,MAT0112,SUP316,2025-02-11,389.33,1163684.01
PO02601,MAT0749,SUP243,2026-02-08,930.56,715126.05
PO02602,MAT1019,SUP389,2025-03-28,574.62,1906514.46
PO02603,MAT0680,SUP374,2026-02-08,368.43,916617.0
PO02604,MAT0442,SUP417,2025-03-03,310.16,172845.96
PO02605,MAT1639,SUP417,2025-10-21,781.01,2874999.34
PO02606,MAT1583,SUP273,2025-09-18,307.5,1020589.42
PO02607,MAT0734,SUP291,2025-02-07,446.57,1580487.15
PO02608,MAT0929,SUP018,2026-03-18,397.6,1379226.69
PO02609,MAT0355,SUP293,2025-07-21,688.01,1645430.96
PO02610,MAT1555,SUP153,2025-07-13,720.11,456362.51
PO02611,MAT1744,SUP350,2026-08-05,422.66,1766486.34
PO02612,MAT0927,SUP192,2025-01-09,309.28,499991.33
PO02613,MAT1225,SUP255,2026-01-21,175.6,270717.25
PO02614,MAT0321,SUP076,2025-07-14,138.18,488915.38
PO02615,MAT0381,SUP182,2025-06-22,391.49,1461761.02
PO02616,MAT0905,SUP154,2026-03-21,883.24,4282539.29
PO02617,MAT1214,SUP249,2025-05-01,97.58,9471.11
PO02618,MAT1429,SUP373,2025-05-31,263.17,538298.44
PO02619,MAT1192,SUP259,2026-02-25,668.81,2466497.71
PO02620,MAT0369,SUP138,2025-12-18,941.43,2439000.36
PO02621,MAT1449,SUP407,2026-07-23,698.47,3332484.19
PO02622,MAT0922,SUP483,2025-09-30,676.77,824576.57
PO02623,MAT0731,SUP261,2025-04-14,682.39,1898852.53
PO02624,MAT1097,SUP053,2026-06-10,639.87,1917127.3
PO02625,MAT1053,SUP163,2025-02-10,538.46,712398.73
PO02626,MAT0824,SUP214,2026-05-20,949.65,4427287.29
PO02627,MAT1285,SUP493,2025-04-11,742.51,2525506.69
PO02628,MAT0764,SUP037,2026-02-22,156.04,569756.65
PO02629,MAT1041,SUP480,2025-09-03,727.11,3236243.0
PO02630,MAT1520,SUP237,2025-03-28,661.43,3020856.64
PO02631,MAT1441,SUP006,2026-08-08,685.87,2273899.1
PO02632,MAT0091,SUP315,2025-09-27,228.4,117048.15
PO02633,MAT0390,SUP487,2026-07-28,345.45,1542582.79
PO02634,MAT1559,SUP358,2025-09-03,888.49,2607469.37
PO02635,MAT1161,SUP168,2025-10-16,947.76,2321594.99
PO02636,MAT1815,SUP227,2025-07-11,890.07,2141846.65
PO02637,MAT0751,SUP313,2025-02-28,371.02,633735.55
PO02638,MAT1672,SUP165,2025-08-30,232.66,701169.77
PO02639,MAT0173,SUP134,2025-09-24,949.74,2458345.01
PO02640,MAT1254,SUP301,2025-02-05,810.83,4003375.83
PO02641,MAT1300,SUP216,2025-09-04,86.77,391327.49
PO02642,MAT1334,SUP321,2026-01-10,849.86,3508613.02
PO02643,MAT0435,SUP071,2026-06-26,504.51,1529926.58
PO02644,MAT1348,SUP423,2025-01-29,380.12,212464.27
PO02645,MAT0178,SUP376,2025-10-01,376.1,333927.91
PO02646,MAT0178,SUP376,2026-04-24,780.58,693053.56
PO02647,MAT0617,SUP214,2026-02-04,916.98,3993851.37
PO02648,MAT1451,SUP103,2026-08-01,678.39,1219019.34
PO02649,MAT0065,SUP023,2026-05-27,337.52,1496786.44
PO02650,MAT0681,SUP100,2026-04-10,407.36,258726.56
PO02651,MAT1120,SUP199,2025-10-02,724.53,1378505.27
PO02652,MAT0498,SUP497,2025-12-10,947.52,3037967.05
PO02653,MAT1328,SUP234,2026-01-05,967.38,3437468.74
PO02654,MAT0615,SUP423,2026-03-24,377.01,1548229.27
PO02655,MAT0967,SUP476,2026-04-29,991.22,4156225.11
PO02656,MAT0060,SUP489,2025-10-05,399.1,1094815.11
PO02657,MAT1339,SUP236,2026-05-30,388.48,1587799.34
PO02658,MAT0999,SUP011,2025-03-07,436.6,644268.79
PO02659,MAT1491,SUP362,2025-10-15,135.21,199501.0
PO02660,MAT1912,SUP125,2025-07-01,349.82,874595.48
PO02661,MAT0544,SUP412,2026-01-14,31.9,89285.87
PO02662,MAT1797,SUP291,2025-01-09,576.96,1726506.64
PO02663,MAT1477,SUP175,2025-11-10,512.97,2092548.26
PO02664,MAT0479,SUP457,2025-12-16,193.51,197833.01
PO02665,MAT1977,SUP191,2026-02-13,599.99,162927.28
PO02666,MAT0626,SUP305,2025-11-27,788.66,3044164.51
PO02667,MAT1764,SUP209,2026-01-16,579.96,82737.09
PO02668,MAT0202,SUP007,2026-02-11,309.07,648540.13
PO02669,MAT1884,SUP094,2026-04-03,189.91,143879.61
PO02670,MAT0629,SUP008,2025-09-03,23.41,81567.23
PO02671,MAT0692,SUP140,2025-10-10,145.34,69712.33
PO02672,MAT0171,SUP383,2026-01-12,779.15,3565764.39
PO02673,MAT0404,SUP121,2025-05-02,273.04,30883.55
PO02674,MAT0457,SUP023,2026-01-30,131.31,590434.1
PO02675,MAT0731,SUP261,2025-10-20,62.11,172830.39
PO02676,MAT1075,SUP114,2025-09-29,654.16,2488542.39
PO02677,MAT1466,SUP481,2026-08-21,203.46,113648.69
PO02678,MAT0260,SUP441,2025-06-11,941.55,3281725.45
PO02679,MAT1454,SUP126,2025-04-30,307.99,343458.13
PO02680,MAT1031,SUP378,2025-11-21,887.27,506515.82
PO02681,MAT1793,SUP075,2025-08-07,721.21,2741903.39
PO02682,MAT1183,SUP330,2025-02-27,458.28,1204506.49
PO02683,MAT0280,SUP140,2026-02-27,227.81,83417.19
PO02684,MAT1366,SUP340,2026-04-14,233.75,97043.65
PO02685,MAT0893,SUP091,2025-01-19,39.69,131535.84
PO02686,MAT1544,SUP256,2025-05-05,500.73,827261.04
PO02687,MAT0982,SUP300,2026-06-28,823.73,3175314.4
PO02688,MAT1474,SUP393,2025-06-21,150.67,538093.8
PO02689,MAT1987,SUP224,2025-05-04,88.61,167114.92
PO02690,MAT0928,SUP451,2026-07-17,452.17,835085.64
PO02691,MAT1781,SUP211,2026-07-25,288.04,921802.89
PO02692,MAT1682,SUP163,2025-06-10,217.02,203384.63
PO02693,MAT0310,SUP256,2025-10-14,741.73,3278261.17
PO02694,MAT0278,SUP488,2025-06-30,438.62,1157465.55
PO02695,MAT0389,SUP495,2026-06-02,799.54,1557040.19
PO02696,MAT0354,SUP445,2025-09-23,274.39,1209146.18
PO02697,MAT0486,SUP113,2026-05-26,58.12,69578.94
PO02698,MAT0077,SUP188,2026-05-25,202.06,324550.79
PO02699,MAT1682,SUP163,2025-06-17,871.0,816275.07
PO02700,MAT0002,SUP161,2025-01-26,694.59,1109253.28
PO02701,MAT0297,SUP140,2026-02-25,798.67,335201.8
PO02702,MAT0916,SUP422,2025-06-01,230.34,748123.59
PO02703,MAT0111,SUP458,2026-04-01,468.17,347344.69
PO02704,MAT1352,SUP171,2025-05-16,581.53,1066781.89
PO02705,MAT1234,SUP437,2026-02-14,685.15,3269974.3
PO02706,MAT1994,SUP369,2026-02-21,196.42,713827.6
PO02707,MAT1055,SUP348,2026-04-25,13.37,4567.46
PO02708,MAT0569,SUP321,2025-10-13,911.92,2377576.06
PO02709,MAT1320,SUP317,2025-02-17,925.75,1427793.48
PO02710,MAT0632,SUP299,2026-01-01,817.14,216738.21
PO02711,MAT0728,SUP148,2026-03-26,933.1,666858.58
PO02712,MAT1823,SUP327,2025-03-06,34.34,141537.8
PO02713,MAT0632,SUP299,2026-01-12,332.23,88120.69
PO02714,MAT1862,SUP482,2026-06-16,661.7,2458996.31
PO02715,MAT0181,SUP234,2025-02-16,46.0,16064.58
PO02716,MAT0067,SUP444,2025-06-05,489.01,685797.4
PO02717,MAT1518,SUP401,2025-07-02,732.19,384699.95
PO02718,MAT0185,SUP137,2025-03-09,316.1,139447.52
PO02719,MAT0185,SUP137,2025-11-24,468.48,206669.95
PO02720,MAT0248,SUP425,2025-07-19,128.72,491619.01
PO02721,MAT0471,SUP437,2025-01-28,608.17,2593461.9
PO02722,MAT1098,SUP065,2025-08-21,967.98,1276397.79
PO02723,MAT0917,SUP123,2025-05-07,771.55,611306.78
PO02724,MAT0571,SUP057,2025-08-11,765.43,2378772.74
PO02725,MAT1576,SUP358,2026-06-26,808.06,2054128.92
PO02726,MAT1989,SUP175,2025-03-30,499.43,2303925.53
PO02727,MAT0404,SUP121,2025-06-18,909.35,102856.58
PO02728,MAT1426,SUP014,2025-07-23,130.41,516818.74
PO02729,MAT0307,SUP483,2026-01-23,626.21,188276.3
PO02730,MAT1163,SUP052,2025-12-26,712.1,1072436.84
PO02731,MAT1620,SUP467,2026-06-15,777.81,2467695.56
PO02732,MAT0137,SUP291,2025-06-30,907.42,833646.75
PO02733,MAT0735,SUP073,2025-01-28,604.92,2975432.1
PO02734,MAT1918,SUP323,2025-07-10,579.86,312590.93
PO02735,MAT0419,SUP385,2026-05-12,786.25,1287201.33
PO02736,MAT0889,SUP320,2025-12-19,136.54,520606.54
PO02737,MAT0121,SUP313,2026-01-18,966.7,968353.06
PO02738,MAT1717,SUP358,2025-12-27,828.97,1126984.72
PO02739,MAT0893,SUP091,2025-08-07,910.45,3017304.14
PO02740,MAT1037,SUP234,2025-06-01,177.29,37480.88
PO02741,MAT1317,SUP381,2026-03-30,234.57,625802.27
PO02742,MAT1766,SUP010,2025-07-14,894.69,1023740.09
PO02743,MAT0868,SUP056,2025-06-28,11.41,45361.82
PO02744,MAT0521,SUP400,2026-01-08,854.34,1536086.23
PO02745,MAT1427,SUP088,2025-08-16,784.04,3892366.58
PO02746,MAT1887,SUP226,2025-08-19,137.91,515445.52
PO02747,MAT1716,SUP116,2026-03-10,432.55,605725.72
PO02748,MAT1287,SUP366,2026-06-04,356.51,1257706.67
PO02749,MAT1072,SUP276,2025-02-05,474.85,1874308.93
PO02750,MAT0149,SUP213,2025-04-04,908.32,2580864.12
PO02751,MAT0868,SUP056,2026-07-19,976.36,3881636.34
PO02752,MAT1681,SUP237,2025-02-16,516.34,2418639.83
PO02753,MAT1229,SUP473,2026-02-03,611.06,1946873.82
PO02754,MAT0099,SUP063,2025-05-04,766.85,1744967.18
PO02755,MAT1569,SUP224,2025-06-12,831.47,1021826.74
PO02756,MAT0680,SUP374,2025-07-24,387.32,963613.43
PO02757,MAT0360,SUP331,2025-04-12,24.02,23546.33
PO02758,MAT1729,SUP015,2025-05-08,164.41,425067.26
PO02759,MAT1255,SUP093,2025-04-13,360.68,882493.79
PO02760,MAT1143,SUP169,2026-07-21,230.04,1106858.16
PO02761,MAT1230,SUP478,2026-07-26,680.99,2617296.54
PO02762,MAT1471,SUP299,2025-07-07,709.03,456267.9
PO02763,MAT1205,SUP257,2026-05-20,669.56,2215915.52
PO02764,MAT0577,SUP099,2026-03-22,923.81,3783362.24
PO02765,MAT0997,SUP010,2025-09-26,538.79,1564215.13
PO02766,MAT1582,SUP197,2025-09-22,781.56,210911.78
PO02767,MAT1081,SUP374,2026-05-05,208.3,208231.26
PO02768,MAT0145,SUP361,2026-03-30,756.21,330168.85
PO02769,MAT1472,SUP343,2025-05-15,153.7,404650.6
PO02770,MAT1037,SUP234,2025-08-10,982.33,207674.39
PO02771,MAT1084,SUP265,2025-06-06,150.22,664696.46
PO02772,MAT0082,SUP436,2025-06-15,920.45,3289191.26
PO02773,MAT0060,SUP489,2026-06-05,26.72,73298.57
PO02774,MAT0595,SUP210,2025-04-19,756.84,451682.11
PO02775,MAT1506,SUP063,2025-10-27,261.22,1041458.02
PO02776,MAT0834,SUP230,2025-06-07,352.65,1720424.18
PO02777,MAT0409,SUP458,2026-08-03,162.74,777521.27
PO02778,MAT1699,SUP478,2025-07-08,186.85,190473.02
PO02779,MAT0753,SUP173,2025-12-29,410.98,657851.58
PO02780,MAT0388,SUP403,2026-01-22,191.21,132041.98
PO02781,MAT1238,SUP429,2025-12-12,218.95,552667.02
PO02782,MAT1224,SUP100,2025-02-20,901.22,3925534.08
PO02783,MAT1308,SUP438,2025-09-06,834.78,2640484.27
PO02784,MAT0469,SUP108,2026-05-06,865.85,950789.88
PO02785,MAT1710,SUP326,2025-09-08,76.0,120859.76
PO02786,MAT1011,SUP373,2025-04-28,536.26,1906624.17
PO02787,MAT1813,SUP107,2025-10-06,402.85,506587.9
PO02788,MAT0065,SUP023,2026-05-19,283.02,1255097.47
PO02789,MAT1284,SUP085,2025-08-30,16.25,5430.59
PO02790,MAT0766,SUP464,2025-11-19,236.82,685468.39
PO02791,MAT1351,SUP057,2026-07-27,950.28,526065.51
PO02792,MAT1102,SUP301,2025-05-05,656.67,219143.91
PO02793,MAT1558,SUP478,2025-11-28,157.01,396486.36
PO02794,MAT1881,SUP116,2025-03-15,227.55,219335.44
PO02795,MAT1675,SUP193,2026-01-30,182.77,693902.75
PO02796,MAT1261,SUP132,2025-02-28,513.63,240800.02
PO02797,MAT0555,SUP086,2025-10-21,667.33,2855071.31
PO02798,MAT0582,SUP167,2025-08-23,575.2,505272.94
PO02799,MAT0252,SUP408,2026-04-30,660.28,1332900.63
PO02800,MAT0383,SUP298,2026-01-31,72.62,29231.0
PO02801,MAT1442,SUP178,2025-10-11,792.85,3944293.97
PO02802,MAT0064,SUP416,2025-02-16,367.92,133315.81
PO02803,MAT0934,SUP475,2025-09-15,572.99,2063371.37
PO02804,MAT0713,SUP419,2025-06-28,937.42,1558985.71
PO02805,MAT0625,SUP344,2025-03-10,374.6,804090.14
PO02806,MAT1159,SUP023,2026-03-15,977.58,178163.96
PO02807,MAT0271,SUP350,2025-10-02,81.3,311012.34
PO02808,MAT0136,SUP375,2026-08-03,768.76,2505396.53
PO02809,MAT0518,SUP030,2025-12-17,336.65,1083824.48
PO02810,MAT0920,SUP494,2025-10-06,26.74,104875.88
PO02811,MAT0876,SUP218,2025-04-04,580.47,1506633.1
PO02812,MAT0439,SUP414,2026-01-20,596.5,1573274.72
PO02813,MAT1561,SUP419,2025-08-05,595.03,2751811.44
PO02814,MAT1275,SUP090,2026-04-07,551.65,2016402.11
PO02815,MAT1319,SUP301,2026-01-02,806.81,810835.98
PO02816,MAT0315,SUP127,2025-03-03,482.39,660541.45
PO02817,MAT1083,SUP433,2025-01-01,813.09,1143594.82
PO02818,MAT0787,SUP231,2025-01-19,261.08,322253.65
PO02819,MAT0438,SUP246,2026-03-22,976.63,2807479.2
PO02820,MAT1789,SUP370,2025-01-16,80.41,6760.07
PO02821,MAT0867,SUP354,2026-05-24,105.13,45709.47
PO02822,MAT1213,SUP194,2025-04-02,158.17,224596.65
PO02823,MAT1578,SUP380,2025-03-17,941.39,1029231.1
PO02824,MAT0839,SUP013,2026-08-09,251.21,780441.64
PO02825,MAT1656,SUP149,2026-03-17,906.88,4133323.25
PO02826,MAT0915,SUP211,2026-02-18,468.13,2016666.59
PO02827,MAT0127,SUP056,2026-08-04,650.79,2419253.25
PO02828,MAT0689,SUP275,2026-02-20,45.97,49688.97
PO02829,MAT0133,SUP480,2026-06-20,479.82,2106352.22
PO02830,MAT1492,SUP465,2025-03-17,173.32,417692.53
PO02831,MAT1671,SUP393,2026-05-18,894.26,1160320.24
PO02832,MAT0885,SUP183,2025-08-25,89.1,298489.46
PO02833,MAT0536,SUP392,2025-07-09,140.53,201986.58
PO02834,MAT1753,SUP393,2026-02-03,678.2,1855968.9
PO02835,MAT1397,SUP292,2025-01-29,465.78,1991884.88
PO02836,MAT1466,SUP481,2025-12-14,698.5,390168.13
PO02837,MAT0346,SUP352,2026-06-28,539.42,1556194.33
PO02838,MAT0516,SUP475,2026-05-02,652.26,1438311.57
PO02839,MAT1856,SUP277,2026-03-07,358.89,1713904.32
PO02840,MAT1250,SUP223,2025-08-01,941.3,2968398.96
PO02841,MAT1110,SUP500,2026-08-09,901.11,933243.58
PO02842,MAT1730,SUP385,2025-11-13,210.99,146207.63
PO02843,MAT1931,SUP281,2025-04-04,633.67,2125474.92
PO02844,MAT1335,SUP498,2026-01-27,335.53,909309.79
PO02845,MAT0471,SUP437,2025-07-12,40.57,173005.49
PO02846,MAT0715,SUP197,2026-06-09,675.39,1172841.75
PO02847,MAT0631,SUP268,2026-08-16,640.56,1772147.67
PO02848,MAT1835,SUP167,2025-07-06,240.84,1134452.74
PO02849,MAT1825,SUP475,2025-05-29,55.22,60242.26
PO02850,MAT0003,SUP035,2025-05-04,590.23,2459647.77
PO02851,MAT1654,SUP468,2025-12-27,843.74,3244914.35
PO02852,MAT0227,SUP003,2025-12-24,491.43,525156.84
PO02853,MAT1912,SUP125,2026-01-23,279.56,698936.34
PO02854,MAT0475,SUP079,2025-10-17,567.41,1620505.94
PO02855,MAT0205,SUP154,2026-04-13,801.55,3145442.51
PO02856,MAT1751,SUP025,2025-10-18,485.14,700775.03
PO02857,MAT1805,SUP248,2025-02-21,11.18,1346.63
PO02858,MAT0652,SUP474,2026-03-07,968.49,4603697.85
PO02859,MAT0794,SUP474,2026-04-21,401.69,369811.88
PO02860,MAT0415,SUP134,2025-11-13,549.31,61072.29
PO02861,MAT0130,SUP245,2026-03-22,501.45,1901378.05
PO02862,MAT1407,SUP459,2025-11-01,576.67,1005130.04
PO02863,MAT1950,SUP294,2026-04-06,924.12,3728195.8
PO02864,MAT1175,SUP211,2025-04-02,425.59,1638244.87
PO02865,MAT1775,SUP112,2025-07-26,391.8,1943739.39
PO02866,MAT1848,SUP400,2025-12-22,432.36,1159684.64
PO02867,MAT1198,SUP329,2025-02-04,264.36,106433.98
PO02868,MAT1019,SUP389,2025-12-05,42.7,141673.05
PO02869,MAT1047,SUP444,2026-02-21,251.82,894132.24
PO02870,MAT0524,SUP003,2025-11-19,702.04,643363.5
PO02871,MAT0654,SUP219,2026-04-27,207.19,806437.35
PO02872,MAT0397,SUP395,2026-01-31,975.3,3057097.36
PO02873,MAT0943,SUP135,2026-08-02,432.36,128164.47
PO02874,MAT1372,SUP257,2025-07-10,963.26,3430457.84
PO02875,MAT0527,SUP460,2026-03-28,88.29,381149.7
PO02876,MAT1430,SUP119,2026-08-03,653.57,2329728.69
PO02877,MAT0904,SUP354,2025-05-21,573.62,982634.0
PO02878,MAT1726,SUP295,2026-01-25,230.51,845563.7
PO02879,MAT1078,SUP421,2025-07-30,59.05,35382.17
PO02880,MAT1389,SUP445,2026-01-15,597.63,1505800.5
PO02881,MAT1613,SUP134,2025-01-09,187.45,326309.21
PO02882,MAT0033,SUP310,2025-12-25,119.02,301331.27
PO02883,MAT1769,SUP108,2026-06-26,169.49,593848.89
PO02884,MAT1931,SUP281,2026-02-28,677.68,2273094.59
PO02885,MAT1159,SUP023,2026-03-13,306.71,55897.9
PO02886,MAT0134,SUP146,2025-03-22,854.79,4227825.53
PO02887,MAT0130,SUP245,2025-10-24,917.0,3477043.92
PO02888,MAT1056,SUP153,2026-07-28,842.09,453701.25
PO02889,MAT1772,SUP016,2025-12-10,615.61,1934905.32
PO02890,MAT1898,SUP152,2025-12-24,923.38,4164203.72
PO02891,MAT1753,SUP393,2026-02-28,660.88,1808570.82
PO02892,MAT1381,SUP048,2025-09-11,305.55,28101.43
PO02893,MAT0191,SUP476,2025-12-05,756.18,96420.51
PO02894,MAT0029,SUP241,2025-10-27,747.88,2374788.24
PO02895,MAT1630,SUP307,2025-11-11,711.95,3418278.42
PO02896,MAT0228,SUP096,2025-03-16,793.79,1320572.86
PO02897,MAT0982,SUP300,2025-11-09,615.87,2374055.68
PO02898,MAT1102,SUP301,2026-02-10,573.69,191451.83
PO02899,MAT1111,SUP369,2025-09-08,755.45,1308514.94
PO02900,MAT1818,SUP387,2025-09-06,835.45,2528656.52
PO02901,MAT1679,SUP456,2025-09-22,283.03,804048.61
PO02902,MAT0592,SUP001,2026-04-07,292.24,562933.14
PO02903,MAT1909,SUP446,2026-08-12,882.11,3697549.31
PO02904,MAT1002,SUP410,2026-02-24,271.16,848221.02
PO02905,MAT0808,SUP043,2026-06-23,761.48,2876673.46
PO02906,MAT1768,SUP175,2026-07-29,179.62,316941.29
PO02907,MAT0977,SUP048,2025-08-18,57.27,148388.86
PO02908,MAT1699,SUP478,2025-12-03,505.5,515301.64
PO02909,MAT0959,SUP392,2025-05-12,609.38,1706623.53
PO02910,MAT0048,SUP419,2026-05-04,726.31,2917028.01
PO02911,MAT0807,SUP202,2025-08-12,988.44,4011188.36
PO02912,MAT0753,SUP173,2026-06-30,646.12,1034237.82
PO02913,MAT1045,SUP444,2026-06-19,586.81,288775.07
PO02914,MAT1712,SUP060,2025-10-04,108.76,103689.61
PO02915,MAT1225,SUP255,2025-06-11,112.58,173561.21
PO02916,MAT1259,SUP442,2025-01-09,997.73,3483394.7
PO02917,MAT0904,SUP354,2026-08-08,451.09,772735.21
PO02918,MAT0065,SUP023,2025-03-04,694.36,3079250.52
PO02919,MAT1409,SUP468,2025-04-28,861.82,1703154.54
PO02920,MAT1516,SUP129,2025-02-14,484.14,1021898.5
PO02921,MAT1857,SUP104,2025-11-05,900.25,772666.57
PO02922,MAT0712,SUP145,2026-06-16,354.27,1077682.25
PO02923,MAT1913,SUP400,2025-10-21,633.99,1791224.63
PO02924,MAT0791,SUP100,2026-02-27,376.84,1504808.79
PO02925,MAT0867,SUP354,2026-04-29,802.35,348853.76
PO02926,MAT0963,SUP179,2025-05-16,860.55,910874.96
PO02927,MAT1272,SUP273,2025-05-09,46.92,161203.04
PO02928,MAT1227,SUP088,2025-01-11,52.48,30022.23
PO02929,MAT1292,SUP473,2025-10-12,571.02,2654723.37
PO02930,MAT0240,SUP422,2025-11-08,387.69,1477882.03
PO02931,MAT1648,SUP015,2025-03-07,156.9,215928.92
PO02932,MAT0469,SUP108,2025-08-17,570.91,626916.27
PO02933,MAT0606,SUP463,2025-01-29,150.02,415990.46
PO02934,MAT0118,SUP212,2025-12-31,115.57,240543.93
PO02935,MAT1582,SUP197,2025-04-28,212.0,57210.32
PO02936,MAT0404,SUP121,2026-04-18,339.99,38456.27
PO02937,MAT0693,SUP111,2026-02-07,865.68,1338756.81
PO02938,MAT1921,SUP395,2026-06-26,709.91,2313610.89
PO02939,MAT1568,SUP225,2026-02-06,198.41,891035.5
PO02940,MAT1683,SUP360,2026-08-20,344.01,356521.64
PO02941,MAT0691,SUP311,2026-04-28,964.2,942534.43
PO02942,MAT0996,SUP263,2026-07-23,940.52,3420520.76
PO02943,MAT0024,SUP382,2025-03-22,923.47,1059016.93
PO02944,MAT1437,SUP236,2025-08-12,944.94,621099.61
PO02945,MAT1208,SUP418,2025-09-25,708.76,40973.42
PO02946,MAT0090,SUP129,2026-07-20,305.36,975176.32
PO02947,MAT0876,SUP218,2025-09-23,698.81,1813789.31
PO02948,MAT0518,SUP030,2026-02-11,394.01,1268491.55
PO02949,MAT1104,SUP342,2025-03-28,81.75,285239.65
PO02950,MAT0031,SUP426,2026-07-10,555.22,238644.66
PO02951,MAT1242,SUP439,2025-02-19,886.17,3235061.06
PO02952,MAT0430,SUP235,2025-10-31,891.35,4263451.84
PO02953,MAT1810,SUP291,2025-07-15,830.53,1060968.85
PO02954,MAT0551,SUP315,2025-06-11,933.46,2189495.77
PO02955,MAT1065,SUP180,2025-05-19,43.15,127143.2
PO02956,MAT1641,SUP252,2025-09-12,202.95,624178.81
PO02957,MAT0681,SUP100,2026-04-14,299.83,190431.03
PO02958,MAT0374,SUP351,2025-09-29,412.51,1004300.97
PO02959,MAT0145,SUP361,2025-04-21,28.53,12456.48
PO02960,MAT1230,SUP478,2025-08-26,666.65,2562182.61
PO02961,MAT0689,SUP275,2026-08-17,421.53,455631.78
PO02962,MAT0238,SUP116,2026-02-10,783.62,1158911.29
PO02963,MAT0886,SUP394,2026-07-08,832.88,487051.57
PO02964,MAT1220,SUP232,2025-02-03,556.65,1918561.02
PO02965,MAT0819,SUP033,2025-11-18,713.65,1255217.58
PO02966,MAT1025,SUP048,2025-05-25,573.39,1594792.54
PO02967,MAT0309,SUP141,2025-10-15,387.61,875130.35
PO02968,MAT0704,SUP037,2026-08-20,959.67,2961205.74
PO02969,MAT0016,SUP250,2025-06-06,887.26,2974370.57
PO02970,MAT0326,SUP486,2025-04-02,650.17,1292817.53
PO02971,MAT0289,SUP125,2026-05-14,443.77,831159.02
PO02972,MAT1561,SUP419,2025-10-20,73.77,341161.17
PO02973,MAT0676,SUP242,2025-09-27,196.44,128473.72
PO02974,MAT1089,SUP243,2025-02-08,309.08,1482369.32
PO02975,MAT0386,SUP399,2025-11-23,67.86,167175.15
PO02976,MAT2000,SUP074,2025-08-22,541.2,1733793.73
PO02977,MAT0224,SUP265,2026-01-11,947.78,2636686.05
PO02978,MAT0129,SUP349,2025-06-17,170.37,12888.49
PO02979,MAT0901,SUP087,2026-07-27,613.41,1665506.3
PO02980,MAT0868,SUP056,2025-10-15,427.9,1701167.8
PO02981,MAT1712,SUP060,2025-12-13,189.36,180532.04
PO02982,MAT0428,SUP101,2025-12-11,732.53,474452.36
PO02983,MAT0651,SUP243,2025-06-13,206.98,178155.97
PO02984,MAT0625,SUP344,2025-05-17,525.11,1127164.37
PO02985,MAT0550,SUP182,2025-06-06,627.37,2121953.55
PO02986,MAT0684,SUP260,2025-08-28,19.23,31795.27
PO02987,MAT0039,SUP496,2025-01-17,143.1,98497.16
PO02988,MAT1301,SUP061,2026-02-15,577.88,1427877.91
PO02989,MAT0600,SUP407,2025-04-21,223.37,921854.69
PO02990,MAT0502,SUP194,2025-01-11,237.42,167252.89
PO02991,MAT0218,SUP006,2025-08-13,205.3,273202.98
PO02992,MAT1040,SUP249,2026-02-23,473.76,1879150.09
PO02993,MAT0514,SUP229,2025-03-11,736.72,402529.07
PO02994,MAT0866,SUP353,2025-05-06,673.62,1058775.71
PO02995,MAT1531,SUP134,2026-03-15,785.48,2688336.72
PO02996,MAT1498,SUP412,2026-01-09,933.49,2138112.17
PO02997,MAT1555,SUP153,2025-01-11,443.16,280848.22
PO02998,MAT0136,SUP375,2026-03-14,150.57,490709.14
PO02999,MAT0513,SUP158,2026-05-05,613.58,1076562.92
PO03000,MAT1187,SUP325,2025-12-22,753.39,3536759.22
PO03001,MAT0557,SUP028,2025-11-19,256.63,992162.38
PO03002,MAT1455,SUP063,2025-02-28,181.83,295841.05
PO03003,MAT0798,SUP300,2026-01-15,218.5,69697.13
PO03004,MAT0528,SUP196,2025-03-22,942.15,3203988.35
PO03005,MAT0440,SUP344,2025-06-27,911.13,947137.86
PO03006,MAT0596,SUP092,2026-08-19,560.57,588761.07
PO03007,MAT0139,SUP004,2025-09-22,817.9,1593833.55
PO03008,MAT1963,SUP127,2025-06-24,242.64,181941.18
PO03009,MAT1320,SUP317,2025-08-10,278.14,428978.1
PO03010,MAT1095,SUP197,2025-05-15,56.2,224017.13
PO03011,MAT1400,SUP169,2026-07-08,303.05,491110.71
PO03012,MAT1947,SUP028,2025-03-11,947.08,2801339.52
PO03013,MAT1181,SUP152,2026-08-19,811.4,649744.78
PO03014,MAT0290,SUP004,2025-01-17,99.96,16829.27
PO03015,MAT1787,SUP126,2025-06-16,958.04,2151834.48
PO03016,MAT0054,SUP147,2025-05-16,299.75,1047794.11
PO03017,MAT0116,SUP269,2026-01-18,67.9,263743.97
PO03018,MAT0088,SUP222,2026-02-28,917.13,4180306.05
PO03019,MAT0174,SUP390,2025-09-23,663.95,3038195.36
PO03020,MAT0679,SUP270,2026-07-14,467.94,2328174.64
PO03021,MAT1669,SUP288,2025-04-15,833.38,898408.64
PO03022,MAT1858,SUP014,2026-05-03,645.77,2837713.57
PO03023,MAT0360,SUP331,2026-05-23,327.9,321433.81
PO03024,MAT1089,SUP243,2025-09-24,419.78,2013294.26
PO03025,MAT0575,SUP191,2025-07-07,926.4,3242242.51
PO03026,MAT0819,SUP033,2025-02-21,392.45,690268.53
PO03027,MAT0959,SUP392,2026-07-09,235.12,658474.72
PO03028,MAT0288,SUP234,2026-03-28,162.55,304968.18
PO03029,MAT1368,SUP392,2026-04-26,632.63,1502711.34
PO03030,MAT0420,SUP115,2025-12-14,510.73,1651915.33
PO03031,MAT0183,SUP147,2025-03-07,188.08,476965.24
PO03032,MAT1647,SUP357,2025-11-21,602.81,2133254.17
PO03033,MAT1959,SUP016,2026-08-22,784.12,189702.15
PO03034,MAT0735,SUP073,2025-12-18,391.42,1925285.38
PO03035,MAT1395,SUP231,2026-07-01,288.93,1269318.61
PO03036,MAT0804,SUP143,2025-09-18,915.71,3354786.0
PO03037,MAT0011,SUP380,2025-05-31,947.68,477820.26
PO03038,MAT0662,SUP047,2026-05-13,256.61,424476.56
PO03039,MAT1784,SUP012,2025-07-12,456.86,2020869.96
PO03040,MAT1366,SUP340,2025-03-20,796.48,330666.64
PO03041,MAT0064,SUP416,2025-04-13,138.69,50254.32
PO03042,MAT1120,SUP199,2025-03-30,979.53,1863673.37
PO03043,MAT0871,SUP047,2025-05-03,535.61,2269384.93
PO03044,MAT0524,SUP003,2026-06-10,51.54,47232.29
PO03045,MAT1296,SUP064,2025-12-21,982.7,82753.17
PO03046,MAT0940,SUP424,2026-07-21,421.77,1690314.98
PO03047,MAT0506,SUP481,2025-02-21,672.91,2663579.65
PO03048,MAT1002,SUP410,2025-03-17,459.87,1438528.54
PO03049,MAT1178,SUP312,2025-02-20,864.32,1963830.12
PO03050,MAT0705,SUP067,2026-05-12,298.43,710305.18
PO03051,MAT0983,SUP403,2025-02-06,799.96,3377751.1
PO03052,MAT0725,SUP441,2025-08-19,602.28,2610950.05
PO03053,MAT1484,SUP258,2025-12-27,112.53,288553.93
PO03054,MAT1649,SUP396,2025-09-15,697.5,938102.62
PO03055,MAT1357,SUP219,2025-07-02,602.2,461351.44
PO03056,MAT1562,SUP413,2025-04-23,499.05,2258899.92
PO03057,MAT1611,SUP335,2025-06-26,183.75,559671.26
PO03058,MAT1437,SUP236,2026-05-20,945.89,621724.04
PO03059,MAT0874,SUP088,2025-09-18,257.28,18377.51
PO03060,MAT0993,SUP441,2026-07-25,459.86,1355147.64
PO03061,MAT1461,SUP197,2025-06-17,31.25,90726.56
PO03062,MAT0618,SUP028,2025-10-24,158.16,418443.91
PO03063,MAT1951,SUP094,2025-04-26,381.92,607413.21
PO03064,MAT1857,SUP104,2026-01-21,682.34,585638.78
PO03065,MAT0837,SUP497,2025-09-24,595.19,1994535.26
PO03066,MAT1287,SUP366,2026-01-27,851.5,3003947.24
PO03067,MAT0982,SUP300,2025-07-16,909.68,3506634.46
PO03068,MAT1082,SUP453,2025-01-02,695.43,41503.26
PO03069,MAT1078,SUP421,2025-07-20,210.33,126027.63
PO03070,MAT0921,SUP153,2025-10-24,301.48,1359026.62
PO03071,MAT1295,SUP005,2026-03-30,878.44,1917177.73
PO03072,MAT1933,SUP007,2025-01-19,311.69,391551.21
PO03073,MAT1773,SUP221,2026-06-16,504.1,2510085.29
PO03074,MAT0185,SUP137,2026-08-18,923.22,407278.5
PO03075,MAT1911,SUP342,2025-01-13,278.25,1367954.91
PO03076,MAT0144,SUP349,2025-01-22,806.4,3525596.93
PO03077,MAT1147,SUP168,2025-01-11,861.58,1711072.03
PO03078,MAT1485,SUP051,2026-01-22,768.3,2505180.44
PO03079,MAT0388,SUP403,2025-12-24,80.66,55700.57
PO03080,MAT0788,SUP093,2025-11-17,197.57,608446.45
PO03081,MAT1502,SUP126,2026-04-04,501.87,1865957.68
PO03082,MAT0762,SUP331,2025-07-06,403.29,236622.34
PO03083,MAT0320,SUP104,2025-08-03,168.36,292400.91
PO03084,MAT0251,SUP298,2025-11-21,419.97,1827327.27
PO03085,MAT1329,SUP152,2025-10-02,193.14,537537.59
PO03086,MAT0409,SUP458,2026-05-25,479.42,2290520.14
PO03087,MAT1842,SUP464,2025-06-24,168.42,631406.58
PO03088,MAT0811,SUP396,2026-01-03,571.57,2501927.65
PO03089,MAT0694,SUP468,2025-01-18,424.18,952996.72
PO03090,MAT0495,SUP303,2026-02-13,355.8,1157748.29
PO03091,MAT0796,SUP102,2025-03-27,150.34,178725.7
PO03092,MAT1182,SUP485,2025-05-18,37.5,139099.5
PO03093,MAT0115,SUP496,2026-01-13,576.98,1678602.14
PO03094,MAT1818,SUP387,2025-06-11,159.4,482455.98
PO03095,MAT1432,SUP105,2025-10-20,125.86,64397.53
PO03096,MAT1938,SUP297,2025-11-27,924.82,488563.91
PO03097,MAT0570,SUP415,2026-02-25,226.18,473591.52
PO03098,MAT0649,SUP119,2025-06-05,595.5,2055975.66
PO03099,MAT1097,SUP053,2025-11-20,759.88,2276691.67
PO03100,MAT1589,SUP128,2026-08-19,408.2,618149.51
PO03101,MAT1263,SUP485,2026-03-23,251.92,1140661.01
PO03102,MAT0394,SUP455,2025-06-07,649.3,1134021.93
PO03103,MAT0567,SUP192,2025-06-26,828.4,1729773.76
PO03104,MAT0724,SUP032,2025-10-31,667.44,3010367.98
PO03105,MAT1972,SUP181,2025-07-04,52.32,16195.66
PO03106,MAT0384,SUP272,2026-01-22,85.24,178567.57
PO03107,MAT1239,SUP383,2025-09-23,627.27,1890880.32
PO03108,MAT1999,SUP326,2025-01-28,649.84,1573711.03
PO03109,MAT1249,SUP183,2026-07-19,346.25,325191.08
PO03110,MAT1917,SUP417,2025-07-19,212.72,715141.24
PO03111,MAT1007,SUP133,2025-04-20,230.8,908239.54
PO03112,MAT1717,SUP358,2026-07-06,762.68,1036863.46
PO03113,MAT0991,SUP155,2025-02-11,53.17,41654.44
PO03114,MAT0719,SUP395,2026-08-11,539.09,900641.49
PO03115,MAT1842,SUP464,2025-08-18,707.33,2651780.17
PO03116,MAT1577,SUP249,2025-06-10,73.59,32255.23
PO03117,MAT0843,SUP076,2025-03-27,185.01,347757.75
PO03118,MAT0445,SUP318,2025-06-05,103.42,430063.8
PO03119,MAT1273,SUP186,2025-06-27,-7.0,3059868.22
PO03120,MAT0300,SUP081,2026-01-17,751.69,3112455.13
PO03121,MAT0669,SUP112,2026-06-08,666.12,2207774.81
PO03122,MAT1891,SUP425,2025-04-26,714.12,460871.62
PO03123,MAT0772,SUP377,2026-07-06,162.12,120409.77
PO03124,MAT1875,SUP052,2026-03-22,548.01,973210.96
PO03125,MAT1832,SUP339,2026-07-03,504.51,761426.67
PO03126,MAT1350,SUP336,2026-02-16,304.97,356244.61
PO03127,MAT0287,SUP450,2025-01-09,112.94,489804.97
PO03128,MAT1815,SUP227,2026-08-20,118.64,285492.92
PO03129,MAT1640,SUP487,2025-12-01,269.52,1157030.49
PO03130,MAT1232,SUP133,2026-07-05,67.9,101193.41
PO03131,MAT1014,SUP147,2025-11-13,988.93,887811.91
PO03132,MAT1544,SUP256,2025-05-17,838.8,1385789.87
PO03133,MAT0649,SUP119,2025-01-01,52.15,180048.92
PO03134,MAT1557,SUP447,2026-02-02,185.88,900062.56
PO03135,MAT1433,SUP317,2026-05-30,916.41,4221845.89
PO03136,MAT1181,SUP152,2026-05-25,447.82,358600.82
PO03137,MAT1431,SUP402,2026-06-22,485.64,2050857.72
PO03138,MAT1065,SUP180,2025-11-18,525.57,1548613.03
PO03139,MAT0258,SUP361,2026-02-02,641.43,35522.39
PO03140,MAT0923,SUP341,2025-10-16,946.27,4495624.68
PO03141,MAT0004,SUP416,2026-02-13,751.44,2107067.82
PO03142,MAT0998,SUP456,2025-05-02,599.84,377215.38
PO03143,MAT0950,SUP069,2025-05-13,225.53,1099070.84
PO03144,MAT1346,SUP389,2025-07-04,120.68,539117.38
PO03145,MAT1326,SUP197,2025-05-25,717.71,2804731.73
PO03146,MAT0450,SUP405,2026-03-23,810.58,2247973.41
PO03147,MAT1361,SUP121,2025-07-03,84.35,5414.43
PO03148,MAT1925,SUP173,2025-07-07,26.94,120801.92
PO03149,MAT0979,SUP154,2025-03-07,55.02,270793.03
PO03150,MAT0276,SUP045,2025-06-17,615.62,384226.91
PO03151,MAT1585,SUP175,2026-06-29,224.79,494241.28
PO03152,MAT1631,SUP251,2025-04-26,288.59,542326.99
PO03153,MAT1479,SUP470,2026-05-13,938.28,1837715.21
PO03154,MAT1482,SUP137,2026-08-05,774.76,1865149.48
PO03155,MAT0001,SUP232,2025-04-25,99.15,208054.38
PO03156,MAT1452,SUP491,2026-04-03,161.89,210889.25
PO03157,MAT0536,SUP392,2026-02-21,592.25,851252.77
PO03158,MAT1754,SUP009,2025-10-12,579.61,960373.2
PO03159,MAT0080,SUP103,2026-06-24,105.57,76206.76
PO03160,MAT1542,SUP358,2025-06-14,518.55,1537407.41
PO03161,MAT1149,SUP222,2025-07-23,119.78,100132.49
PO03162,MAT0817,SUP123,2026-07-17,29.7,18179.67
PO03163,MAT1900,SUP473,2025-08-13,876.43,2620727.28
PO03164,MAT1153,SUP331,2026-03-09,415.72,734398.48
PO03165,MAT0340,SUP050,2025-06-22,709.17,761946.43
PO03166,MAT0442,SUP417,2025-03-05,15.33,8543.1
PO03167,MAT1047,SUP444,2025-07-21,750.52,2664856.35
PO03168,MAT1427,SUP088,2026-07-07,343.29,1704263.2
PO03169,MAT1816,SUP250,2026-07-12,402.07,1153209.13
PO03170,MAT0221,SUP179,2025-04-09,13.81,24142.37
PO03171,MAT1333,SUP136,2025-02-17,333.37,690509.28
PO03172,MAT0810,SUP083,2025-07-03,277.45,1192122.19
PO03173,MAT1781,SUP211,2026-06-27,900.15,2880714.04
PO03174,MAT0398,SUP025,2026-07-18,712.69,1505942.48
PO03175,MAT0744,SUP134,2025-12-30,557.62,1366364.17
PO03176,MAT0177,SUP282,2025-06-15,925.66,1225360.94
PO03177,MAT1112,SUP012,2025-06-25,663.38,2800962.84
PO03178,MAT0812,SUP361,2026-08-02,769.63,3316251.01
PO03179,MAT1074,SUP091,2025-03-05,69.04,46089.72
PO03180,MAT0127,SUP056,2026-02-12,538.64,2002345.72
PO03181,MAT1716,SUP116,2026-03-19,172.37,241380.05
PO03182,MAT1768,SUP175,2026-04-14,758.72,1338769.03
PO03183,MAT1245,SUP068,2025-09-07,859.22,3242455.7
PO03184,MAT1185,SUP411,2025-07-01,845.4,2586847.91
PO03185,MAT0232,SUP262,2025-07-31,883.19,1872610.09
PO03186,MAT0139,SUP004,2026-05-29,613.32,1195170.55
PO03187,MAT1402,SUP328,2026-01-30,676.44,1105925.28
PO03188,MAT0339,SUP028,2025-07-28,222.35,15317.69
PO03189,MAT1283,SUP209,2026-05-11,413.43,1750450.22
PO03190,MAT0138,SUP206,2025-03-27,510.6,492560.5
PO03191,MAT1770,SUP339,2025-04-27,884.44,4280893.02
PO03192,MAT0852,SUP490,2026-07-10,913.92,607464.35
PO03193,MAT1414,SUP194,2026-02-17,185.26,328469.69
PO03194,MAT1967,SUP484,2026-04-11,113.71,233216.94
PO03195,MAT1210,SUP250,2026-03-21,556.63,1412693.54
PO03196,MAT1648,SUP015,2025-04-22,10.81,14876.94
PO03197,MAT1682,SUP163,2025-03-18,197.97,185531.54
PO03198,MAT0519,SUP147,2026-06-02,793.19,171622.52
PO03199,MAT0057,SUP328,2025-07-25,901.07,2083913.6
PO03200,MAT1385,SUP488,2025-06-06,108.16,478909.77
PO03201,MAT0442,SUP417,2026-07-08,850.66,474055.8
PO03202,MAT1193,SUP219,2025-08-18,355.83,1354413.52
PO03203,MAT0656,SUP234,2025-07-11,466.48,2050184.26
PO03204,MAT1822,SUP092,2025-03-06,533.07,2033219.6
PO03205,MAT1194,SUP373,2025-11-30,711.16,941284.26
PO03206,MAT0182,SUP004,2025-01-21,412.0,1145623.68
PO03207,MAT1649,SUP396,2026-05-09,498.08,669892.7
PO03208,MAT1939,SUP414,2025-04-08,654.14,770400.3
PO03209,MAT0400,SUP340,2026-03-09,757.96,1050828.16
PO03210,MAT0991,SUP155,2026-01-15,827.27,648099.86
PO03211,MAT0256,SUP082,2025-06-21,16.21,8300.01
PO03212,MAT0377,SUP465,2026-07-06,527.42,1082666.68
PO03213,MAT0736,SUP456,2025-09-30,254.89,124337.89
PO03214,MAT1133,SUP485,2025-03-18,624.96,2573716.52
PO03215,MAT0295,SUP304,2026-04-24,610.63,218788.73
PO03216,MAT1381,SUP048,2026-02-24,125.61,11552.35
PO03217,MAT1797,SUP291,2026-05-31,697.85,2088260.3
PO03218,MAT1779,SUP474,2025-12-27,970.24,1969849.16
PO03219,MAT0535,SUP318,2026-03-06,583.76,1451857.82
PO03220,MAT0917,SUP123,2026-07-01,646.82,512481.95
PO03221,MAT1545,SUP373,2026-07-09,695.85,2638162.19
PO03222,MAT0391,SUP321,2025-12-25,664.13,777045.38
PO03223,MAT1633,SUP456,2025-07-02,737.08,1836515.9
PO03224,MAT0650,SUP258,2025-01-18,990.77,2348501.39
PO03225,MAT0368,SUP026,2025-06-04,704.48,3012652.36
PO03226,MAT1152,SUP451,2026-01-21,374.95,872887.35
PO03227,MAT0118,SUP212,2026-02-13,538.53,1120880.19
PO03228,MAT0153,SUP230,2025-06-24,615.52,1175304.66
PO03229,MAT1545,SUP373,2025-12-29,579.0,2195151.12
PO03230,MAT0399,SUP360,2025-04-07,146.98,156857.06
PO03231,MAT0959,SUP392,2026-04-04,212.1,594005.14
PO03232,MAT1472,SUP343,2026-06-04,597.24,1572371.67
PO03233,MAT1978,SUP343,2025-06-16,349.99,1545426.34
PO03234,MAT0958,SUP425,2025-08-17,606.32,1581894.94
PO03235,MAT0794,SUP474,2026-03-22,631.99,581835.27
PO03236,MAT0041,SUP186,2025-01-10,766.36,1413826.91
PO03237,MAT1658,SUP204,2025-11-02,887.73,230197.27
PO03238,MAT1955,SUP494,2026-08-17,863.04,96884.87
PO03239,MAT1988,SUP393,2025-01-24,450.6,1736756.59
PO03240,MAT0883,SUP187,2026-05-02,151.29,261161.34
PO03241,MAT0568,SUP084,2026-02-26,428.82,1779907.46
PO03242,MAT1758,SUP040,2025-11-08,72.3,137033.08
PO03243,MAT1327,SUP095,2026-03-25,578.35,486982.27
PO03244,MAT0199,SUP003,2026-02-10,489.59,1102282.51
PO03245,MAT0805,SUP297,2026-07-30,13.81,61655.02
PO03246,MAT0210,SUP377,2026-04-14,313.92,1519507.79
PO03247,MAT1191,SUP487,2026-05-25,262.36,530310.89
PO03248,MAT1657,SUP376,2025-12-27,688.73,3239145.4
PO03249,MAT1043,SUP159,2026-08-08,291.38,667041.66
PO03250,MAT0552,SUP324,2025-10-10,84.52,243384.64
PO03251,MAT0762,SUP331,2026-06-06,201.61,118290.64
PO03252,MAT1229,SUP473,2026-06-01,848.51,2703403.77
PO03253,MAT1741,SUP256,2025-04-26,416.84,112142.47
PO03254,MAT1469,SUP453,2025-09-06,296.09,177203.94
PO03255,MAT0093,SUP042,2026-04-15,523.8,2485593.38
PO03256,MAT1063,SUP232,2025-12-18,214.2,11772.43
PO03257,MAT0720,SUP455,2026-08-19,541.07,2446242.4
PO03258,MAT1588,SUP382,2026-07-01,115.75,81345.63
PO03259,MAT0431,SUP377,2026-01-25,300.04,836652.54
PO03260,MAT1512,SUP366,2026-08-22,538.37,407056.17
PO03261,MAT1158,SUP393,2025-09-29,297.12,618003.66
PO03262,MAT0014,SUP339,2025-01-11,794.41,1949505.97
PO03263,MAT0829,SUP498,2025-06-20,666.25,2571898.22
PO03264,MAT1779,SUP474,2026-06-12,808.14,1640742.4
PO03265,MAT0920,SUP494,2025-01-11,333.4,1307614.8
PO03266,MAT1947,SUP028,2025-06-25,127.08,375886.12
PO03267,MAT1992,SUP432,2025-02-02,172.39,522034.85
PO03268,MAT1382,SUP100,2025-05-23,961.57,3626676.64
PO03269,MAT0686,SUP427,2025-02-10,402.74,1858757.87
PO03270,MAT0814,SUP318,2025-10-24,557.35,2057747.35
PO03271,MAT0439,SUP414,2025-03-04,27.9,73586.53
PO03272,MAT0540,SUP186,2026-07-12,187.35,808625.08
PO03273,MAT1038,SUP309,2026-07-02,835.23,497930.72
PO03274,MAT1556,SUP115,2026-01-03,524.88,2422452.42
PO03275,MAT1303,SUP177,2025-08-15,10.54,1239.08
PO03276,MAT1575,SUP400,2026-07-07,577.4,865395.57
PO03277,MAT1097,SUP053,2025-07-14,876.18,2625140.42
PO03278,MAT1162,SUP072,2025-02-12,336.58,1383717.4
PO03279,MAT0279,SUP384,2025-11-09,670.09,2464611.12
PO03280,MAT1664,SUP150,2026-07-08,555.55,283697.16
PO03281,MAT0973,SUP146,2026-05-01,269.29,174225.24
PO03282,MAT1348,SUP423,2025-04-19,557.8,311776.73
PO03283,MAT0808,SUP043,2026-03-02,984.41,3718845.03
PO03284,MAT1199,SUP084,2025-08-31,24.42,93445.82
PO03285,MAT1633,SUP456,2026-04-03,790.42,1969418.38
PO03286,MAT0663,SUP362,2025-01-14,56.77,181020.23
PO03287,MAT0434,SUP312,2025-08-06,55.47,77896.52
PO03288,MAT0415,SUP134,2025-12-20,723.0,80383.14
PO03289,MAT0974,SUP068,2026-02-17,110.8,370551.76
PO03290,MAT0375,SUP134,2025-12-31,648.6,637171.67
PO03291,MAT1925,SUP173,2025-01-18,912.05,4089732.53
PO03292,MAT0733,SUP138,2026-01-02,393.53,1824597.91
PO03293,MAT0917,SUP123,2025-04-10,562.38,445579.3
PO03294,MAT0921,SUP153,2026-08-02,199.67,900082.41
PO03295,MAT0974,SUP068,2026-03-25,978.96,3273965.3
PO03296,MAT0916,SUP422,2025-10-29,437.67,1421512.77
PO03297,MAT1001,SUP453,2026-08-07,61.27,222338.41
PO03298,MAT1214,SUP249,2026-05-07,914.84,88794.37
PO03299,MAT1791,SUP247,2025-01-20,657.09,985746.71
PO03300,MAT0126,SUP383,2026-06-28,477.38,529524.22
PO03301,MAT1311,SUP157,2026-03-01,879.41,1009378.0
PO03302,MAT1831,SUP182,2025-02-05,40.92,199533.29
PO03303,MAT0484,SUP435,2025-07-28,433.45,1489594.27
PO03304,MAT0457,SUP023,2025-05-06,57.13,256884.47
PO03305,MAT1294,SUP153,2025-10-05,919.74,533872.28
PO03306,MAT1646,SUP127,2025-11-07,950.2,592259.66
PO03307,MAT0749,SUP243,2025-09-16,140.21,107749.98
PO03308,MAT1041,SUP480,2025-02-14,399.46,1777928.55
PO03309,MAT1697,SUP092,2025-10-08,668.61,2900022.33
PO03310,MAT1786,SUP166,2026-03-09,563.04,844706.39
PO03311,MAT1325,SUP351,2026-02-15,820.32,3574765.89
PO03312,MAT1272,SUP273,2026-01-19,173.19,595028.88
PO03313,MAT1080,SUP302,2025-02-09,384.05,1437334.01
PO03314,MAT0952,SUP171,2025-05-10,125.66,299211.54
PO03315,MAT0815,SUP057,2025-12-19,615.17,1144013.19
PO03316,MAT1819,SUP248,2026-03-23,873.52,1270613.46
PO03317,MAT0701,SUP344,2025-05-21,322.27,451061.98
PO03318,MAT0189,SUP471,2026-03-12,770.44,914774.23
PO03319,MAT0404,SUP121,2025-07-08,939.55,106272.5
PO03320,MAT1959,SUP016,2025-07-05,133.64,32331.53
PO03321,MAT0187,SUP194,2025-01-09,338.47,814436.67
PO03322,MAT1093,SUP347,2025-08-09,932.55,2628233.64
PO03323,MAT1937,SUP183,2025-10-29,445.18,2133547.41
PO03324,MAT1415,SUP417,2025-01-31,266.03,34623.8
PO03325,MAT0452,SUP179,2025-11-11,485.6,2147716.54
PO03326,MAT0277,SUP342,2026-02-03,310.54,199130.67
PO03327,MAT0902,SUP264,2025-10-23,687.89,942244.21
PO03328,MAT0750,SUP196,2025-11-30,-99.0,1821534.81
PO03329,MAT1024,SUP172,2025-08-17,604.77,2200903.17
PO03330,MAT1725,SUP084,2025-12-01,179.02,493477.58
PO03331,MAT0366,SUP229,2025-08-26,539.03,2589812.76
PO03332,MAT0556,SUP108,2025-11-17,16.05,32346.85
PO03333,MAT1736,SUP426,2025-03-25,969.75,3438549.25
PO03334,MAT1111,SUP369,2025-10-22,339.69,588377.05
PO03335,MAT1279,SUP005,2025-12-23,225.98,809110.09
PO03336,MAT0987,SUP336,2025-06-20,704.5,1639942.14
PO03337,MAT0166,SUP212,2025-02-27,13.29,37325.9
PO03338,MAT1634,SUP496,2025-09-13,400.44,1612980.33
PO03339,MAT1296,SUP064,2025-07-09,947.04,79750.24
PO03340,MAT1106,SUP233,2025-03-11,930.0,2329519.8
PO03341,MAT1142,SUP486,2026-04-29,244.46,89315.91
PO03342,MAT1088,SUP222,2025-05-27,636.97,1900100.62
PO03343,MAT0079,SUP397,2026-04-20,499.71,1766469.85
PO03344,MAT0380,SUP372,2026-03-12,774.68,2964274.29
PO03345,MAT1689,SUP409,2026-07-03,646.11,1910689.41
PO03346,MAT1484,SUP258,2025-09-10,621.31,1593187.95
PO03347,MAT1198,SUP329,2026-07-24,327.78,131967.51
PO03348,MAT0308,SUP016,2025-11-25,558.6,1917059.34
PO03349,MAT0302,SUP134,2025-06-25,189.14,38558.08
PO03350,MAT0580,SUP382,2025-11-09,178.61,469490.67
PO03351,MAT1886,SUP208,2025-12-21,148.54,737331.76
PO03352,MAT1602,SUP483,2025-11-17,110.39,345354.01
PO03353,MAT1842,SUP464,2025-04-29,977.72,3665472.28
PO03354,MAT1234,SUP437,2025-12-02,494.36,2359402.31
PO03355,MAT0532,SUP377,2025-03-28,454.14,1984628.13
PO03356,MAT1128,SUP013,2025-02-26,342.63,766244.03
PO03357,MAT0267,SUP435,2025-02-23,533.8,569543.25
PO03358,MAT1822,SUP092,2025-02-18,369.64,1409869.8
PO03359,MAT1671,SUP393,2025-04-05,265.74,344802.96
PO03360,MAT1717,SUP358,2026-04-11,314.18,427127.71
PO03361,MAT1041,SUP480,2026-04-28,238.02,1059386.56
PO03362,MAT1269,SUP275,2026-01-10,642.24,256420.74
PO03363,MAT1406,SUP447,2026-01-01,774.65,2051002.07
PO03364,MAT0816,SUP090,2025-11-01,443.98,1571298.5
PO03365,MAT0266,SUP142,2026-06-26,734.48,938981.27
PO03366,MAT1989,SUP175,2025-10-30,121.01,558232.44
PO03367,MAT1080,SUP302,2026-04-18,127.89,478637.28
PO03368,MAT0720,SUP455,2026-08-18,307.28,1389249.75
PO03369,MAT0675,SUP189,2026-08-08,464.87,1910759.81
PO03370,MAT1964,SUP184,2025-09-24,296.49,1360064.86
PO03371,MAT1219,SUP014,2025-07-28,46.28,30467.51
PO03372,MAT0590,SUP179,2025-08-25,493.45,1813621.2
PO03373,MAT0274,SUP043,2026-07-02,39.98,17637.58
PO03374,MAT1886,SUP208,2025-07-19,133.56,662973.14
PO03375,MAT1743,SUP018,2025-08-11,427.07,2047646.9
PO03376,MAT0771,SUP357,2025-03-12,691.5,3103092.42
PO03377,MAT1651,SUP174,2025-09-03,827.24,1304665.02
PO03378,MAT1811,SUP354,2026-06-18,919.26,853330.67
PO03379,MAT0033,SUP310,2025-07-06,432.85,1095876.64
PO03380,MAT0348,SUP487,2025-02-08,517.85,469042.64
PO03381,MAT1552,SUP095,2026-06-03,539.6,1352275.37
PO03382,MAT1002,SUP410,2025-06-29,813.96,2546164.56
PO03383,MAT0267,SUP435,2026-07-25,77.63,82828.1
PO03384,MAT1204,SUP466,2025-06-28,485.12,2127847.9
PO03385,MAT0249,SUP324,2026-05-02,204.34,645238.29
PO03386,MAT1753,SUP393,2025-10-20,828.94,2268485.49
PO03387,MAT1847,SUP295,2026-03-22,192.11,612859.72
PO03388,MAT0622,SUP205,2025-03-06,320.33,704959.84
PO03389,MAT1103,SUP177,2025-05-06,450.72,2201194.79
PO03390,MAT1814,SUP275,2025-11-10,414.51,674967.36
PO03391,MAT0643,SUP278,2025-08-06,927.32,995431.65
PO03392,MAT1958,SUP192,2025-08-20,487.8,451605.24
PO03393,MAT1768,SUP175,2026-06-09,59.5,104988.34
PO03394,MAT1373,SUP268,2026-06-09,568.88,2782244.17
PO03395,MAT1071,SUP462,2025-04-20,362.68,1225822.13
PO03396,MAT0008,SUP294,2026-05-05,196.11,793412.03
PO03397,MAT0148,SUP461,2025-10-13,870.66,1963460.19
PO03398,MAT1451,SUP103,2026-05-24,96.75,173852.98
PO03399,MAT1242,SUP439,2026-05-06,448.27,1636458.94
PO03400,MAT1681,SUP237,2026-01-23,934.18,4375885.96
PO03401,MAT0054,SUP147,2026-02-12,592.96,2072727.26
PO03402,MAT0213,SUP420,2025-03-08,987.07,3337520.57
PO03403,MAT1527,SUP155,2025-08-18,217.8,786203.55
PO03404,MAT0642,SUP294,2026-02-10,145.19,313755.59
PO03405,MAT0554,SUP455,2026-08-13,264.38,1035264.49
PO03406,MAT0157,SUP415,2026-01-21,632.81,1957831.87
PO03407,MAT0472,SUP344,2026-03-17,269.37,347729.73
PO03408,MAT1013,SUP497,2025-12-16,62.13,239675.17
PO03409,MAT1355,SUP478,2026-08-12,589.98,2397124.14
PO03410,MAT1743,SUP018,2025-01-30,692.6,3320767.66
PO03411,MAT1319,SUP301,2025-04-25,57.74,58028.12
PO03412,MAT0033,SUP310,2026-07-22,346.88,878220.38
PO03413,MAT1475,SUP356,2025-08-22,581.67,245441.47
PO03414,MAT1056,SUP153,2026-06-29,906.86,488598.03
PO03415,MAT0811,SUP396,2025-12-15,172.09,753287.84
PO03416,MAT0488,SUP452,2025-03-29,544.9,134879.1
PO03417,MAT1319,SUP301,2026-02-24,666.94,670268.03
PO03418,MAT0956,SUP222,2025-10-25,905.56,1212553.9
PO03419,MAT0168,SUP371,2025-06-24,654.05,199557.2
PO03420,MAT1542,SUP358,2026-02-04,284.17,842512.9
PO03421,MAT0538,SUP441,2026-06-11,778.71,1801249.68
PO03422,MAT0735,SUP073,2025-11-01,623.06,3064657.68
PO03423,MAT0091,SUP315,2026-04-14,587.01,300825.01
PO03424,MAT1475,SUP356,2026-03-25,178.99,75526.62
PO03425,MAT0195,SUP016,2026-01-15,825.65,3243615.56
PO03426,MAT1833,SUP405,2026-05-18,335.31,557332.16
PO03427,MAT1025,SUP048,2026-08-08,355.04,987486.95
PO03428,MAT1518,SUP401,2026-06-17,135.15,71009.16
PO03429,MAT1814,SUP275,2026-06-15,744.48,1212274.01
PO03430,MAT0781,SUP429,2025-02-22,187.36,718137.76
PO03431,MAT1485,SUP051,2025-03-15,446.7,1456545.76
PO03432,MAT1739,SUP454,2026-08-21,468.13,436245.67
PO03433,MAT1060,SUP468,2026-07-06,613.11,847526.48
PO03434,MAT1212,SUP321,2025-03-17,821.8,485289.34
PO03435,MAT0119,SUP266,2025-11-03,533.53,1507963.86
PO03436,MAT1154,SUP128,2025-07-12,642.9,2896148.78
PO03437,MAT0626,SUP305,2026-04-08,899.73,3472885.82
PO03438,MAT1302,SUP257,2026-04-19,24.24,16980.6
PO03439,MAT1532,SUP326,2025-12-03,753.11,726600.53
PO03440,MAT1097,SUP053,2026-06-26,306.26,917591.71
PO03441,MAT1958,SUP192,2025-09-26,926.19,857466.7
PO03442,MAT0197,SUP152,2025-04-12,792.01,2835308.68
PO03443,MAT0597,SUP293,2025-07-31,431.2,1425853.35
PO03444,MAT1442,SUP178,2025-06-13,527.84,2625914.27
PO03445,MAT1513,SUP113,2026-02-05,982.22,2349696.15
PO03446,MAT1044,SUP068,2025-04-18,92.17,234902.62
PO03447,MAT0246,SUP137,2025-08-11,641.81,3162948.79
PO03448,MAT0722,SUP349,2025-08-03,532.88,817272.73
PO03449,MAT1217,SUP419,2025-12-16,754.47,3551976.86
PO03450,MAT0562,SUP306,2026-07-04,122.94,390173.45
PO03451,MAT1990,SUP201,2025-03-25,582.34,470431.72
PO03452,MAT1048,SUP044,2026-05-19,835.95,3994235.98
PO03453,MAT1296,SUP064,2025-03-23,282.35,23776.69
PO03454,MAT0273,SUP393,2025-12-11,580.67,1246524.29
PO03455,MAT0990,SUP247,2025-01-24,740.51,2418661.17
PO03456,MAT1677,SUP088,2026-08-10,633.97,1560586.89
PO03457,MAT0703,SUP164,2025-06-20,835.06,626887.89
PO03458,MAT0331,SUP497,2026-04-01,473.33,2096156.1
PO03459,MAT0338,SUP122,2025-02-18,376.7,111390.19
PO03460,MAT1041,SUP480,2025-06-01,564.67,2513250.18
PO03461,MAT1961,SUP255,2026-03-12,925.37,2810663.32
PO03462,MAT1509,SUP034,2026-08-23,215.65,27426.37
PO03463,MAT1584,SUP466,2026-01-18,98.54,372941.38
PO03464,MAT1069,SUP126,2025-11-17,747.07,1300701.16
PO03465,MAT1047,SUP444,2026-07-06,753.35,2674904.78
PO03466,MAT1533,SUP246,2026-04-21,961.57,1425787.15
PO03467,MAT0303,SUP237,2025-01-13,771.11,3107025.81
PO03468,MAT0481,SUP283,2025-11-23,203.21,556829.95
PO03469,MAT1475,SUP356,2026-02-09,29.78,12565.97
PO03470,MAT0501,SUP371,2025-05-05,130.64,602987.21
PO03471,MAT0341,SUP158,2025-09-04,789.39,1879679.68
PO03472,MAT1464,SUP163,2025-03-23,20.33,41304.46
PO03473,MAT1341,SUP097,2026-06-30,134.39,102195.53
PO03474,MAT0112,SUP316,2026-08-11,984.91,2943836.9
PO03475,MAT1337,SUP105,2025-11-11,143.06,453143.98
PO03476,MAT0383,SUP298,2025-11-19,356.07,143325.3
PO03477,MAT0370,SUP308,2025-09-07,726.27,840773.73
PO03478,MAT1084,SUP265,2025-02-13,578.23,2558563.67
PO03479,MAT1043,SUP159,2026-06-28,334.81,766463.79
PO03480,MAT1869,SUP411,2026-07-02,799.63,3469122.79
PO03481,MAT0738,SUP464,2026-05-30,720.01,2081642.51
PO03482,MAT1979,SUP482,2025-02-13,290.57,603095.47
PO03483,MAT0529,SUP265,2025-03-04,880.53,86406.41
PO03484,MAT0857,SUP028,2025-11-03,220.06,404417.47
PO03485,MAT0346,SUP352,2026-04-18,214.52,618877.33
PO03486,MAT1965,SUP047,2025-03-13,906.72,4138034.33
PO03487,MAT0913,SUP415,2026-06-28,501.23,2140868.61
PO03488,MAT1245,SUP068,2026-01-24,759.95,2867838.51
PO03489,MAT0317,SUP015,2025-05-24,915.86,4341561.06
PO03490,MAT1710,SUP326,2025-03-22,224.86,357585.86
PO03491,MAT0013,SUP080,2025-12-24,514.56,1947331.74
PO03492,MAT0126,SUP383,2026-02-15,572.67,635222.74
PO03493,MAT1836,SUP353,2025-08-03,359.7,462840.38
PO03494,MAT1619,SUP303,2025-03-03,707.27,2194177.87
PO03495,MAT1216,SUP243,2025-12-08,549.11,1670194.94
PO03496,MAT0843,SUP076,2026-03-17,99.44,186914.38
PO03497,MAT0695,SUP175,2025-10-26,455.86,1675549.9
PO03498,MAT1767,SUP216,2025-09-10,95.09,159496.36
PO03499,MAT1545,SUP373,2025-12-09,862.17,3268727.88
PO03500,MAT0335,SUP305,2026-01-20,247.01,1104497.8
PO03501,MAT0067,SUP444,2026-05-15,572.42,802773.26
PO03502,MAT0945,SUP223,2026-01-01,353.25,1464192.99
PO03503,MAT0828,SUP068,2025-04-29,110.25,99236.02
PO03504,MAT1150,SUP367,2025-10-25,253.64,358502.39
PO03505,MAT0076,SUP486,2025-02-13,663.42,1254839.03
PO03506,MAT0386,SUP399,2026-06-05,911.9,2246493.01
PO03507,MAT1963,SUP127,2026-04-28,491.3,368396.39
PO03508,MAT0165,SUP435,2026-04-13,37.89,58299.45
PO03509,MAT0264,SUP352,2025-06-12,549.26,2365558.46
PO03510,MAT0644,SUP159,2026-03-08,996.8,4537772.51
PO03511,MAT1888,SUP131,2026-01-23,415.76,1681578.74
PO03512,MAT1469,SUP453,2025-12-18,914.97,547591.25
PO03513,MAT1278,SUP283,2025-10-30,185.32,818373.12
PO03514,MAT1362,SUP472,2025-03-26,383.93,132421.3
PO03515,MAT0385,SUP210,2025-09-19,263.86,1179343.38
PO03516,MAT0644,SUP159,2026-02-27,85.78,390499.73
PO03517,MAT1097,SUP053,2025-04-18,627.22,1879226.39
PO03518,MAT1788,SUP329,2026-04-18,959.31,3864340.51
PO03519,MAT1889,SUP343,2025-11-28,638.26,2443374.17
PO03520,MAT1490,SUP113,2025-07-29,341.41,853900.55
PO03521,MAT0216,SUP360,2025-11-03,415.5,1242099.86
PO03522,MAT0360,SUP331,2025-09-29,52.43,51396.08
PO03523,MAT1909,SUP446,2026-01-18,963.7,4039550.93
PO03524,MAT0010,SUP004,2025-02-08,197.02,858183.66
PO03525,MAT0615,SUP423,2026-07-28,551.39,2264338.17
PO03526,MAT1032,SUP233,2025-05-19,495.51,384238.27
PO03527,MAT0635,SUP445,2025-08-08,18.19,21723.95
PO03528,MAT1749,SUP218,2025-05-27,491.74,1873563.82
PO03529,MAT1136,SUP434,2025-08-02,428.0,929842.84
PO03530,MAT1297,SUP192,2026-06-06,873.64,1619946.97
PO03531,MAT0768,SUP291,2025-09-27,637.42,2982143.97
PO03532,MAT0433,SUP337,2025-10-05,458.75,1399416.88
PO03533,MAT0578,SUP395,2026-06-26,757.43,964549.23
PO03534,MAT1133,SUP485,2025-08-24,596.06,2454700.25
PO03535,MAT0271,SUP350,2025-08-05,927.3,3547376.88
PO03536,MAT0054,SUP147,2026-08-13,417.64,1459885.68
PO03537,MAT0609,SUP492,2025-02-15,424.21,21621.98
PO03538,MAT0306,SUP463,2026-02-16,267.53,1085109.71
PO03539,MAT0996,SUP263,2025-01-04,573.97,2087437.05
PO03540,MAT1095,SUP197,2025-06-27,510.6,2035287.34
PO03541,MAT1267,SUP066,2025-10-12,939.1,2008706.73
PO03542,MAT1406,SUP447,2026-06-06,459.8,1217389.47
PO03543,MAT0261,SUP046,2025-10-04,872.46,489319.19
PO03544,MAT1550,SUP299,2025-12-26,120.77,382130.77
PO03545,MAT0120,SUP490,2025-08-31,832.85,1936651.09
PO03546,MAT1748,SUP191,2025-12-03,542.26,1938319.22
PO03547,MAT0480,SUP324,2026-04-10,144.43,588202.73
PO03548,MAT0252,SUP408,2026-05-18,132.05,266568.01
PO03549,MAT1631,SUP251,2025-09-30,889.38,1671349.58
PO03550,MAT0204,SUP138,2025-01-22,645.39,498486.33
PO03551,MAT0535,SUP318,2026-03-12,807.98,2009510.9
PO03552,MAT1112,SUP012,2026-07-28,985.27,4160066.11
PO03553,MAT0924,SUP122,2025-04-19,759.98,497992.09
PO03554,MAT0074,SUP074,2025-10-05,777.9,2649947.47
PO03555,MAT0395,SUP486,2025-02-05,211.06,30534.05
PO03556,MAT1944,SUP361,2025-08-02,594.74,2933091.15
PO03557,MAT0310,SUP256,2026-06-20,902.13,3987189.07
PO03558,MAT1717,SUP358,2026-06-04,498.48,677683.56
PO03559,MAT1622,SUP459,2026-07-16,475.19,1419910.49
PO03560,MAT1670,SUP073,2026-01-03,962.18,2984316.73
PO03561,MAT0139,SUP004,2025-08-16,734.98,1432248.18
PO03562,MAT1152,SUP451,2025-08-08,410.66,956020.59
PO03563,MAT1819,SUP248,2026-05-02,455.01,661853.0
PO03564,MAT1385,SUP488,2025-09-15,103.35,457612.1
PO03565,MAT0327,SUP163,2025-01-09,608.99,696337.44
PO03566,MAT1793,SUP075,2025-04-26,942.66,3583814.21
PO03567,MAT0781,SUP429,2025-12-24,201.07,770687.24
PO03568,MAT0304,SUP426,2026-03-06,969.63,675870.9
PO03569,MAT0308,SUP016,2025-07-10,549.5,1885829.05
PO03570,MAT1870,SUP215,2026-02-10,141.91,129771.02
PO03571,MAT1735,SUP177,2025-09-28,789.65,1879730.24
PO03572,MAT0608,SUP393,2025-02-10,924.59,4284947.63
PO03573,MAT1465,SUP025,2025-03-11,658.66,1005971.42
PO03574,MAT0738,SUP464,2025-06-24,863.73,2497155.71
PO03575,MAT1002,SUP410,2025-08-27,895.49,2801200.18
PO03576,MAT1560,SUP216,2025-02-05,726.92,757835.91
PO03577,MAT1200,SUP357,2025-12-31,455.71,1491078.56
PO03578,MAT1272,SUP273,2025-05-18,17.25,59265.82
PO03579,MAT1187,SUP325,2025-10-14,75.62,354995.07
PO03580,MAT0031,SUP426,2025-02-27,710.2,305258.16
PO03581,MAT0776,SUP019,2026-05-22,692.57,1710668.68
PO03582,MAT0640,SUP486,2025-10-06,108.71,126824.35
PO03583,MAT0759,SUP355,2025-08-09,167.97,222362.05
PO03584,MAT1663,SUP141,2026-01-16,997.85,1050935.62
PO03585,MAT1475,SUP356,2025-09-03,841.79,355201.71
PO03586,MAT1013,SUP497,2025-03-19,68.9,265791.4
PO03587,MAT0533,SUP429,2026-05-10,717.44,1300245.21
PO03588,MAT1790,SUP037,2025-11-13,107.8,516362.0
PO03589,MAT1440,SUP193,2025-05-28,152.76,486705.58
PO03590,MAT0205,SUP154,2025-10-11,548.55,2152619.91
PO03591,MAT1769,SUP108,2026-04-22,37.88,132721.67
PO03592,MAT1328,SUP234,2026-07-26,479.92,1705338.13
PO03593,MAT0515,SUP315,2026-02-04,983.13,831383.88
PO03594,MAT1771,SUP107,2026-08-12,412.81,775050.78
PO03595,MAT1214,SUP249,2025-07-07,185.68,18022.1
PO03596,MAT0774,SUP019,2025-03-22,991.94,324830.59
PO03597,MAT0516,SUP475,2025-11-02,795.52,1754217.06
PO03598,MAT0191,SUP476,2025-07-09,296.72,37834.77
PO03599,MAT1644,SUP408,2025-09-29,834.06,2509953.44
PO03600,MAT1453,SUP016,2025-08-08,180.67,169925.56
PO03601,MAT1517,SUP153,2025-04-13,116.8,541863.23
PO03602,MAT1194,SUP373,2025-02-22,45.09,59680.67
PO03603,MAT0602,SUP372,2025-11-09,388.75,1042518.65
PO03604,MAT0727,SUP244,2026-03-18,108.22,106241.74
PO03605,MAT0992,SUP463,2026-01-26,222.96,826506.03
PO03606,MAT1870,SUP215,2026-05-02,21.88,20008.38
PO03607,MAT1212,SUP321,2026-07-14,405.36,239373.19
PO03608,MAT1383,SUP209,2025-06-23,65.53,36038.88
PO03609,MAT1805,SUP248,2025-06-05,781.25,94101.56
PO03610,MAT1411,SUP460,2025-02-02,598.61,2796951.35
PO03611,MAT0825,SUP378,2025-08-31,397.01,592739.9
PO03612,MAT0829,SUP498,2026-03-01,724.23,2795716.1
PO03613,MAT0239,SUP262,2025-03-13,575.53,1660363.76
PO03614,MAT1834,SUP258,2025-07-21,415.18,1780790.06
PO03615,MAT1089,SUP243,2026-07-11,587.56,2817978.89
PO03616,MAT0858,SUP272,2025-01-11,345.57,896284.17
PO03617,MAT1692,SUP040,2026-05-03,608.87,443275.63
PO03618,MAT0959,SUP392,2025-01-31,69.33,194164.9
PO03619,MAT0779,SUP305,2026-05-22,250.96,286553.66
PO03620,MAT0039,SUP496,2025-12-08,955.76,657859.17
PO03621,MAT1466,SUP481,2026-07-31,966.04,539610.62
PO03622,MAT1774,SUP193,2025-01-27,800.54,561899.03
PO03623,MAT1862,SUP482,2025-08-10,619.18,2300984.33
PO03624,MAT0329,SUP229,2025-04-02,197.61,269302.91
PO03625,MAT0191,SUP476,2025-02-05,657.81,83877.35
PO03626,MAT1187,SUP325,2025-06-25,168.65,791720.68
PO03627,MAT1001,SUP453,2025-04-22,-90.0,769856.28
PO03628,MAT1170,SUP371,2026-01-25,570.71,152870.38
PO03629,MAT1189,SUP085,2026-06-06,477.89,603278.78
PO03630,MAT1472,SUP343,2025-03-19,658.54,1733758.01
PO03631,MAT1493,SUP349,2026-05-23,151.11,132204.63
PO03632,MAT1248,SUP053,2025-05-03,34.7,66414.06
PO03633,MAT1649,SUP396,2025-09-17,323.05,434486.1
PO03634,MAT1882,SUP267,2025-10-14,746.05,2168752.43
PO03635,MAT1973,SUP190,2025-04-25,998.81,4552356.24
PO03636,MAT1225,SUP255,2025-04-24,573.78,884579.41
PO03637,MAT0563,SUP247,2026-07-15,809.67,950787.38
PO03638,MAT1459,SUP102,2025-03-12,479.22,141762.86
PO03639,MAT1671,SUP393,2025-01-07,460.24,597170.6
PO03640,MAT1730,SUP385,2025-11-10,252.43,174923.89
PO03641,MAT0049,SUP448,2025-02-25,983.42,2748639.23
PO03642,MAT1480,SUP097,2025-05-29,826.8,1178438.04
PO03643,MAT0899,SUP177,2025-11-05,300.2,627132.81
PO03644,MAT0745,SUP496,2025-05-15,191.83,575094.83
PO03645,MAT1804,SUP192,2025-05-28,101.91,441654.5
PO03646,MAT1874,SUP024,2026-02-11,25.24,48368.17
PO03647,MAT1466,SUP481,2025-12-17,189.27,105722.44
PO03648,MAT0945,SUP223,2025-10-04,757.78,3140937.48
PO03649,MAT1798,SUP114,2025-05-26,954.81,2711202.09
PO03650,MAT1059,SUP238,2025-01-18,587.51,1213225.78
PO03651,MAT1091,SUP499,2025-11-09,744.49,3415526.55
PO03652,MAT0686,SUP427,2026-04-02,799.86,3691577.86
PO03653,MAT1575,SUP400,2026-05-01,884.47,1325625.95
PO03654,MAT1029,SUP121,2026-01-20,620.85,1769242.45
PO03655,MAT0977,SUP048,2025-08-02,677.66,1755844.17
PO03656,MAT1538,SUP184,2026-03-07,645.14,2765334.55
PO03657,MAT0559,SUP378,2025-12-28,322.65,723910.45
PO03658,MAT1835,SUP167,2025-08-19,923.72,4351090.69
PO03659,MAT1821,SUP004,2026-04-27,414.89,1855458.61
PO03660,MAT0518,SUP030,2026-04-22,606.65,1953073.28
PO03661,MAT0680,SUP374,2025-11-04,723.0,1798751.7
PO03662,MAT0753,SUP173,2025-01-25,970.81,1553965.86
PO03663,MAT0376,SUP207,2025-05-18,277.64,949456.61
PO03664,MAT1806,SUP106,2025-12-20,828.89,657260.04
PO03665,MAT0091,SUP315,2026-01-03,588.5,301588.6
PO03666,MAT1395,SUP231,2025-12-26,120.83,530826.73
PO03667,MAT0459,SUP428,2025-02-07,140.1,149573.56
PO03668,MAT1533,SUP246,2025-04-19,579.22,858850.04
PO03669,MAT0743,SUP310,2025-04-24,326.47,1487119.82
PO03670,MAT0715,SUP197,2026-07-04,585.63,1016969.92
PO03671,MAT0467,SUP347,2025-04-04,179.02,857342.89
PO03672,MAT0006,SUP160,2026-03-17,545.09,306787.55
PO03673,MAT0718,SUP050,2026-02-19,993.43,916002.07
PO03674,MAT0002,SUP161,2025-10-20,735.18,1174075.11
PO03675,MAT0787,SUP231,2026-07-03,-16.0,1093660.38
PO03676,MAT1359,SUP411,2025-09-19,484.18,942587.1
PO03677,MAT0922,SUP483,2026-03-15,793.25,966495.8
PO03678,MAT0001,SUP232,2026-06-11,677.72,1422114.09
PO03679,MAT0634,SUP339,2025-05-10,221.75,738817.78
PO03680,MAT1413,SUP050,2026-01-24,999.14,1131206.33
PO03681,MAT0993,SUP441,2025-01-10,505.2,1488758.72
PO03682,MAT1879,SUP253,2025-10-03,318.84,325733.32
PO03683,MAT1336,SUP446,2025-09-23,33.4,92746.79
PO03684,MAT1333,SUP136,2025-08-25,443.94,919532.92
PO03685,MAT1401,SUP059,2026-07-25,976.66,2246474.27
PO03686,MAT0021,SUP208,2026-08-02,118.44,175658.36
PO03687,MAT0386,SUP399,2025-02-03,495.79,1221393.54
PO03688,MAT1631,SUP251,2026-08-04,139.32,261814.32
PO03689,MAT0727,SUP244,2026-03-24,307.77,302143.96
PO03690,MAT0803,SUP211,2025-02-21,409.63,1012445.6
PO03691,MAT0806,SUP023,2026-06-26,933.96,4629452.93
PO03692,MAT1357,SUP219,2025-07-26,399.11,305762.16
PO03693,MAT0935,SUP034,2025-05-11,835.27,1781889.84
PO03694,MAT1161,SUP168,2025-11-30,979.85,2400201.37
PO03695,MAT0047,SUP226,2025-10-13,544.93,2102732.29
PO03696,MAT1145,SUP102,2026-06-07,442.68,2019134.31
PO03697,MAT0089,SUP085,2026-04-05,945.1,1556740.37
PO03698,MAT0453,SUP112,2025-02-10,509.13,1362416.61
PO03699,MAT0710,SUP201,2025-05-01,231.76,814193.74
PO03700,MAT0947,SUP439,2026-06-25,416.12,1256853.01
PO03701,MAT1939,SUP414,2025-10-08,437.38,515115.55
PO03702,MAT0806,SUP023,2025-06-01,717.27,3555363.94
PO03703,MAT0468,SUP022,2025-01-10,176.49,509166.59
PO03704,MAT0402,SUP312,2025-06-20,207.31,808695.58
PO03705,MAT1763,SUP257,2026-05-19,689.46,2097944.04
PO03706,MAT1549,SUP348,2025-06-01,867.56,1011757.15
PO03707,MAT0877,SUP239,2026-01-03,903.64,2369931.45
PO03708,MAT0939,SUP232,2025-01-02,879.86,3848375.66
PO03709,MAT0626,SUP305,2025-08-12,11.96,46164.64
PO03710,MAT1278,SUP283,2025-01-22,27.99,123603.84
PO03711,MAT0462,SUP231,2026-06-16,383.13,840384.16
PO03712,MAT1998,SUP352,2025-10-26,746.34,1466184.93
PO03713,MAT1672,SUP165,2026-02-17,458.9,1382991.52
PO03714,MAT1220,SUP232,2025-04-24,616.06,2123324.72
PO03715,MAT0937,SUP206,2025-01-04,521.0,1646396.47
PO03716,MAT0612,SUP020,2026-08-09,770.44,1394881.62
PO03717,MAT0372,SUP155,2026-08-05,999.28,4127366.16
PO03718,MAT1723,SUP462,2025-05-05,259.6,427234.1
PO03719,MAT1896,SUP052,2026-02-20,800.34,2555317.55
PO03720,MAT1996,SUP030,2025-01-24,583.85,2250765.1
PO03721,MAT0040,SUP417,2025-04-05,390.64,1315316.13
PO03722,MAT0611,SUP396,2025-06-05,822.2,3781791.12
PO03723,MAT0712,SUP145,2025-05-23,688.66,2094889.95
PO03724,MAT0802,SUP113,2025-07-26,934.48,2838950.24
PO03725,MAT0744,SUP134,2026-08-19,676.52,1657710.78
PO03726,MAT0592,SUP001,2026-08-15,729.49,1405194.7
PO03727,MAT1725,SUP084,2025-02-15,394.32,1086962.8
PO03728,MAT1589,SUP128,2026-07-09,797.21,1207239.02
PO03729,MAT0715,SUP197,2025-12-11,307.2,533465.09
PO03730,MAT0931,SUP199,2025-03-26,943.37,4295597.56
PO03731,MAT1476,SUP344,2026-07-15,431.0,1020323.54
PO03732,MAT1689,SUP409,2025-09-22,394.62,1166978.16
PO03733,MAT0689,SUP275,2025-02-11,60.16,65026.94
PO03734,MAT1634,SUP496,2026-06-12,284.56,1146213.37
PO03735,MAT0101,SUP479,2025-08-13,256.55,928605.81
PO03736,MAT0554,SUP455,2025-05-02,891.42,3490640.26
PO03737,MAT1681,SUP237,2025-09-08,953.56,4466665.75
PO03738,MAT0144,SUP349,2025-03-26,930.27,4067159.05
PO03739,MAT1830,SUP289,2026-06-20,883.56,3379917.41
PO03740,MAT0615,SUP423,2025-11-22,101.54,416984.16
PO03741,MAT1489,SUP116,2026-07-23,649.3,2280724.69
PO03742,MAT1339,SUP236,2025-09-23,336.43,1375060.06
PO03743,MAT1722,SUP072,2025-05-25,761.64,2250463.41
PO03744,MAT1019,SUP389,2025-11-13,158.58,526147.82
PO03745,MAT0634,SUP339,2025-01-19,197.22,657089.71
PO03746,MAT1501,SUP211,2025-09-24,806.87,2673862.29
PO03747,MAT1588,SUP382,2025-01-13,77.73,54626.31
PO03748,MAT1155,SUP358,2025-07-28,330.7,172919.72
PO03749,MAT1940,SUP138,2025-09-02,284.96,1194335.75
PO03750,MAT0793,SUP129,2026-02-25,39.67,123106.32
PO03751,MAT1076,SUP321,2025-11-26,381.31,1544934.66
PO03752,MAT1925,SUP173,2026-08-12,611.14,2740418.99
PO03753,MAT1322,SUP230,2025-09-14,290.55,1324530.28
PO03754,MAT1374,SUP029,2025-10-07,864.6,1722144.86
PO03755,MAT1539,SUP200,2026-03-19,447.2,161300.57
PO03756,MAT1259,SUP442,2025-02-24,104.54,364982.59
PO03757,MAT0771,SUP357,2026-07-18,146.57,657729.94
PO03758,MAT1655,SUP108,2025-01-17,812.01,2192906.09
PO03759,MAT1152,SUP451,2026-07-07,911.15,2121166.31
PO03760,MAT1141,SUP323,2026-06-04,160.69,734846.62
PO03761,MAT1431,SUP402,2025-05-22,656.09,2770668.07
PO03762,MAT1222,SUP120,2026-06-10,452.27,1107360.48
PO03763,MAT1941,SUP303,2025-10-23,968.46,358388.31
PO03764,MAT1609,SUP410,2025-06-02,961.36,1146815.96
PO03765,MAT0149,SUP213,2026-02-05,149.33,424300.29
PO03766,MAT1744,SUP350,2026-06-28,353.18,1476098.15
PO03767,MAT1519,SUP479,2025-03-13,501.91,1188763.8
PO03768,MAT0786,SUP356,2025-11-29,905.79,3149585.81
PO03769,MAT0951,SUP377,2026-04-24,235.13,309976.58
PO03770,MAT1048,SUP044,2026-01-03,640.8,3061793.66
PO03771,MAT0510,SUP186,2025-07-17,417.47,340718.14
PO03772,MAT1570,SUP212,2025-06-13,951.52,2723098.0
PO03773,MAT1111,SUP369,2025-08-16,351.0,607967.1
PO03774,MAT1840,SUP046,2026-04-11,27.22,34402.54
PO03775,MAT1728,SUP391,2025-10-29,96.32,56239.32
PO03776,MAT1916,SUP178,2025-04-07,992.57,4236834.67
PO03777,MAT1224,SUP100,2026-07-28,950.91,4141973.78
PO03778,MAT1998,SUP352,2026-07-19,704.21,1383420.55
PO03779,MAT1130,SUP061,2025-04-20,553.46,1014586.27
PO03780,MAT1322,SUP230,2026-03-05,938.89,4280117.84
PO03781,MAT0487,SUP343,2025-06-30,788.44,2060611.59
PO03782,MAT0515,SUP315,2025-12-02,352.49,298083.17
PO03783,MAT0195,SUP016,2025-01-19,294.0,1154996.64
PO03784,MAT0646,SUP373,2026-02-12,123.28,473259.59
PO03785,MAT1510,SUP064,2025-02-02,70.22,173261.53
PO03786,MAT0884,SUP430,2025-06-27,226.87,825747.81
PO03787,MAT0271,SUP350,2025-09-28,432.21,1653415.03
PO03788,MAT1355,SUP478,2025-01-25,63.24,256947.91
PO03789,MAT0919,SUP140,2025-05-11,565.94,109933.85
PO03790,MAT1686,SUP146,2026-06-19,151.89,447030.5
PO03791,MAT1974,SUP365,2025-03-30,39.33,16171.32
PO03792,MAT1803,SUP461,2025-06-29,208.5,1014018.9
PO03793,MAT0275,SUP301,2025-05-11,572.12,907004.72
PO03794,MAT0745,SUP496,2026-03-14,77.96,233719.4
PO03795,MAT0186,SUP154,2025-04-02,133.84,439796.9
PO03796,MAT1061,SUP334,2025-09-28,947.04,1475327.32
PO03797,MAT1989,SUP175,2026-01-19,21.41,98766.69
PO03798,MAT0352,SUP403,2026-03-16,440.87,1304313.9
PO03799,MAT0943,SUP135,2025-11-29,232.14,68813.26
PO03800,MAT1344,SUP395,2025-09-22,318.94,438510.61
PO03801,MAT0683,SUP328,2025-02-17,970.94,3364870.25
PO03802,MAT0964,SUP422,2025-11-09,658.54,1868982.62
PO03803,MAT0151,SUP217,2025-05-28,978.68,3441929.48
PO03804,MAT0387,SUP232,2026-03-06,987.7,1073076.79
PO03805,MAT0279,SUP384,2025-11-04,388.99,1430716.89
PO03806,MAT0914,SUP103,2025-01-26,116.0,271359.96
PO03807,MAT0930,SUP328,2025-04-01,339.57,1535070.33
PO03808,MAT1406,SUP447,2025-01-08,372.29,985693.62
PO03809,MAT1386,SUP403,2025-07-29,964.4,1666627.86
PO03810,MAT0889,SUP320,2025-11-13,496.9,1894605.16
PO03811,MAT0066,SUP243,2025-06-02,266.88,61721.34
PO03812,MAT0113,SUP154,2025-12-25,562.75,2300499.49
PO03813,MAT1876,SUP058,2026-03-08,92.24,216666.23
PO03814,MAT1104,SUP342,2026-02-24,539.41,1882093.19
PO03815,MAT1892,SUP232,2025-06-17,940.8,2623731.26
PO03816,MAT1967,SUP484,2025-04-14,751.96,1542254.92
PO03817,MAT0576,SUP029,2025-05-10,827.79,3219672.65
PO03818,MAT0989,SUP070,2025-07-07,400.3,398086.34
PO03819,MAT1706,SUP143,2025-01-04,514.29,1693438.68
PO03820,MAT1705,SUP215,2026-03-05,706.56,231356.01
PO03821,MAT0319,SUP309,2026-02-01,935.6,139067.58
PO03822,MAT1519,SUP479,2026-02-14,953.18,2257587.77
PO03823,MAT1325,SUP351,2025-05-14,283.3,1234556.24
PO03824,MAT1355,SUP478,2025-03-20,956.83,3887657.7
PO03825,MAT1354,SUP320,2026-03-29,885.04,1570512.33
PO03826,MAT0691,SUP311,2026-02-23,853.78,834595.56
PO03827,MAT0386,SUP399,2026-03-29,515.53,1270023.62
PO03828,MAT1704,SUP015,2025-10-04,792.21,3546415.21
PO03829,MAT0735,SUP073,2025-10-28,478.57,2353951.83
PO03830,MAT1178,SUP312,2025-03-24,665.77,1512702.67
PO03831,MAT0198,SUP365,2026-08-16,69.49,257897.54
PO03832,MAT0312,SUP401,2025-08-01,367.99,892169.68
PO03833,MAT1792,SUP367,2025-02-07,418.65,1324977.01
PO03834,MAT0093,SUP042,2025-04-22,808.21,3835207.0
PO03835,MAT1502,SUP126,2025-11-07,505.59,1879788.68
PO03836,MAT0192,SUP476,2026-05-10,993.49,1521450.46
PO03837,MAT0562,SUP306,2025-05-30,134.3,426226.57
PO03838,MAT0355,SUP293,2025-11-17,865.45,2069792.91
PO03839,MAT1246,SUP336,2025-08-03,314.52,914287.62
PO03840,MAT0644,SUP159,2025-11-11,728.8,3317745.39
PO03841,MAT0327,SUP163,2026-01-23,552.21,631413.48
PO03842,MAT1868,SUP266,2025-04-24,159.31,118540.98
PO03843,MAT1420,SUP046,2025-12-11,792.72,2457820.43
PO03844,MAT0371,SUP459,2026-03-20,845.04,3604391.36
PO03845,MAT1875,SUP052,2025-12-31,171.99,305437.04
PO03846,MAT0007,SUP115,2025-09-20,579.08,1032534.38
PO03847,MAT0080,SUP103,2025-06-26,27.02,19504.66
PO03848,MAT1787,SUP126,2026-02-14,663.33,1489892.25
PO03849,MAT0700,SUP165,2025-10-11,803.02,805509.36
PO03850,MAT1784,SUP012,2025-04-01,768.75,3400481.06
PO03851,MAT1815,SUP227,2025-04-14,673.87,1621587.29
PO03852,MAT0312,SUP401,2026-05-20,776.37,1882262.48
PO03853,MAT1713,SUP321,2026-07-14,554.93,2133861.23
PO03854,MAT1739,SUP454,2026-06-28,155.28,144703.88
PO03855,MAT1866,SUP360,2025-09-13,12.5,40870.5
PO03856,MAT1919,SUP184,2026-03-16,241.17,432724.1
PO03857,MAT1243,SUP201,2025-08-19,343.99,736506.67
PO03858,MAT1195,SUP193,2026-08-24,791.07,2412629.02
PO03859,MAT0057,SUP328,2026-05-28,875.69,2025217.02
PO03860,MAT1768,SUP175,2026-05-30,808.23,1426129.92
PO03861,MAT1266,SUP491,2025-03-08,532.95,1615163.6
PO03862,MAT0621,SUP244,2025-10-11,590.82,2209259.13
PO03863,MAT1806,SUP106,2026-03-06,541.47,429353.22
PO03864,MAT1799,SUP325,2026-02-19,411.1,987733.53
PO03865,MAT1570,SUP212,2025-01-19,353.84,1012633.47
PO03866,MAT0822,SUP460,2025-04-11,818.39,1209122.12
PO03867,MAT1545,SUP373,2025-02-14,189.93,720077.81
PO03868,MAT1502,SUP126,2025-06-14,817.03,3037725.71
PO03869,MAT0226,SUP378,2026-01-15,317.89,1405496.59
PO03870,MAT1945,SUP357,2025-10-13,91.44,154180.64
PO03871,MAT1999,SUP326,2025-07-10,254.66,616707.58
PO03872,MAT0500,SUP074,2025-01-31,127.28,523278.63
PO03873,MAT0462,SUP231,2026-02-16,60.45,132595.26
PO03874,MAT0647,SUP382,2026-06-25,429.65,344660.93
PO03875,MAT0050,SUP043,2025-09-03,501.7,702540.54
PO03876,MAT1590,SUP141,2025-04-13,716.39,988833.12
PO03877,MAT0041,SUP186,2026-06-02,391.2,721709.23
PO03878,MAT1664,SUP150,2025-03-01,210.61,107550.1
PO03879,MAT1106,SUP233,2025-03-05,999.51,2503632.62
PO03880,MAT0697,SUP236,2025-07-26,113.98,408356.15
PO03881,MAT1385,SUP488,2026-04-03,555.25,2458530.4
PO03882,MAT0468,SUP022,2025-02-20,89.38,257857.72
PO03883,MAT1889,SUP343,2025-10-10,42.11,161204.66
PO03884,MAT1710,SUP326,2025-01-14,217.76,346295.02
PO03885,MAT0844,SUP180,2026-05-02,815.16,3985105.3
PO03886,MAT1335,SUP498,2025-09-04,115.87,314015.81
PO03887,MAT0136,SUP375,2026-05-24,750.06,2444453.04
PO03888,MAT1325,SUP351,2026-04-23,764.31,3330687.19
PO03889,MAT1362,SUP472,2026-07-23,420.79,145134.68
PO03890,MAT0596,SUP092,2025-04-18,885.78,930325.88
PO03891,MAT1179,SUP011,2026-02-02,885.27,3370010.43
PO03892,MAT1666,SUP488,2025-06-09,762.95,2918566.04
PO03893,MAT0819,SUP033,2025-12-30,686.91,1208185.39
PO03894,MAT0939,SUP232,2025-02-22,724.54,3169029.28
PO03895,MAT1059,SUP238,2025-09-22,107.54,222073.33
PO03896,MAT1963,SUP127,2025-10-19,846.95,635076.99
PO03897,MAT1248,SUP053,2026-04-23,823.26,1575678.48
PO03898,MAT0282,SUP131,2025-12-03,868.66,3888669.42
PO03899,MAT0819,SUP033,2025-01-10,632.4,1112309.39
PO03900,MAT1950,SUP294,2025-03-20,213.97,863223.45
PO03901,MAT0802,SUP113,2026-03-25,347.32,1055158.16
PO03902,MAT0095,SUP248,2025-12-12,-34.0,2157001.04
PO03903,MAT1286,SUP351,2025-05-03,32.41,113581.49
PO03904,MAT0644,SUP159,2025-06-20,562.53,2560827.82
PO03905,MAT1658,SUP204,2026-03-31,527.36,136749.72
PO03906,MAT0424,SUP487,2025-01-04,476.96,881684.41
PO03907,MAT1718,SUP396,2026-04-25,602.76,1371809.43
PO03908,MAT1791,SUP247,2025-02-27,717.91,1076987.04
PO03909,MAT1962,SUP426,2026-04-25,120.83,474996.02
PO03910,MAT1050,SUP093,2026-03-02,114.73,161890.91
PO03911,MAT1836,SUP353,2025-01-29,557.0,716714.18
PO03912,MAT0226,SUP378,2026-06-09,119.96,530382.75
PO03913,MAT1220,SUP232,2026-04-27,976.19,3364555.98
PO03914,MAT1268,SUP333,2025-06-08,138.48,281154.56
PO03915,MAT0114,SUP299,2025-07-27,680.08,2716198.72
PO03916,MAT0620,SUP222,2026-01-29,258.8,1020324.18
PO03917,MAT1491,SUP362,2026-05-18,777.14,1146662.3
PO03918,MAT1943,SUP034,2026-07-03,205.99,591248.98
PO03919,MAT0498,SUP497,2025-12-13,839.13,2690443.78
PO03920,MAT0257,SUP341,2025-02-11,452.93,138755.11
PO03921,MAT0091,SUP315,2026-03-06,564.06,289063.83
PO03922,MAT1583,SUP273,2025-04-19,900.67,2989314.72
PO03923,MAT0841,SUP101,2025-01-08,190.24,88227.6
PO03924,MAT0435,SUP071,2025-10-21,551.56,1672605.7
PO03925,MAT1374,SUP029,2026-07-17,372.67,742299.01
PO03926,MAT1416,SUP333,2025-12-27,470.87,988624.53
PO03927,MAT1967,SUP484,2026-05-28,41.16,84418.34
PO03928,MAT1151,SUP423,2025-06-23,654.82,1993272.08
PO03929,MAT1847,SUP295,2025-10-28,202.21,645080.23
PO03930,MAT0713,SUP419,2025-05-19,221.15,367785.72
PO03931,MAT1641,SUP252,2026-02-09,964.37,2965948.87
PO03932,MAT0651,SUP243,2025-06-16,970.58,835417.03
PO03933,MAT1133,SUP485,2025-05-05,396.8,1634105.73
PO03934,MAT0069,SUP474,2025-02-08,791.45,1084500.19
PO03935,MAT0880,SUP438,2026-01-29,606.44,597034.12
PO03936,MAT0842,SUP252,2026-01-27,555.97,1687758.13
PO03937,MAT0679,SUP270,2026-04-12,266.99,1328374.04
PO03938,MAT0661,SUP212,2026-04-29,29.72,67817.47
PO03939,MAT0571,SUP057,2026-03-30,685.42,2130120.86
PO03940,MAT1140,SUP012,2026-01-01,75.63,297794.64
PO03941,MAT1349,SUP001,2025-05-02,253.45,42782.36
PO03942,MAT1162,SUP072,2026-01-09,700.01,2877818.11
PO03943,MAT0944,SUP046,2025-05-26,98.55,87917.44
PO03944,MAT0191,SUP476,2025-02-26,738.44,94158.48
PO03945,MAT1651,SUP174,2026-02-21,895.7,1412635.34
PO03946,MAT1134,SUP117,2025-05-29,394.51,1432272.5
PO03947,MAT0504,SUP258,2025-01-05,485.54,248251.75
PO03948,MAT1008,SUP437,2025-01-10,225.41,685523.65
PO03949,MAT0074,SUP074,2026-01-08,55.96,190629.98
PO03950,MAT0218,SUP006,2026-06-20,769.18,1023586.28
PO03951,MAT0380,SUP372,2025-06-10,289.25,1106800.66
PO03952,MAT1808,SUP187,2025-08-05,705.79,1427481.45
PO03953,MAT1018,SUP162,2025-04-26,623.8,3063250.99
PO03954,MAT0583,SUP405,2025-08-16,582.11,54834.76
PO03955,MAT1556,SUP115,2025-10-23,546.41,2521818.75
PO03956,MAT1696,SUP287,2025-10-27,508.36,1258679.03
PO03957,MAT0710,SUP201,2025-08-14,33.35,117161.55
PO03958,MAT0995,SUP306,2025-11-05,913.75,4564345.73
PO03959,MAT0387,SUP232,2026-03-12,604.68,656948.54
PO03960,MAT1018,SUP162,2025-03-18,815.91,4006632.12
PO03961,MAT1385,SUP488,2025-11-20,859.57,3805995.45
PO03962,MAT1440,SUP193,2025-02-17,155.89,496678.01
PO03963,MAT0996,SUP263,2026-01-13,912.48,3318543.76
PO03964,MAT1951,SUP094,2026-01-22,481.51,765803.13
PO03965,MAT0929,SUP018,2026-01-09,766.01,2657196.77
PO03966,MAT1359,SUP411,2026-07-18,989.27,1925881.16
PO03967,MAT1465,SUP025,2025-10-25,410.24,626559.55
PO03968,MAT1490,SUP113,2025-09-08,238.78,597212.66
PO03969,MAT0010,SUP004,2025-12-04,240.35,1046921.34
PO03970,MAT0182,SUP004,2026-07-18,99.81,277535.68
PO03971,MAT0188,SUP433,2025-01-04,332.59,1078353.23
PO03972,MAT1436,SUP141,2025-05-02,881.66,4124520.1
PO03973,MAT0827,SUP341,2025-10-10,912.96,3850354.02
PO03974,MAT1004,SUP156,2026-03-07,266.98,290124.5
PO03975,MAT1398,SUP179,2025-06-09,495.68,1174275.83
PO03976,MAT1970,SUP485,2026-08-23,789.37,1239500.35
PO03977,MAT1277,SUP051,2025-05-06,326.86,292605.07
PO03978,MAT1111,SUP369,2025-09-10,556.29,963549.91
PO03979,MAT0703,SUP164,2025-11-25,747.02,560795.38
PO03980,MAT1881,SUP116,2025-04-24,145.45,140199.25
PO03981,MAT0778,SUP313,2025-03-20,906.77,3794823.38
PO03982,MAT1803,SUP461,2026-05-20,336.22,1635172.35
PO03983,MAT1886,SUP208,2025-04-11,142.65,708094.63
PO03984,MAT0302,SUP134,2026-01-17,767.43,156448.28
PO03985,MAT0277,SUP342,2026-05-25,511.62,328071.21
PO03986,MAT1265,SUP340,2025-12-16,368.66,451110.81
PO03987,MAT1697,SUP092,2025-06-08,382.62,1659572.16
PO03988,MAT1553,SUP181,2025-02-16,764.8,2379652.26
PO03989,MAT0024,SUP382,2026-04-18,169.17,194000.77
PO03990,MAT0759,SUP355,2026-01-28,28.67,37953.92
PO03991,MAT1096,SUP334,2025-10-30,788.9,1812639.75
PO03992,MAT0203,SUP267,2026-03-22,760.79,2618875.02
PO03993,MAT1474,SUP393,2026-01-14,773.98,2764145.73
PO03994,MAT1715,SUP195,2026-03-09,775.43,722018.38
PO03995,MAT0778,SUP313,2026-04-25,149.93,627455.55
PO03996,MAT1210,SUP250,2026-01-02,74.01,187832.94
PO03997,MAT0417,SUP247,2025-04-15,37.04,123542.1
PO03998,MAT0496,SUP066,2025-07-28,70.53,210328.92
PO03999,MAT1608,SUP138,2026-05-28,469.21,1965164.09
PO04000,MAT0175,SUP289,2026-01-06,390.43,1452087.26
PO04001,MAT0956,SUP222,2025-09-27,757.15,1013831.42
PO04002,MAT0125,SUP022,2026-05-08,536.24,2562583.71
PO04003,MAT1923,SUP425,2025-08-24,486.34,268182.47
PO04004,MAT0643,SUP278,2025-03-04,224.35,240828.51
PO04005,MAT1750,SUP486,2026-05-14,324.87,430871.83
PO04006,MAT1705,SUP215,2025-08-22,534.78,175108.36
PO04007,MAT1547,SUP324,2025-07-10,889.78,4112189.45
PO04008,MAT1554,SUP219,2025-10-31,823.12,3602129.51
PO04009,MAT1564,SUP371,2025-11-05,508.22,287195.12
PO04010,MAT1656,SUP149,2025-11-29,708.62,3229705.72
PO04011,MAT1243,SUP201,2025-07-05,389.49,833925.35
PO04012,MAT1115,SUP061,2025-06-15,567.0,2505845.16
PO04013,MAT0284,SUP092,2025-12-07,266.96,743932.09
PO04014,MAT1046,SUP120,2026-02-08,688.4,1189582.74
PO04015,MAT1999,SUP326,2026-02-17,981.45,2376767.65
PO04016,MAT0688,SUP476,2026-04-07,194.08,811986.08
PO04017,MAT0862,SUP112,2026-06-13,835.57,2123810.05
PO04018,MAT0090,SUP129,2025-02-16,454.21,1450533.26
PO04019,MAT0536,SUP392,2026-03-15,258.16,371058.53
PO04020,MAT1834,SUP258,2025-01-11,450.87,1933871.6
PO04021,MAT1670,SUP073,2026-01-22,686.36,2128827.9
PO04022,MAT1235,SUP303,2025-05-28,483.45,478518.81
PO04023,MAT1317,SUP381,2025-03-11,861.07,2297222.82
PO04024,MAT1195,SUP193,2025-07-31,943.65,2877972.08
PO04025,MAT1508,SUP495,2025-08-02,729.36,2288578.51
PO04026,MAT0188,SUP433,2026-02-15,481.13,1559962.99
PO04027,MAT1266,SUP491,2025-05-22,364.55,1104808.88
PO04028,MAT0268,SUP152,2025-05-09,225.71,886999.67
PO04029,MAT0641,SUP374,2026-06-26,436.93,1148055.42
PO04030,MAT1929,SUP273,2026-06-01,837.54,1686763.68
PO04031,MAT1973,SUP190,2025-02-23,412.37,1879491.74
PO04032,MAT0428,SUP101,2025-01-31,799.36,517737.48
PO04033,MAT1252,SUP399,2026-06-14,919.34,3981872.99
PO04034,MAT0760,SUP199,2026-06-20,993.71,4948665.86
PO04035,MAT1836,SUP353,2025-08-28,184.6,237532.2
PO04036,MAT1159,SUP023,2025-12-09,782.37,142586.93
PO04037,MAT0110,SUP071,2025-08-29,267.11,1076354.47
PO04038,MAT1351,SUP057,2025-12-22,790.32,437513.25
PO04039,MAT0754,SUP211,2026-06-22,944.15,2502054.15
PO04040,MAT0343,SUP239,2025-05-29,479.52,560990.45
PO04041,MAT1986,SUP118,2026-08-15,423.94,1769449.25
PO04042,MAT0527,SUP460,2025-03-27,957.42,4133201.29
PO04043,MAT1919,SUP184,2025-12-02,600.22,1076956.74
PO04044,MAT0326,SUP486,2026-04-06,434.77,864509.71
PO04045,MAT1032,SUP233,2025-09-21,778.75,603873.9
PO04046,MAT1056,SUP153,2025-11-18,199.93,107718.29
PO04047,MAT0603,SUP321,2025-11-26,417.38,1174590.8
PO04048,MAT1600,SUP191,2025-03-01,739.38,298265.89
PO04049,MAT0807,SUP202,2026-05-28,599.42,2432506.3
PO04050,MAT1870,SUP215,2026-04-20,504.81,461628.55
PO04051,MAT1747,SUP217,2025-12-14,350.82,543637.69
PO04052,MAT1417,SUP499,2025-06-12,441.97,270145.32
PO04053,MAT1453,SUP016,2025-03-20,590.83,555693.34
PO04054,MAT1781,SUP211,2025-01-29,248.83,796320.7
PO04055,MAT0548,SUP382,2026-06-24,267.08,356781.49
PO04056,MAT1879,SUP253,2025-07-05,482.09,492512.79
PO04057,MAT0598,SUP188,2026-02-17,752.08,2293445.4
PO04058,MAT1885,SUP166,2025-05-14,460.89,1328206.63
PO04059,MAT0932,SUP480,2025-07-31,188.46,286881.35
PO04060,MAT0786,SUP356,2025-06-30,183.69,638721.36
PO04061,MAT1762,SUP192,2025-05-31,-37.0,1165157.75
PO04062,MAT1847,SUP295,2025-04-19,763.96,2437146.99
PO04063,MAT0577,SUP099,2026-04-21,831.83,3406668.26
PO04064,MAT1803,SUP461,2026-05-17,431.67,2099383.88
PO04065,MAT0225,SUP119,2025-05-04,969.02,3069186.74
PO04066,MAT1771,SUP107,2025-04-20,428.71,804903.02
PO04067,MAT1737,SUP391,2025-02-28,781.64,1586275.85
PO04068,MAT1876,SUP058,2025-06-11,620.62,1457799.14
PO04069,MAT0070,SUP309,2026-07-11,378.23,1040170.32
PO04070,MAT0074,SUP074,2025-10-23,275.52,938569.9
PO04071,MAT1653,SUP310,2026-07-20,410.11,60942.35
PO04072,MAT1375,SUP245,2026-07-21,240.36,788587.51
PO04073,MAT0668,SUP235,2026-01-19,183.96,788136.15
PO04074,MAT0505,SUP268,2025-04-17,837.19,1576738.53
PO04075,MAT1277,SUP051,2026-08-16,17.78,15916.66
PO04076,MAT1058,SUP261,2026-08-22,857.91,1678063.38
PO04077,MAT1121,SUP365,2025-07-03,195.31,517786.34
PO04078,MAT1439,SUP252,2025-07-04,749.41,1572292.16
PO04079,MAT1924,SUP255,2026-08-06,796.77,3023734.18
PO04080,MAT1662,SUP426,2025-01-15,104.7,450581.69
PO04081,MAT0578,SUP395,2025-09-30,192.54,245190.06
PO04082,MAT0937,SUP206,2026-02-12,275.95,872021.32
PO04083,MAT0790,SUP186,2025-03-21,69.94,179209.36
PO04084,MAT1522,SUP318,2026-07-14,35.02,157750.04
PO04085,MAT0479,SUP457,2025-03-15,456.07,466258.6
PO04086,MAT1369,SUP211,2025-01-20,922.38,2073205.85
PO04087,MAT1004,SUP156,2025-03-24,406.06,441261.34
PO04088,MAT0892,SUP231,2025-07-18,451.19,1927361.86
PO04089,MAT1060,SUP468,2025-02-10,889.29,1229301.14
PO04090,MAT0928,SUP451,2025-01-12,941.95,1739630.94
PO04091,MAT0626,SUP305,2025-10-26,587.47,2267587.2
PO04092,MAT1412,SUP135,2025-08-02,192.9,699324.23
PO04093,MAT1396,SUP359,2026-04-15,191.7,17122.64
PO04094,MAT1677,SUP088,2025-10-14,382.97,942722.78
PO04095,MAT1148,SUP381,2025-08-18,854.28,1687638.68
PO04096,MAT0641,SUP374,2026-03-28,168.31,442242.94
PO04097,MAT1911,SUP342,2025-10-13,784.69,3857755.75
PO04098,MAT1292,SUP473,2026-03-20,979.1,4551924.02
PO04099,MAT0791,SUP100,2026-07-23,15.28,61016.55
PO04100,MAT1945,SUP357,2025-08-16,958.32,1615861.68
PO04101,MAT0677,SUP108,2025-02-03,744.02,2291336.07
PO04102,MAT1480,SUP097,2025-11-29,267.51,381282.0
PO04103,MAT0896,SUP029,2025-06-10,882.17,1194272.92
PO04104,MAT0265,SUP302,2026-07-18,331.8,593955.18
PO04105,MAT1584,SUP466,2025-08-13,740.78,2803607.84
PO04106,MAT1504,SUP090,2025-08-19,135.95,619404.51
PO04107,MAT1981,SUP022,2025-06-11,991.39,682076.32
PO04108,MAT1682,SUP163,2026-05-21,188.38,176544.08
PO04109,MAT1771,SUP107,2025-03-31,168.46,316283.65
PO04110,MAT1604,SUP262,2026-08-10,126.69,497658.59
PO04111,MAT0808,SUP043,2026-02-01,229.99,868842.42
PO04112,MAT1306,SUP096,2025-02-18,305.48,440392.19
PO04113,MAT1298,SUP225,2026-07-31,818.93,696974.94
PO04114,MAT1685,SUP326,2025-03-02,134.18,593417.76
PO04115,MAT0227,SUP003,2026-03-17,721.34,770845.56
PO04116,MAT0118,SUP212,2026-04-09,401.18,835004.02
PO04117,MAT0964,SUP422,2025-12-06,825.82,2343734.97
PO04118,MAT0212,SUP014,2026-04-10,864.38,4077911.46
PO04119,MAT1466,SUP481,2026-07-21,648.08,362004.53
PO04120,MAT1808,SUP187,2025-12-31,977.46,1976942.17
PO04121,MAT0923,SUP341,2026-05-16,272.13,1292859.7
PO04122,MAT0761,SUP036,2026-08-24,379.9,1860803.39
PO04123,MAT0221,SUP179,2026-04-09,725.56,1268409.48
PO04124,MAT1513,SUP113,2026-06-02,860.57,2058681.37
PO04125,MAT0656,SUP234,2026-03-22,308.34,1355157.38
PO04126,MAT0227,SUP003,2025-01-03,424.51,453644.12
PO04127,MAT0794,SUP474,2026-05-23,993.78,914913.62
PO04128,MAT1833,SUP405,2026-02-27,848.02,1409527.96
PO04129,MAT0945,SUP223,2025-01-23,177.95,737588.51
PO04130,MAT1731,SUP406,2026-07-13,20.13,80869.66
PO04131,MAT1254,SUP301,2025-04-16,569.39,2811294.8
PO04132,MAT1092,SUP032,2025-06-25,599.07,192421.28
PO04133,MAT0815,SUP057,2025-06-19,194.31,361352.48
PO04134,MAT1930,SUP292,2025-03-21,905.08,1496088.19
PO04135,MAT1187,SUP325,2025-11-03,883.3,4146616.52
PO04136,MAT0193,SUP170,2025-09-01,623.5,2363233.35
PO04137,MAT0730,SUP441,2025-10-14,266.46,1191936.87
PO04138,MAT0806,SUP023,2026-08-10,914.73,4534133.66
PO04139,MAT0342,SUP190,2026-08-22,232.92,437549.54
PO04140,MAT1667,SUP500,2025-06-10,355.01,716012.57
PO04141,MAT0930,SUP328,2025-07-17,254.79,1151811.32
PO04142,MAT1716,SUP116,2025-06-27,16.49,23091.94
PO04143,MAT0198,SUP365,2025-06-21,252.23,936098.68
PO04144,MAT1574,SUP362,2025-03-10,50.33,226148.8
PO04145,MAT0177,SUP282,2026-01-19,906.81,1200407.87
PO04146,MAT0416,SUP266,2025-12-06,350.61,1211988.65
PO04147,MAT0919,SUP140,2025-03-02,122.39,23774.26
PO04148,MAT0697,SUP236,2025-08-20,989.42,3544795.03
PO04149,MAT0548,SUP382,2025-10-18,335.28,447887.14
PO04150,MAT0470,SUP114,2025-02-04,233.78,977667.96
PO04151,MAT0599,SUP476,2026-02-19,585.09,1384843.67
PO04152,MAT1064,SUP001,2026-07-22,810.45,3785498.49
PO04153,MAT1754,SUP009,2025-10-19,698.19,1156851.96
PO04154,MAT1676,SUP102,2025-08-02,627.54,2733099.86
PO04155,MAT0801,SUP070,2025-09-09,200.82,856631.85
PO04156,MAT0110,SUP071,2025-06-16,301.6,1215336.41
PO04157,MAT0040,SUP417,2025-09-10,400.17,1347404.4
PO04158,MAT1001,SUP453,2025-06-17,596.17,2163399.58
PO04159,MAT1428,SUP316,2025-05-16,17.17,71278.16
PO04160,MAT1694,SUP397,2026-07-05,36.39,129035.66
PO04161,MAT0192,SUP476,2026-08-01,749.15,1147263.29
PO04162,MAT0999,SUP011,2026-07-06,999.82,1475384.38
PO04163,MAT0057,SUP328,2025-08-25,131.22,303473.81
PO04164,MAT1532,SUP326,2025-10-03,755.13,728549.42
PO04165,MAT1972,SUP181,2025-04-03,170.08,52648.26
PO04166,MAT1143,SUP169,2026-08-17,66.96,322184.07
PO04167,MAT0295,SUP304,2025-12-08,753.84,270100.87
PO04168,MAT1018,SUP162,2026-02-07,319.93,1571057.86
PO04169,MAT0029,SUP241,2025-05-18,951.87,3022529.92
PO04170,MAT1996,SUP030,2025-05-01,151.22,582959.15
PO04171,MAT1292,SUP473,2026-05-24,407.47,1894364.7
PO04172,MAT0171,SUP383,2025-03-19,486.31,2225587.99
PO04173,MAT0538,SUP441,2025-11-13,592.12,1369644.61
PO04174,MAT0434,SUP312,2025-10-12,168.45,236554.33
PO04175,MAT0414,SUP472,2025-01-16,390.09,237580.41
PO04176,MAT0909,SUP408,2025-10-02,644.51,2110841.15
PO04177,MAT1866,SUP360,2026-08-03,211.12,690286.4
PO04178,MAT0124,SUP347,2026-04-04,348.48,672388.68
PO04179,MAT1228,SUP393,2025-04-11,590.1,673221.49
PO04180,MAT1346,SUP389,2025-07-05,401.57,1793945.71
PO04181,MAT1864,SUP058,2025-03-19,705.96,91718.32
PO04182,MAT1006,SUP221,2025-04-13,486.8,1512458.39
PO04183,MAT1567,SUP199,2025-08-26,725.32,2533129.33
PO04184,MAT1646,SUP127,2025-05-12,944.71,588837.74
PO04185,MAT1839,SUP423,2025-10-08,478.72,2094907.44
PO04186,MAT0533,SUP429,2025-06-04,671.1,1216261.37
PO04187,MAT0801,SUP070,2026-06-05,633.26,2701278.18
PO04188,MAT0917,SUP123,2026-02-13,259.36,205493.52
PO04189,MAT0441,SUP430,2025-04-16,898.33,3115803.71
PO04190,MAT0830,SUP234,2025-05-26,704.21,2191656.45
PO04191,MAT1982,SUP082,2026-03-12,129.26,49012.81
PO04192,MAT1788,SUP329,2025-08-23,36.19,145782.37
PO04193,MAT1207,SUP384,2026-08-08,597.16,2778931.83
PO04194,MAT1924,SUP255,2026-06-30,903.36,3428242.17
PO04195,MAT0760,SUP199,2025-11-19,875.81,4361525.04
PO04196,MAT0855,SUP499,2025-10-04,70.47,133706.25
PO04197,MAT1074,SUP091,2025-06-20,708.1,472713.4
PO04198,MAT0662,SUP047,2025-03-06,360.29,595980.91
PO04199,MAT1671,SUP393,2025-08-24,861.46,1117761.58
PO04200,MAT0347,SUP203,2025-12-30,19.83,50276.98
PO04201,MAT0280,SUP140,2025-04-07,278.2,101868.49
PO04202,MAT1655,SUP108,2025-05-23,109.36,295336.52
PO04203,MAT1081,SUP374,2025-04-18,306.52,306418.85
PO04204,MAT1935,SUP435,2025-02-20,522.25,1527805.82
PO04205,MAT0220,SUP013,2026-03-29,490.26,278232.36
PO04206,MAT0606,SUP463,2026-04-18,641.33,1778343.96
PO04207,MAT0782,SUP062,2025-09-25,471.48,353195.1
PO04208,MAT1605,SUP017,2025-05-10,380.62,737028.76
PO04209,MAT1046,SUP120,2025-09-15,861.37,1488481.81
PO04210,MAT1144,SUP346,2025-06-07,971.04,902387.47
PO04211,MAT1115,SUP061,2026-05-29,549.8,2429830.1
PO04212,MAT1185,SUP411,2025-09-18,632.0,1933863.12
PO04213,MAT0404,SUP121,2025-11-26,703.41,79562.71
PO04214,MAT0178,SUP376,2026-07-07,793.3,704347.27
PO04215,MAT0978,SUP270,2025-07-04,738.59,343924.43
PO04216,MAT0833,SUP106,2025-01-08,309.49,1098788.54
PO04217,MAT1138,SUP483,2026-07-10,488.27,1232398.36
PO04218,MAT1465,SUP025,2025-02-12,437.11,667598.1
PO04219,MAT1897,SUP483,2026-01-27,831.22,1786192.03
PO04220,MAT1339,SUP236,2025-07-23,962.03,3932018.64
PO04221,MAT0646,SUP373,2025-08-29,759.98,2917487.22
PO04222,MAT0852,SUP490,2026-07-26,435.7,289601.08
PO04223,MAT0450,SUP405,2025-04-08,364.39,1010559.14
PO04224,MAT0760,SUP199,2025-02-28,174.27,867862.86
PO04225,MAT0766,SUP464,2026-04-24,719.25,2081847.55
PO04226,MAT0541,SUP138,2025-10-24,960.43,4604983.33
PO04227,MAT0245,SUP144,2025-10-09,66.76,181380.24
PO04228,MAT0270,SUP479,2026-06-17,340.21,239276.5
PO04229,MAT0762,SUP331,2026-05-31,787.75,462196.56
PO04230,MAT0393,SUP486,2026-01-03,737.89,1702194.17
PO04231,MAT0592,SUP001,2026-06-28,200.18,385600.73
PO04232,MAT0309,SUP141,2026-07-09,180.08,406577.42
PO04233,MAT1496,SUP448,2025-11-25,702.48,1678372.24
PO04234,MAT0315,SUP127,2026-05-05,143.63,196674.0
PO04235,MAT1882,SUP267,2025-06-26,27.81,80843.11
PO04236,MAT1680,SUP351,2026-06-05,273.46,1100383.9
PO04237,MAT0345,SUP117,2026-05-09,134.08,47178.73
PO04238,MAT0639,SUP257,2026-08-22,781.13,3178316.42
PO04239,MAT1784,SUP012,2026-01-07,312.09,1380495.79
PO04240,MAT1970,SUP485,2025-08-10,863.64,1356122.07
PO04241,MAT1786,SUP166,2025-11-23,739.74,1109802.33
PO04242,MAT1642,SUP315,2025-03-24,787.88,2500400.21
PO04243,MAT0867,SUP354,2026-02-06,177.09,76996.96
PO04244,MAT0102,SUP240,2025-06-12,180.89,796172.86
PO04245,MAT1558,SUP478,2025-12-25,18.54,46817.76
PO04246,MAT1206,SUP386,2025-04-19,537.95,317880.03
PO04247,MAT1962,SUP426,2025-12-28,732.04,2877729.76
PO04248,MAT0028,SUP330,2026-02-20,176.32,290906.84
PO04249,MAT1858,SUP014,2025-11-04,452.75,1989523.85
PO04250,MAT0724,SUP032,2026-07-20,417.08,1881164.27
PO04251,MAT0303,SUP237,2025-09-15,882.0,3553833.78
PO04252,MAT0312,SUP401,2025-01-14,99.73,241789.4
PO04253,MAT1530,SUP475,2025-06-23,794.99,1220007.55
PO04254,MAT1199,SUP084,2025-09-09,922.84,3531348.77
PO04255,MAT1025,SUP048,2025-03-31,294.6,819382.76
PO04256,MAT0210,SUP377,2026-08-11,183.25,887008.8
PO04257,MAT0835,SUP208,2025-01-12,790.18,3045480.15
PO04258,MAT1857,SUP104,2026-03-04,400.47,343715.39
PO04259,MAT0127,SUP056,2026-03-31,49.36,183491.36
PO04260,MAT0801,SUP070,2026-02-24,404.52,1725548.83
PO04261,MAT0391,SUP321,2025-09-26,919.38,1075692.99
PO04262,MAT1248,SUP053,2025-12-17,829.75,1588100.01
PO04263,MAT1419,SUP433,2025-02-23,963.24,3071608.61
PO04264,MAT1887,SUP226,2026-01-05,436.01,1629609.18
PO04265,MAT0075,SUP121,2025-07-09,76.09,140207.24
PO04266,MAT1765,SUP237,2025-10-19,650.55,2577335.98
PO04267,MAT0218,SUP006,2025-01-20,720.0,958140.0
PO04268,MAT0837,SUP497,2025-03-18,59.4,199054.75
PO04269,MAT1836,SUP353,2025-03-28,579.17,745241.21
PO04270,MAT0338,SUP122,2025-09-09,377.03,111487.77
PO04271,MAT1550,SUP299,2025-07-25,543.36,1719256.24
PO04272,MAT1452,SUP491,2025-07-01,143.12,186438.13
PO04273,MAT0484,SUP435,2025-11-02,837.99,2879836.43
PO04274,MAT0874,SUP088,2025-04-06,95.98,6855.85
PO04275,MAT0290,SUP004,2025-08-16,388.5,65407.86
PO04276,MAT0418,SUP330,2025-01-06,697.88,1781380.57
PO04277,MAT1819,SUP248,2026-03-06,965.44,1404319.37
PO04278,MAT1912,SUP125,2026-06-26,152.13,380344.78
PO04279,MAT1342,SUP052,2026-05-13,662.49,483346.08
PO04280,MAT0108,SUP500,2025-11-25,405.97,811866.93
PO04281,MAT1194,SUP373,2026-02-14,119.79,158552.85
PO04282,MAT1966,SUP330,2026-03-05,832.64,1206228.92
PO04283,MAT1420,SUP046,2025-02-26,479.26,1485940.84
PO04284,MAT1167,SUP027,2026-03-23,871.61,63714.69
PO04285,MAT1112,SUP012,2026-02-05,288.57,1218417.57
PO04286,MAT1448,SUP102,2026-06-23,716.1,3445343.29
PO04287,MAT0876,SUP218,2025-12-29,20.22,52481.82
PO04288,MAT0422,SUP255,2026-08-10,332.31,185455.56
PO04289,MAT1236,SUP409,2026-04-20,181.73,476635.99
PO04290,MAT0557,SUP028,2025-10-05,429.42,1660189.25
PO04291,MAT1272,SUP273,2026-04-01,827.9,2844416.03
PO04292,MAT0070,SUP309,2025-05-31,858.82,2361840.88
PO04293,MAT1496,SUP448,2025-04-24,213.53,510168.01
PO04294,MAT1907,SUP196,2025-07-22,788.64,479926.87
PO04295,MAT1063,SUP232,2025-04-28,22.31,1226.16
PO04296,MAT1604,SUP262,2025-09-23,290.28,1140266.28
PO04297,MAT0784,SUP406,2025-04-06,965.35,1845604.4
PO04298,MAT1051,SUP414,2025-11-03,145.84,445385.15
PO04299,MAT0251,SUP298,2025-07-24,718.26,3125213.9
PO04300,MAT1624,SUP153,2026-02-03,355.48,618012.64
PO04301,MAT1841,SUP272,2025-10-22,125.14,433406.12
PO04302,MAT0034,SUP366,2025-07-21,465.17,1185029.88
PO04303,MAT0220,SUP013,2026-04-21,475.17,269668.48
PO04304,MAT0721,SUP273,2026-02-02,528.13,1045913.93
PO04305,MAT1558,SUP478,2026-05-04,951.51,2402781.6
PO04306,MAT1028,SUP025,2025-02-02,427.77,971572.61
PO04307,MAT0087,SUP349,2025-08-02,792.14,1390482.95
PO04308,MAT0066,SUP243,2025-10-27,188.26,43538.89
PO04309,MAT0070,SUP309,2025-02-16,820.6,2256732.06
PO04310,MAT0742,SUP130,2026-03-15,810.76,2511896.63
PO04311,MAT1990,SUP201,2026-04-30,334.52,270235.29
PO04312,MAT0232,SUP262,2025-12-15,109.09,231301.35
PO04313,MAT0917,SUP123,2026-07-18,446.97,354138.8
PO04314,MAT0783,SUP085,2025-03-30,837.53,1051971.18
PO04315,MAT0721,SUP273,2026-05-22,623.53,1234845.05
PO04316,MAT0740,SUP323,2026-08-02,196.9,573333.42
PO04317,MAT1013,SUP497,2025-11-03,700.36,2701736.75
PO04318,MAT1045,SUP444,2025-02-12,883.38,434720.13
PO04319,MAT0865,SUP364,2025-10-21,564.76,108637.23
PO04320,MAT1162,SUP072,2026-04-01,314.58,1293272.98
PO04321,MAT1138,SUP483,2025-10-01,86.99,219563.63
PO04322,MAT1243,SUP201,2026-05-24,176.54,377984.5
PO04323,MAT1473,SUP500,2025-10-03,351.9,578333.57
PO04324,MAT1358,SUP181,2025-12-10,798.17,1992487.73
PO04325,MAT1881,SUP116,2026-05-29,825.68,795872.95
PO04326,MAT0703,SUP164,2026-08-10,262.97,197414.21
PO04327,MAT0380,SUP372,2026-08-07,763.25,2920537.96
PO04328,MAT1573,SUP337,2025-01-12,173.85,573725.86
PO04329,MAT1334,SUP321,2025-10-28,774.98,3199473.93
PO04330,MAT1523,SUP207,2026-01-14,747.9,1750759.11
PO04331,MAT0845,SUP380,2026-01-23,843.65,3398424.68
PO04332,MAT1698,SUP316,2025-05-21,423.84,1859665.81
PO04333,MAT0411,SUP410,2026-08-05,51.05,166514.38
PO04334,MAT0167,SUP105,2026-04-24,181.23,589213.16
PO04335,MAT0256,SUP082,2026-06-13,439.53,225052.55
PO04336,MAT0601,SUP428,2025-09-30,72.59,31633.27
PO04337,MAT0760,SUP199,2025-01-13,979.46,4877701.01
PO04338,MAT1068,SUP259,2025-01-04,599.66,2653771.34
PO04339,MAT0721,SUP273,2025-08-21,505.85,1001790.4
PO04340,MAT0204,SUP138,2025-12-12,629.56,486259.55
PO04341,MAT1950,SUP294,2025-11-17,486.89,1964270.06
PO04342,MAT1822,SUP092,2025-10-02,182.64,696620.01
PO04343,MAT0755,SUP129,2026-02-05,728.85,159261.01
PO04344,MAT0309,SUP141,2025-08-29,328.07,740703.32
PO04345,MAT1772,SUP016,2025-01-17,836.88,2630372.42
PO04346,MAT0706,SUP045,2025-02-03,585.74,1165616.74
PO04347,MAT0085,SUP159,2025-08-14,482.19,2409985.62
PO04348,MAT0156,SUP127,2025-03-21,269.23,474784.41
PO04349,MAT0105,SUP221,2026-03-14,59.41,262482.89
PO04350,MAT1168,SUP466,2026-05-16,847.97,881829.44
PO04351,MAT1704,SUP015,2026-02-25,739.67,3311214.12
PO04352,MAT0585,SUP352,2025-10-28,229.91,396638.43
PO04353,MAT0799,SUP233,2026-06-02,956.62,1881948.96
PO04354,MAT0869,SUP061,2026-06-20,269.3,71159.83
PO04355,MAT0293,SUP023,2025-08-06,462.47,2077216.38
PO04356,MAT0038,SUP448,2026-02-10,730.46,1241884.26
PO04357,MAT1189,SUP085,2025-03-26,546.81,690282.01
PO04358,MAT0555,SUP086,2026-04-08,844.81,3614392.86
PO04359,MAT1062,SUP105,2025-12-26,879.69,1669528.46
PO04360,MAT1236,SUP409,2025-09-20,897.14,2352991.88
PO04361,MAT1776,SUP393,2026-04-24,140.06,388365.37
PO04362,MAT1080,SUP302,2026-02-02,757.47,2834884.5
PO04363,MAT0057,SUP328,2026-02-18,557.92,1290307.16
PO04364,MAT0122,SUP483,2025-03-10,374.07,1446644.65
PO04365,MAT0733,SUP138,2025-11-01,883.45,4096107.09
PO04366,MAT1366,SUP340,2025-03-31,524.27,217655.93
PO04367,MAT0701,SUP344,2026-06-14,749.08,1048442.33
PO04368,MAT1013,SUP497,2026-08-08,43.22,166727.2
PO04369,MAT0586,SUP360,2025-03-03,157.66,625557.04
PO04370,MAT0864,SUP160,2026-05-02,925.26,682952.91
PO04371,MAT1908,SUP389,2025-06-20,581.1,675203.33
PO04372,MAT1566,SUP397,2025-04-23,20.98,56524.74
PO04373,MAT1951,SUP094,2026-06-14,314.98,500950.49
PO04374,MAT1233,SUP480,2025-02-11,700.53,2617082.01
PO04375,MAT1282,SUP488,2026-07-30,391.21,1027685.2
PO04376,MAT1023,SUP455,2025-10-25,976.53,3796973.24
PO04377,MAT0910,SUP340,2026-01-08,417.78,668907.56
PO04378,MAT1109,SUP059,2026-03-15,42.93,63894.87
PO04379,MAT0093,SUP042,2025-02-07,235.61,1118042.49
PO04380,MAT1286,SUP351,2025-09-11,449.76,1576192.92
PO04381,MAT0868,SUP056,2026-03-12,596.22,2370344.16
PO04382,MAT0088,SUP222,2025-09-09,219.16,998937.85
PO04383,MAT0159,SUP206,2026-02-10,488.22,590736.44
PO04384,MAT0917,SUP123,2026-03-27,669.21,530221.78
PO04385,MAT0499,SUP311,2025-01-23,819.25,3558125.64
PO04386,MAT1823,SUP327,2026-04-28,703.83,2900947.96
PO04387,MAT0372,SUP155,2025-05-04,552.51,2282054.15
PO04388,MAT1753,SUP393,2025-05-19,191.21,523267.2
PO04389,MAT1008,SUP437,2025-07-07,426.42,1296841.3
PO04390,MAT0496,SUP066,2026-05-02,912.11,2720021.47
PO04391,MAT1427,SUP088,2025-10-15,778.34,3864068.93
PO04392,MAT0621,SUP244,2025-01-17,773.39,2891944.96
PO04393,MAT1429,SUP373,2026-04-08,513.0,1049310.72
PO04394,MAT1517,SUP153,2026-06-04,436.6,2025492.18
PO04395,MAT0088,SUP222,2025-08-12,507.36,2312562.1
PO04396,MAT0241,SUP053,2025-12-04,679.49,1035311.73
PO04397,MAT1672,SUP165,2025-02-17,393.34,1185412.69
PO04398,MAT1221,SUP002,2025-07-30,576.91,76336.73
PO04399,MAT1889,SUP343,2025-07-29,311.63,1192975.73
PO04400,MAT0492,SUP452,2025-06-23,699.41,1557935.78
PO04401,MAT0137,SUP291,2026-05-31,758.38,696723.71
PO04402,MAT0562,SUP306,2026-02-14,33.83,107365.93
PO04403,MAT0345,SUP117,2025-11-19,800.83,281788.05
PO04404,MAT0751,SUP313,2025-11-27,849.68,1451329.91
PO04405,MAT0320,SUP104,2025-11-06,575.29,999140.66
PO04406,MAT1244,SUP037,2025-05-23,830.15,3027922.32
PO04407,MAT1627,SUP146,2026-04-12,68.1,43368.12
PO04408,MAT0185,SUP137,2026-07-29,428.36,188971.01
PO04409,MAT1731,SUP406,2025-03-21,549.61,2207986.73
PO04410,MAT1156,SUP452,2026-02-16,685.97,1025422.25
PO04411,MAT1231,SUP467,2026-03-30,39.44,129635.34
PO04412,MAT0252,SUP408,2026-02-05,213.87,431737.23
PO04413,MAT0658,SUP204,2025-03-04,764.91,2967621.33
PO04414,MAT1544,SUP256,2026-02-16,765.38,1264491.95
PO04415,MAT1674,SUP363,2026-08-15,931.62,2418886.12
PO04416,MAT0092,SUP338,2025-01-16,479.82,1735571.32
PO04417,MAT0419,SUP385,2026-08-18,585.54,958610.96
PO04418,MAT0474,SUP036,2026-06-06,840.91,1364830.57
PO04419,MAT0564,SUP212,2025-03-24,676.17,555000.34
PO04420,MAT1310,SUP316,2026-08-04,818.24,409226.37
PO04421,MAT1277,SUP051,2025-06-13,495.63,443687.98
PO04422,MAT0607,SUP423,2026-07-30,162.38,497150.73
PO04423,MAT0100,SUP485,2025-11-27,966.12,4180990.57
PO04424,MAT0174,SUP390,2025-07-28,774.89,3545850.15
PO04425,MAT0249,SUP324,2025-08-27,469.01,1480978.81
PO04426,MAT1087,SUP101,2026-04-14,740.16,1243217.15
PO04427,MAT0891,SUP280,2025-01-07,538.55,2566336.16
PO04428,MAT0084,SUP294,2025-11-12,614.64,1452799.98
PO04429,MAT0963,SUP179,2025-06-25,411.17,435215.22
PO04430,MAT0983,SUP403,2025-10-26,166.16,701593.98
PO04431,MAT0934,SUP475,2025-07-31,720.78,2595572.03
PO04432,MAT1360,SUP275,2026-07-03,690.09,1348366.85
PO04433,MAT1727,SUP308,2025-08-29,972.75,2372206.51
PO04434,MAT0099,SUP063,2025-03-31,677.83,1542402.16
PO04435,MAT0054,SUP147,2025-09-01,958.06,3348956.21
PO04436,MAT1769,SUP108,2025-11-06,690.22,2418351.42
PO04437,MAT1890,SUP329,2025-01-20,121.83,587894.32
PO04438,MAT1877,SUP439,2026-01-03,777.34,3153396.31
PO04439,MAT0932,SUP480,2026-03-05,455.14,692832.31
PO04440,MAT0708,SUP291,2026-01-25,602.83,307407.13
PO04441,MAT1531,SUP134,2025-03-07,620.76,2124575.93
PO04442,MAT1363,SUP236,2026-07-06,444.8,1861265.6
PO04443,MAT1188,SUP282,2025-01-03,374.19,456414.51
PO04444,MAT0224,SUP265,2026-06-28,170.78,475103.13
PO04445,MAT0724,SUP032,2025-10-06,239.68,1081033.5
PO04446,MAT0023,SUP125,2026-06-09,745.07,2209065.49
PO04447,MAT0891,SUP280,2025-10-12,662.1,3155085.27
PO04448,MAT1399,SUP093,2025-09-09,813.61,3735633.36
PO04449,MAT1872,SUP207,2025-05-31,784.98,3571235.11
PO04450,MAT1550,SUP299,2025-03-19,471.25,1491091.55
PO04451,MAT0250,SUP207,2026-07-06,120.53,453376.01
PO04452,MAT0694,SUP468,2026-04-28,506.98,1139021.83
PO04453,MAT0839,SUP013,2025-01-06,392.5,1219391.52
PO04454,MAT0481,SUP283,2026-01-21,954.31,2614971.63
PO04455,MAT1906,SUP381,2025-10-05,666.69,1532800.31
PO04456,MAT1339,SUP236,2025-04-27,350.3,1431749.66
PO04457,MAT0606,SUP463,2026-06-25,584.1,1619650.89
PO04458,MAT0036,SUP199,2025-02-23,111.93,434691.35
PO04459,MAT1014,SUP147,2025-09-16,883.66,793305.76
PO04460,MAT1302,SUP257,2026-08-18,921.8,645739.34
PO04461,MAT0146,SUP463,2025-05-26,902.24,947965.52
PO04462,MAT1135,SUP301,2026-06-08,102.22,388459.51
PO04463,MAT1841,SUP272,2025-01-02,207.72,719411.22
PO04464,MAT1313,SUP365,2026-04-05,776.96,988673.83
PO04465,MAT0101,SUP479,2025-04-28,481.19,1741710.51
PO04466,MAT0533,SUP429,2025-06-09,418.14,757811.85
PO04467,MAT1977,SUP191,2025-11-02,52.11,14150.47
PO04468,MAT1174,SUP337,2025-02-19,211.55,691182.51
PO04469,MAT0688,SUP476,2026-06-10,632.81,2647531.49
PO04470,MAT1792,SUP367,2025-02-02,522.41,1653364.96
PO04471,MAT1201,SUP018,2025-03-09,459.72,1458792.7
PO04472,MAT0233,SUP096,2026-02-16,158.72,507226.27
PO04473,MAT1730,SUP385,2025-06-19,604.63,418984.4
PO04474,MAT1351,SUP057,2026-03-01,554.77,307115.12
PO04475,MAT1379,SUP097,2025-10-31,834.59,875101.0
PO04476,MAT0555,SUP086,2026-06-24,332.99,1424647.77
PO04477,MAT1751,SUP025,2025-01-31,663.91,959004.72
PO04478,MAT0011,SUP380,2025-01-20,463.07,233479.89
PO04479,MAT1203,SUP060,2026-06-13,512.57,1660608.91
PO04480,MAT1481,SUP237,2026-08-17,966.28,3611838.69
PO04481,MAT0618,SUP028,2026-08-02,192.01,508000.86
PO04482,MAT1022,SUP330,2026-04-24,635.03,2821768.51
PO04483,MAT0826,SUP331,2025-04-01,84.51,176445.89
PO04484,MAT1627,SUP146,2026-07-07,12.16,7743.85
PO04485,MAT0114,SUP299,2025-04-26,722.04,2883784.44
PO04486,MAT1611,SUP335,2026-01-30,859.99,2619383.34
PO04487,MAT0724,SUP032,2025-06-25,801.81,3616419.68
PO04488,MAT0056,SUP398,2026-02-20,397.99,488063.1
PO04489,MAT1901,SUP074,2025-01-16,561.89,2315593.64
PO04490,MAT1382,SUP100,2026-06-28,142.13,536060.35
PO04491,MAT1916,SUP178,2025-01-18,247.71,1057362.52
PO04492,MAT0021,SUP208,2025-05-03,461.73,684791.76
PO04493,MAT0436,SUP324,2025-06-29,994.32,1038467.81
PO04494,MAT1924,SUP255,2026-03-08,202.67,769130.62
PO04495,MAT0098,SUP390,2025-09-28,287.8,748035.37
PO04496,MAT1604,SUP262,2025-08-12,332.8,1307291.65
PO04497,MAT1125,SUP385,2026-01-26,633.91,957514.72
PO04498,MAT0027,SUP091,2025-07-08,645.51,1514734.4
PO04499,MAT1873,SUP402,2025-12-09,998.34,1688522.39
PO04500,MAT1079,SUP283,2026-05-12,900.99,2987863.04
PO04501,MAT0614,SUP470,2025-03-25,186.86,688508.09
PO04502,MAT1266,SUP491,2025-10-30,812.4,2462067.56
PO04503,MAT0753,SUP173,2025-05-27,305.27,488642.64
PO04504,MAT0852,SUP490,2026-01-18,222.8,148090.7
PO04505,MAT0465,SUP392,2025-01-20,589.71,1142857.98
PO04506,MAT0972,SUP495,2025-06-09,957.26,470474.14
PO04507,MAT0686,SUP427,2026-04-15,370.59,1710376.62
PO04508,MAT1402,SUP328,2025-01-10,190.81,311959.09
PO04509,MAT0641,SUP374,2025-09-30,574.18,1508686.66
PO04510,MAT0816,SUP090,2026-02-19,824.69,2918676.87
PO04511,MAT0266,SUP142,2025-03-02,257.43,329106.23
PO04512,MAT0394,SUP455,2026-01-21,652.53,1139663.22
PO04513,MAT1075,SUP114,2026-04-05,10.76,40932.98
PO04514,MAT0042,SUP099,2025-10-28,249.86,1249270.02
PO04515,MAT1324,SUP149,2025-11-22,141.63,677164.19
PO04516,MAT0898,SUP415,2025-11-12,51.61,9452.37
PO04517,MAT1586,SUP199,2025-12-30,230.08,989261.17
PO04518,MAT1163,SUP052,2026-03-12,263.28,396504.95
PO04519,MAT0237,SUP290,2025-03-23,702.91,2804336.77
PO04520,MAT1710,SUP326,2026-03-27,791.88,1259295.09
PO04521,MAT1403,SUP480,2025-10-13,682.87,2703017.98
PO04522,MAT0117,SUP294,2025-09-06,874.97,870052.67
PO04523,MAT1424,SUP004,2025-10-06,842.0,3302214.54
PO04524,MAT0673,SUP056,2026-06-07,551.32,2739503.57
PO04525,MAT1976,SUP003,2025-05-02,358.76,1189285.81
PO04526,MAT0386,SUP399,2026-08-07,457.25,1126449.09
PO04527,MAT1924,SUP255,2026-05-26,256.28,972580.04
PO04528,MAT1917,SUP417,2026-01-14,283.68,953700.96
PO04529,MAT0827,SUP341,2026-02-14,417.0,1758672.48
PO04530,MAT1053,SUP163,2025-07-22,961.12,1271590.59
PO04531,MAT1623,SUP225,2025-08-25,433.61,1113467.12
PO04532,MAT0546,SUP154,2026-01-26,409.2,1159095.83
PO04533,MAT0028,SUP330,2026-04-20,608.28,1003589.01
PO04534,MAT1114,SUP190,2026-06-26,413.68,1374038.12
PO04535,MAT0703,SUP164,2026-08-23,82.95,62271.39
PO04536,MAT0099,SUP063,2026-01-17,585.66,1332669.33
PO04537,MAT0198,SUP365,2026-08-04,818.43,3037431.07
PO04538,MAT0629,SUP008,2025-06-28,143.54,500134.99
PO04539,MAT0915,SUP211,2025-02-21,951.8,4100278.26
PO04540,MAT0427,SUP024,2025-07-10,608.78,1514334.16
PO04541,MAT0036,SUP199,2026-02-01,192.67,748253.21
PO04542,MAT0964,SUP422,2026-02-25,568.04,1612137.28
PO04543,MAT1850,SUP456,2025-05-12,20.97,68565.61
PO04544,MAT1379,SUP097,2026-03-03,404.17,423788.41
PO04545,MAT1155,SUP358,2026-04-10,949.14,496295.81
PO04546,MAT1241,SUP031,2026-08-06,587.57,473510.91
PO04547,MAT1697,SUP092,2025-07-01,197.25,855550.18
PO04548,MAT1516,SUP129,2025-12-20,383.19,808818.29
PO04549,MAT1638,SUP193,2025-06-08,592.11,2003149.58
PO04550,MAT0295,SUP304,2026-07-16,255.47,91534.9
PO04551,MAT0262,SUP397,2025-11-25,753.98,2432188.68
PO04552,MAT0238,SUP116,2026-05-04,866.51,1281498.97
PO04553,MAT0668,SUP235,2026-02-14,560.42,2400996.2
PO04554,MAT0167,SUP105,2026-04-21,713.01,2318130.98
PO04555,MAT0592,SUP001,2026-04-07,614.81,1184290.06
PO04556,MAT0119,SUP266,2026-01-17,917.2,2592364.91
PO04557,MAT0954,SUP496,2026-03-21,22.23,5636.86
PO04558,MAT1202,SUP234,2025-05-05,254.59,333189.57
PO04559,MAT0015,SUP387,2026-06-22,180.94,110988.6
PO04560,MAT1944,SUP361,2026-06-20,948.05,4675517.15
PO04561,MAT1625,SUP166,2025-09-15,896.26,1458179.17
PO04562,MAT0683,SUP328,2025-09-10,104.69,362811.57
PO04563,MAT0121,SUP313,2025-07-24,607.09,608128.12
PO04564,MAT1883,SUP192,2025-07-14,976.29,2848687.3
PO04565,MAT1086,SUP451,2025-03-28,163.21,660670.82
PO04566,MAT1737,SUP391,2025-05-10,408.43,828876.01
PO04567,MAT0153,SUP230,2025-01-31,14.37,27438.8
PO04568,MAT1320,SUP317,2025-03-10,296.7,457603.38
PO04569,MAT0022,SUP411,2025-02-20,655.85,1526477.76
PO04570,MAT1881,SUP116,2026-04-23,930.65,897053.53
PO04571,MAT0794,SUP474,2025-05-31,841.68,774884.28
PO04572,MAT0281,SUP262,2025-03-10,957.02,310476.43
PO04573,MAT1286,SUP351,2025-11-09,743.78,2606591.89
PO04574,MAT1621,SUP376,2025-08-21,854.38,3103407.19
PO04575,MAT1219,SUP014,2025-10-19,733.78,483069.39
PO04576,MAT0880,SUP438,2026-08-01,80.01,78769.04
PO04577,MAT0186,SUP154,2025-11-04,127.03,417419.31
PO04578,MAT1676,SUP102,2025-07-29,521.42,2270919.67
PO04579,MAT0087,SUP349,2026-08-12,500.75,878991.51
PO04580,MAT0951,SUP377,2025-06-05,902.12,1189282.84
PO04581,MAT0352,SUP403,2026-07-11,475.38,1406411.73
PO04582,MAT0818,SUP165,2025-02-03,595.52,2676725.43
PO04583,MAT1327,SUP095,2026-07-08,440.43,370850.87
PO04584,MAT1407,SUP459,2025-12-02,834.5,1454525.16
PO04585,MAT0418,SUP330,2026-01-28,304.15,776361.12
PO04586,MAT1366,SUP340,2025-05-19,303.88,126158.82
PO04587,MAT1648,SUP015,2025-01-12,336.21,462698.93
PO04588,MAT1278,SUP283,2025-06-04,65.06,287304.96
PO04589,MAT0341,SUP158,2025-07-07,241.2,574340.62
PO04590,MAT0567,SUP192,2025-08-26,40.67,84922.62
PO04591,MAT0670,SUP308,2026-05-12,993.39,81994.41
PO04592,MAT1016,SUP411,2026-03-15,612.54,1284116.61
PO04593,MAT0543,SUP231,2025-04-15,626.16,1802389.04
PO04594,MAT1064,SUP001,2025-09-25,563.11,2630207.97
PO04595,MAT1510,SUP064,2026-02-15,133.85,330262.83
PO04596,MAT1671,SUP393,2026-08-06,940.76,1220654.92
PO04597,MAT1698,SUP316,2026-07-13,922.0,4045422.52
PO04598,MAT1582,SUP197,2025-02-04,652.54,176094.44
PO04599,MAT1625,SUP166,2026-01-14,408.28,664255.23
PO04600,MAT1130,SUP061,2025-05-15,880.55,1614197.84
PO04601,MAT1066,SUP379,2025-03-29,479.12,1359383.22
PO04602,MAT1921,SUP395,2026-01-09,253.54,826291.93
PO04603,MAT0055,SUP003,2025-01-03,454.08,65419.31
PO04604,MAT0573,SUP145,2026-02-23,414.95,277576.65
PO04605,MAT0209,SUP309,2026-06-23,436.31,1056350.14
PO04606,MAT0218,SUP006,2025-12-08,978.39,1301992.49
PO04607,MAT1135,SUP301,2025-06-06,760.12,2888630.83
PO04608,MAT1472,SUP343,2025-10-25,851.08,2240663.85
PO04609,MAT1075,SUP114,2025-01-07,316.52,1204099.05
PO04610,MAT0912,SUP442,2025-11-11,495.84,1440598.66
PO04611,MAT0039,SUP496,2025-05-04,713.71,491253.73
PO04612,MAT1299,SUP453,2025-11-22,233.28,139452.45
PO04613,MAT1001,SUP453,2025-03-16,660.08,2395318.11
PO04614,MAT1903,SUP072,2026-05-09,663.87,438937.57
PO04615,MAT1691,SUP476,2025-11-20,851.92,660348.75
PO04616,MAT1591,SUP158,2025-04-10,22.61,75084.19
PO04617,MAT0539,SUP353,2026-05-24,495.29,53743.92
PO04618,MAT0185,SUP137,2025-07-21,645.94,284956.43
PO04619,MAT0153,SUP230,2025-03-17,501.37,957340.95
PO04620,MAT0417,SUP247,2025-12-25,71.49,238445.6
PO04621,MAT0238,SUP116,2026-03-06,95.3,140941.08
PO04622,MAT1367,SUP188,2026-08-13,764.18,337018.66
PO04623,MAT0237,SUP290,2025-07-03,966.34,3855319.73
PO04624,MAT0646,SUP373,2025-05-31,698.06,2679782.53
PO04625,MAT0675,SUP189,2026-08-21,601.64,2472926.91
PO04626,MAT0159,SUP206,2025-03-14,594.88,719792.9
PO04627,MAT0965,SUP393,2026-06-13,489.44,461943.26
PO04628,MAT0278,SUP488,2025-08-04,465.03,1227158.37
PO04629,MAT1667,SUP500,2025-07-14,305.29,615733.3
PO04630,MAT1759,SUP263,2025-07-08,812.26,1398695.47
PO04631,MAT1144,SUP346,2025-11-14,282.31,262350.68
PO04632,MAT1450,SUP306,2026-04-05,293.75,1201046.81
PO04633,MAT1370,SUP031,2025-01-01,781.93,2377583.27
PO04634,MAT0421,SUP228,2026-05-21,436.94,991019.24
PO04635,MAT1520,SUP237,2026-03-31,752.29,3435828.8
PO04636,MAT1800,SUP076,2026-07-02,421.82,631485.63
PO04637,MAT0447,SUP062,2025-05-12,776.72,195065.46
PO04638,MAT0228,SUP096,2025-11-19,986.58,1641304.09
PO04639,MAT1442,SUP178,2025-01-06,694.91,3457059.12
PO04640,MAT1527,SUP155,2026-04-27,419.4,1513929.15
PO04641,MAT0215,SUP246,2025-03-20,779.62,1585739.28
PO04642,MAT0048,SUP419,2025-03-15,788.56,3167038.33
PO04643,MAT1690,SUP343,2025-02-04,977.68,1061828.92
PO04644,MAT1647,SUP357,2026-07-25,854.8,3025008.98
PO04645,MAT0456,SUP371,2026-01-01,98.93,17044.65
PO04646,MAT0622,SUP205,2025-09-02,961.4,2115781.82
PO04647,MAT0914,SUP103,2025-06-20,865.24,2024064.58
PO04648,MAT1866,SUP360,2025-12-22,87.67,286649.34
PO04649,MAT1392,SUP482,2025-12-27,389.69,1893823.26
PO04650,MAT0910,SUP340,2025-09-19,46.67,74723.34
PO04651,MAT1876,SUP058,2025-03-17,562.76,1321889.47
PO04652,MAT0683,SUP328,2025-12-29,513.79,1780580.35
PO04653,MAT1482,SUP137,2025-12-19,352.85,849447.56
PO04654,MAT1266,SUP491,2025-03-22,731.63,2217285.19
PO04655,MAT1310,SUP316,2025-04-08,327.75,163917.61
PO04656,MAT0468,SUP022,2026-04-08,267.97,773082.73
PO04657,MAT1930,SUP292,2026-02-06,672.39,1111453.95
PO04658,MAT0609,SUP492,2025-09-12,606.25,30900.56
PO04659,MAT1572,SUP309,2025-04-30,922.61,4604322.11
PO04660,MAT0920,SUP494,2025-02-18,650.15,2549927.31
PO04661,MAT0866,SUP353,2026-04-30,-1.0,19914.33
PO04662,MAT0780,SUP167,2025-10-19,21.19,103417.16
PO04663,MAT0619,SUP258,2025-09-09,893.34,722113.52
PO04664,MAT1307,SUP102,2025-01-13,719.66,2552619.63
PO04665,MAT0377,SUP465,2025-11-23,893.86,1834880.05
PO04666,MAT1362,SUP472,2025-05-01,544.18,187693.12
PO04667,MAT0685,SUP203,2025-01-19,994.52,3082186.55
PO04668,MAT1465,SUP025,2025-09-12,608.16,928842.77
PO04669,MAT0640,SUP486,2026-07-14,158.12,184467.54
PO04670,MAT0583,SUP405,2025-03-25,806.23,75946.87
PO04671,MAT1009,SUP493,2025-01-25,684.16,3334985.81
PO04672,MAT0643,SUP278,2026-01-27,399.72,429079.43
PO04673,MAT0718,SUP050,2025-06-14,769.51,709534.39
PO04674,MAT1365,SUP376,2025-02-10,246.16,860528.59
PO04675,MAT1812,SUP381,2026-01-16,916.19,3371597.52
PO04676,MAT0640,SUP486,2026-07-12,559.14,652309.5
PO04677,MAT1957,SUP256,2025-10-13,632.06,1706125.88
PO04678,MAT1995,SUP462,2025-01-22,663.47,2280591.87
PO04679,MAT0302,SUP134,2026-07-01,545.08,111120.01
PO04680,MAT0795,SUP459,2025-06-05,397.82,1440486.33
PO04681,MAT0201,SUP014,2025-06-11,612.0,1102750.56
PO04682,MAT1055,SUP348,2025-12-13,99.64,34039.02
PO04683,MAT0988,SUP317,2026-01-27,289.66,531702.79
PO04684,MAT1033,SUP032,2026-03-24,712.2,3167951.06
PO04685,MAT0833,SUP106,2025-07-31,868.28,3082671.85
PO04686,MAT1220,SUP232,2025-08-31,349.12,1203283.97
PO04687,MAT1064,SUP001,2026-03-04,140.83,657797.21
PO04688,MAT0486,SUP113,2025-02-26,933.22,1117213.66
PO04689,MAT0423,SUP406,2026-04-25,306.98,1478937.55
PO04690,MAT1649,SUP396,2025-01-22,508.11,683382.54
PO04691,MAT1730,SUP385,2026-06-04,901.0,624356.96
PO04692,MAT1765,SUP237,2026-03-19,492.51,1951216.27
PO04693,MAT1217,SUP419,2026-06-02,722.64,3402124.08
PO04694,MAT0248,SUP425,2026-07-26,488.14,1864348.22
PO04695,MAT0459,SUP428,2025-02-13,600.62,641233.92
PO04696,MAT0119,SUP266,2025-02-12,979.26,2767770.67
PO04697,MAT1939,SUP414,2025-05-01,603.49,710748.28
PO04698,MAT1311,SUP157,2025-04-05,545.44,626050.58
PO04699,MAT1555,SUP153,2025-10-16,867.0,549452.58
PO04700,MAT0030,SUP260,2025-03-22,100.96,160175.06
PO04701,MAT0715,SUP197,2025-05-29,812.65,1411199.23
PO04702,MAT0378,SUP372,2026-01-23,109.26,376648.72
PO04703,MAT0937,SUP206,2025-12-10,541.74,1711936.32
PO04704,MAT1222,SUP120,2026-07-21,345.12,845009.06
PO04705,MAT1117,SUP301,2025-02-18,349.48,1495585.68
PO04706,MAT1118,SUP028,2026-02-13,248.56,1086358.82
PO04707,MAT0412,SUP483,2025-05-03,120.32,67785.88
PO04708,MAT0356,SUP317,2026-02-17,42.03,143743.44
PO04709,MAT0650,SUP258,2026-04-11,800.73,1898034.38
PO04710,MAT0377,SUP465,2025-06-12,155.27,318732.05
PO04711,MAT0064,SUP416,2025-11-18,233.63,84655.83
PO04712,MAT1391,SUP092,2026-04-27,681.34,904015.54
PO04713,MAT0427,SUP024,2026-05-03,482.63,1200537.3
PO04714,MAT1950,SUP294,2025-10-07,369.72,1491568.79
PO04715,MAT0463,SUP004,2025-10-13,303.3,110107.0
PO04716,MAT1403,SUP480,2025-02-28,864.91,3423590.55
PO04717,MAT1784,SUP012,2025-05-21,919.35,4066643.6
PO04718,MAT0593,SUP123,2025-07-21,89.13,322558.8
PO04719,MAT0199,SUP003,2025-03-07,296.38,667281.79
PO04720,MAT1887,SUP226,2025-03-17,824.65,3082170.61
PO04721,MAT1169,SUP173,2026-08-10,345.57,1180398.01
PO04722,MAT1131,SUP346,2025-09-07,580.81,747862.57
PO04723,MAT0203,SUP267,2026-03-08,877.64,3021108.95
PO04724,MAT1037,SUP234,2026-05-13,805.87,170368.98
PO04725,MAT1799,SUP325,2026-02-22,140.95,338654.93
PO04726,MAT0911,SUP264,2026-02-22,188.0,634353.36
PO04727,MAT1763,SUP257,2025-12-01,706.09,2148547.14
PO04728,MAT1262,SUP495,2026-08-14,382.17,343738.98
PO04729,MAT0694,SUP468,2025-01-03,369.67,830530.2
PO04730,MAT0381,SUP182,2025-01-14,146.49,546970.22
PO04731,MAT1405,SUP043,2026-01-29,82.94,32581.32
PO04732,MAT0429,SUP367,2026-07-02,308.19,179810.37
PO04733,MAT0260,SUP441,2025-05-13,380.23,1325272.65
PO04734,MAT0355,SUP293,2026-07-23,908.14,2171889.46
PO04735,MAT0490,SUP335,2025-01-07,223.92,583866.92
PO04736,MAT0989,SUP070,2026-02-02,521.77,518884.61
PO04737,MAT1591,SUP158,2025-02-19,337.34,1120252.17
PO04738,MAT1730,SUP385,2025-02-23,399.44,276795.94
PO04739,MAT0774,SUP019,2025-02-12,402.26,131728.08
PO04740,MAT1291,SUP154,2025-09-02,439.63,660785.87
PO04741,MAT1934,SUP213,2025-01-09,377.25,1048215.53
PO04742,MAT0284,SUP092,2025-05-13,733.62,2044364.18
PO04743,MAT0327,SUP163,2025-03-31,650.51,743812.65
PO04744,MAT0371,SUP459,2026-03-16,273.32,1165805.46
PO04745,MAT1032,SUP233,2025-01-09,627.61,486673.9
PO04746,MAT0879,SUP234,2025-05-04,20.84,76984.21
PO04747,MAT0538,SUP441,2025-08-10,590.78,1366545.03
PO04748,MAT0157,SUP415,2025-05-02,988.55,3058445.19
PO04749,MAT0618,SUP028,2025-03-02,807.44,2136244.01
PO04750,MAT0561,SUP479,2025-08-31,642.7,1777258.31
PO04751,MAT1047,SUP444,2025-05-27,371.19,1317976.91
PO04752,MAT0348,SUP487,2025-01-24,612.23,554527.32
PO04753,MAT1562,SUP413,2025-12-14,166.5,753645.6
PO04754,MAT1007,SUP133,2025-07-24,769.72,3028986.75
PO04755,MAT0503,SUP311,2026-04-17,759.41,704914.74
PO04756,MAT1241,SUP031,2026-08-06,472.82,381036.18
PO04757,MAT0155,SUP153,2026-01-11,238.95,808563.79
PO04758,MAT1763,SUP257,2025-04-25,578.73,1761005.94
PO04759,MAT1629,SUP342,2025-07-11,969.48,725141.96
PO04760,MAT0831,SUP499,2025-02-12,59.04,248244.9
PO04761,MAT1309,SUP206,2026-07-01,436.08,612962.77
PO04762,MAT0773,SUP200,2025-05-17,864.41,3435217.2
PO04763,MAT1871,SUP451,2026-04-20,355.33,1401229.64
PO04764,MAT0343,SUP239,2026-05-20,935.1,1093973.49
PO04765,MAT1463,SUP331,2025-11-26,265.21,104439.7
PO04766,MAT1110,SUP500,2025-10-07,981.67,1016676.35
PO04767,MAT1731,SUP406,2025-05-21,53.41,214567.73
PO04768,MAT0348,SUP487,2025-10-20,749.69,679031.72
PO04769,MAT0202,SUP007,2025-10-16,696.55,1461612.66
PO04770,MAT1915,SUP495,2025-12-04,232.88,427444.25
PO04771,MAT0955,SUP253,2025-04-03,133.11,585096.98
PO04772,MAT0276,SUP045,2025-01-17,634.32,395898.14
PO04773,MAT1736,SUP426,2025-05-04,721.18,2557167.26
PO04774,MAT0678,SUP371,2026-02-03,354.38,1655932.69
PO04775,MAT1881,SUP116,2025-12-25,534.1,514818.99
PO04776,MAT0887,SUP322,2025-10-18,887.45,174943.02
PO04777,MAT0557,SUP028,2025-10-17,764.47,2955532.76
PO04778,MAT1598,SUP277,2026-02-12,980.55,2964075.18
PO04779,MAT1608,SUP138,2025-06-10,868.29,3636606.91
PO04780,MAT0093,SUP042,2026-01-15,157.91,749331.9
PO04781,MAT1167,SUP027,2026-05-21,620.37,45349.05
PO04782,MAT0622,SUP205,2025-02-23,321.75,708084.88
PO04783,MAT0825,SUP378,2026-02-22,386.09,576436.23
PO04784,MAT0455,SUP350,2025-08-29,969.81,1879288.12
PO04785,MAT0756,SUP337,2026-02-23,111.52,530268.68
PO04786,MAT0953,SUP130,2026-03-07,841.95,2624619.15
PO04787,MAT1216,SUP243,2025-11-14,546.34,1661769.6
PO04788,MAT1936,SUP412,2025-02-01,453.17,990180.98
PO04789,MAT0163,SUP254,2025-10-31,454.42,2209771.75
PO04790,MAT1702,SUP141,2025-06-07,760.19,3692356.86
PO04791,MAT1929,SUP273,2026-02-20,25.88,52121.03
PO04792,MAT1458,SUP485,2025-07-21,359.79,1040167.28
PO04793,MAT1713,SUP321,2025-03-06,372.31,1431636.2
PO04794,MAT1036,SUP074,2026-01-09,36.9,25064.69
PO04795,MAT1054,SUP074,2026-01-19,955.34,1256262.55
PO04796,MAT0559,SUP378,2025-01-05,77.17,173141.7
PO04797,MAT1405,SUP043,2025-08-24,682.6,268145.76
PO04798,MAT0584,SUP080,2025-04-03,428.93,1658007.47
PO04799,MAT0184,SUP269,2025-04-07,322.87,401262.84
PO04800,MAT1868,SUP266,2025-02-25,353.39,262953.97
PO04801,MAT1077,SUP019,2026-03-27,576.36,1434877.04
PO04802,MAT0703,SUP164,2026-01-18,137.66,103342.74
PO04803,MAT1388,SUP291,2025-09-19,309.2,164543.87
PO04804,MAT1191,SUP487,2025-08-03,252.84,511068.02
PO04805,MAT1945,SUP357,2025-12-01,314.51,530307.89
PO04806,MAT1580,SUP429,2026-08-04,272.69,378488.27
PO04807,MAT1268,SUP333,2026-01-20,968.94,1967229.19
PO04808,MAT0089,SUP085,2026-01-10,221.66,365111.7
PO04809,MAT1822,SUP092,2025-11-24,697.45,2660192.87
PO04810,MAT1034,SUP190,2026-04-24,587.69,1201020.91
PO04811,MAT1844,SUP383,2025-11-23,725.46,539988.9
PO04812,MAT0741,SUP014,2025-05-07,576.94,1413249.15
PO04813,MAT0501,SUP371,2025-03-23,760.89,3511994.32
PO04814,MAT1699,SUP478,2026-06-22,640.85,653276.08
PO04815,MAT0061,SUP448,2026-06-29,403.88,107230.14
PO04816,MAT1686,SUP146,2025-11-04,849.14,2499120.92
PO04817,MAT0019,SUP273,2026-02-19,584.93,1477708.66
PO04818,MAT1545,SUP373,2026-03-16,336.8,1276903.1
PO04819,MAT1710,SUP326,2025-05-07,558.19,887667.23
PO04820,MAT0903,SUP194,2025-07-19,882.3,1748709.78
PO04821,MAT0259,SUP116,2026-05-22,271.2,926394.79
PO04822,MAT1134,SUP117,2026-07-27,465.41,1689675.66
PO04823,MAT1062,SUP105,2026-07-15,955.3,1813025.66
PO04824,MAT1384,SUP301,2026-01-19,689.8,1025104.88
PO04825,MAT1060,SUP468,2025-02-20,774.28,1070318.22
PO04826,MAT1900,SUP473,2025-09-06,993.88,2971929.79
PO04827,MAT1377,SUP040,2026-05-05,849.09,2577658.93
PO04828,MAT0875,SUP358,2025-04-01,546.64,528256.5
PO04829,MAT0080,SUP103,2025-09-08,856.98,618619.58
PO04830,MAT1362,SUP472,2025-04-13,568.03,195919.23
PO04831,MAT1213,SUP194,2025-06-17,35.28,50096.54
PO04832,MAT0103,SUP259,2026-01-04,438.16,2118547.42
PO04833,MAT1395,SUP231,2025-09-05,224.84,987760.34
PO04834,MAT0499,SUP311,2025-05-28,693.3,3011105.89
PO04835,MAT1540,SUP367,2026-05-06,220.57,314925.43
PO04836,MAT0651,SUP243,2025-05-17,218.23,187839.29
PO04837,MAT0993,SUP441,2026-02-19,296.2,872862.89
PO04838,MAT1179,SUP011,2025-02-10,194.18,739196.66
PO04839,MAT0669,SUP112,2026-07-29,922.34,3056985.25
PO04840,MAT0004,SUP416,2025-11-26,247.67,694476.59
PO04841,MAT0222,SUP244,2025-06-17,817.32,1813567.69
PO04842,MAT0379,SUP431,2026-04-17,382.3,361892.83
PO04843,MAT0904,SUP354,2025-07-11,265.7,455154.73
PO04844,MAT0673,SUP056,2026-03-26,478.66,2378456.75
PO04845,MAT1057,SUP193,2025-08-31,625.73,191973.96
PO04846,MAT0940,SUP424,2025-06-13,231.6,928176.37
PO04847,MAT0635,SUP445,2026-07-02,868.79,1037578.52
PO04848,MAT1571,SUP030,2025-05-25,56.27,124967.23
PO04849,MAT0051,SUP485,2025-09-02,689.15,2820470.42
PO04850,MAT1083,SUP433,2025-01-23,579.48,815027.03
PO04851,MAT0074,SUP074,2025-09-15,691.85,2356814.7
PO04852,MAT0044,SUP068,2025-01-01,74.61,142860.24
PO04853,MAT0864,SUP160,2025-07-13,235.67,173952.74
PO04854,MAT0535,SUP318,2025-06-29,521.1,1296017.39
PO04855,MAT0124,SUP347,2025-10-28,146.92,283480.67
PO04856,MAT0782,SUP062,2025-11-01,499.7,374335.26
PO04857,MAT0645,SUP035,2025-03-14,608.6,1636014.18
PO04858,MAT1603,SUP477,2026-06-22,157.86,720436.73
PO04859,MAT0439,SUP414,2025-01-10,801.7,2114491.77
PO04860,MAT1051,SUP414,2026-05-10,338.09,1032503.19
PO04861,MAT1848,SUP400,2025-11-25,863.4,2315828.75
PO04862,MAT0694,SUP468,2025-12-03,844.31,1896894.39
PO04863,MAT1350,SUP336,2025-12-17,135.57,158363.38
PO04864,MAT0933,SUP405,2026-02-03,67.0,94234.16
PO04865,MAT1288,SUP230,2026-03-30,330.37,1119584.29
PO04866,MAT1852,SUP320,2026-08-06,692.83,99358.75
PO04867,MAT1101,SUP241,2025-03-13,209.72,636810.59
PO04868,MAT1147,SUP168,2025-08-15,133.07,264273.03
PO04869,MAT0892,SUP231,2025-01-04,719.45,3073296.15
PO04870,MAT1098,SUP065,2026-02-07,790.72,1042659.21
PO04871,MAT0739,SUP149,2025-09-09,221.31,49763.77
PO04872,MAT1759,SUP263,2025-06-08,192.46,331412.27
PO04873,MAT0830,SUP234,2026-03-19,992.97,3090341.09
PO04874,MAT0366,SUP229,2025-06-04,914.47,4393644.27
PO04875,MAT1020,SUP499,2026-05-20,454.91,966938.5
PO04876,MAT0145,SUP361,2026-04-24,226.16,98743.72
PO04877,MAT0038,SUP448,2025-03-19,420.03,714109.8
PO04878,MAT0026,SUP053,2026-06-03,702.84,925668.39
PO04879,MAT1059,SUP238,2025-02-04,955.39,1972909.01
PO04880,MAT0667,SUP461,2026-02-16,929.29,4464448.55
PO04881,MAT0184,SUP269,2026-05-05,37.99,47213.97
PO04882,MAT0843,SUP076,2026-03-30,13.41,25206.37
PO04883,MAT0800,SUP500,2026-07-26,367.89,386630.32
PO04884,MAT1769,SUP108,2025-09-01,384.67,1347783.67
PO04885,MAT0641,SUP374,2025-02-05,341.71,897860.11
PO04886,MAT0178,SUP376,2025-11-17,177.77,157836.65
PO04887,MAT0238,SUP116,2026-05-31,798.19,1180459.15
PO04888,MAT0502,SUP194,2025-05-19,633.87,446536.06
PO04889,MAT0653,SUP091,2025-03-28,730.65,3172694.19
PO04890,MAT1388,SUP291,2025-02-08,643.91,342663.15
PO04891,MAT0954,SUP496,2025-11-01,730.65,185270.92
PO04892,MAT0115,SUP496,2025-05-16,898.83,2614957.13
PO04893,MAT1902,SUP201,2025-10-04,28.32,28523.62
PO04894,MAT1063,SUP232,2026-03-21,478.51,26298.91
PO04895,MAT0262,SUP397,2026-01-11,511.28,1649287.02
PO04896,MAT0304,SUP426,2026-03-15,458.91,319878.63
PO04897,MAT1058,SUP261,2025-05-22,377.54,738464.46
PO04898,MAT0232,SUP262,2025-01-03,843.44,1788328.96
PO04899,MAT0065,SUP023,2026-03-17,832.1,3690080.59
PO04900,MAT0789,SUP003,2025-01-15,844.34,1027063.62
PO04901,MAT0828,SUP068,2025-09-08,709.52,638638.95
PO04902,MAT1518,SUP401,2025-07-15,806.8,423900.79
PO04903,MAT0196,SUP284,2026-01-01,637.95,1395611.32
PO04904,MAT0316,SUP479,2026-02-18,884.21,814976.36
PO04905,MAT1182,SUP485,2025-09-26,946.41,3510537.54
PO04906,MAT1917,SUP417,2025-03-14,289.9,974611.91
PO04907,MAT0738,SUP464,2026-04-04,274.59,793875.39
PO04908,MAT0726,SUP365,2026-05-13,649.23,1337322.91
PO04909,MAT0944,SUP046,2025-08-02,113.44,101200.96
PO04910,MAT1740,SUP257,2025-08-11,981.13,3014325.7
PO04911,MAT0647,SUP382,2026-08-08,682.6,547574.89
PO04912,MAT0549,SUP011,2026-08-12,840.26,546278.23
PO04913,MAT0360,SUP331,2025-10-12,843.69,827052.43
PO04914,MAT1043,SUP159,2025-03-21,265.11,606903.07
PO04915,MAT0340,SUP050,2026-06-03,432.98,465202.37
PO04916,MAT0437,SUP364,2025-11-19,815.73,2075437.37
PO04917,MAT1336,SUP446,2025-01-15,868.11,2410611.25
PO04918,MAT1474,SUP393,2025-08-01,151.49,541022.3
PO04919,MAT0334,SUP176,2026-03-03,777.33,3455433.96
PO04920,MAT0600,SUP407,2026-03-23,303.63,1253090.12
PO04921,MAT1412,SUP135,2025-05-11,140.47,509248.7
PO04922,MAT1302,SUP257,2025-08-16,975.61,683434.32
PO04923,MAT0295,SUP304,2025-09-21,894.26,320413.36
PO04924,MAT0829,SUP498,2025-04-14,139.45,538313.26
PO04925,MAT1173,SUP335,2025-06-10,721.42,78858.42
PO04926,MAT1196,SUP101,2026-08-23,706.85,3240801.22
PO04927,MAT1311,SUP157,2026-07-01,807.53,926874.86
PO04928,MAT1053,SUP163,2025-03-18,663.93,878399.31
PO04929,MAT1046,SUP120,2025-04-17,336.25,581053.45
PO04930,MAT1500,SUP397,2025-10-23,566.76,1387179.11
PO04931,MAT0340,SUP050,2025-12-14,235.7,253240.79
PO04932,MAT0315,SUP127,2025-01-17,14.04,19225.11
PO04933,MAT0076,SUP486,2025-03-16,190.63,360570.93
PO04934,MAT1802,SUP187,2026-04-07,442.57,1655216.23
PO04935,MAT1304,SUP500,2025-06-17,146.1,540612.37
PO04936,MAT1929,SUP273,2025-07-17,818.45,1648317.38
PO04937,MAT1223,SUP481,2026-06-28,706.17,3484956.01
PO04938,MAT0778,SUP313,2025-11-08,939.66,3932467.7
PO04939,MAT1379,SUP097,2025-11-04,180.9,189680.89
PO04940,MAT0301,SUP076,2025-06-15,347.6,1241011.95
PO04941,MAT1899,SUP070,2026-04-18,749.06,38763.85
PO04942,MAT0209,SUP309,2026-05-19,73.57,178120.33
PO04943,MAT0790,SUP186,2026-06-10,776.61,1989931.1
PO04944,MAT1900,SUP473,2026-06-23,149.93,448325.18
PO04945,MAT1196,SUP101,2025-05-12,212.98,976481.35
PO04946,MAT1443,SUP268,2026-06-23,646.53,2997694.53
PO04947,MAT1476,SUP344,2026-05-10,67.23,159156.27
PO04948,MAT0516,SUP475,2026-07-14,972.81,2145162.79
PO04949,MAT1315,SUP095,2025-10-25,76.72,363976.56
PO04950,MAT1464,SUP163,2026-06-19,58.98,119829.67
PO04951,MAT1794,SUP212,2025-03-20,987.58,743302.09
PO04952,MAT1751,SUP025,2025-07-24,700.93,1012479.37
PO04953,MAT0039,SUP496,2025-09-19,579.78,399068.37
PO04954,MAT1557,SUP447,2026-01-14,406.81,1969843.18
PO04955,MAT0880,SUP438,2026-04-24,750.12,738485.64
PO04956,MAT1389,SUP445,2026-08-12,603.46,1520489.89
PO04957,MAT0639,SUP257,2025-10-05,397.5,1617375.82
PO04958,MAT1192,SUP259,2025-11-29,520.16,1918292.86
PO04959,MAT0812,SUP361,2026-03-31,627.3,2702966.7
PO04960,MAT1769,SUP108,2026-08-04,777.29,2723422.06
PO04961,MAT0187,SUP194,2026-02-01,200.87,483339.42
PO04962,MAT1740,SUP257,2026-07-09,249.03,765094.87
PO04963,MAT1350,SUP336,2025-01-04,857.75,1001963.51
PO04964,MAT1903,SUP072,2026-04-01,162.62,107521.09
PO04965,MAT0306,SUP463,2026-02-09,805.95,3268957.38
PO04966,MAT1406,SUP447,2025-02-21,841.02,2226726.6
PO04967,MAT1529,SUP105,2025-03-02,578.19,1384776.61
PO04968,MAT1155,SUP358,2025-05-25,423.01,221187.7
PO04969,MAT1492,SUP465,2026-01-29,406.77,980295.36
PO04970,MAT0942,SUP473,2025-01-08,107.97,351245.84
PO04971,MAT0059,SUP181,2025-11-27,362.77,1042887.57
PO04972,MAT0391,SUP321,2025-11-23,735.13,860116.8
PO04973,MAT0015,SUP387,2026-06-03,412.29,252898.69
PO04974,MAT1844,SUP383,2025-10-12,337.24,251021.22
PO04975,MAT1838,SUP473,2026-06-20,947.55,568150.98
PO04976,MAT0056,SUP398,2025-11-27,334.5,410204.04
PO04977,MAT0203,SUP267,2026-01-03,889.58,3062210.13
PO04978,MAT1473,SUP500,2025-12-27,108.88,178939.92
PO04979,MAT0342,SUP190,2025-06-26,262.22,492590.76
PO04980,MAT1104,SUP342,2026-03-18,281.85,983422.56
PO04981,MAT1243,SUP201,2025-01-08,61.78,132275.3
PO04982,MAT0100,SUP485,2026-06-21,451.95,1955863.34
PO04983,MAT0765,SUP335,2026-06-18,789.03,3683050.01
PO04984,MAT1904,SUP073,2026-03-01,810.27,3091090.92
PO04985,MAT0627,SUP075,2025-05-16,298.26,81168.48
PO04986,MAT0860,SUP274,2025-02-28,363.84,651480.99
PO04987,MAT1675,SUP193,2026-03-01,388.79,1476076.23
PO04988,MAT1169,SUP173,2025-09-19,331.85,1133533.23
PO04989,MAT0665,SUP290,2025-06-07,183.37,156324.76
PO04990,MAT0523,SUP494,2025-09-20,862.96,1009801.27
PO04991,MAT1890,SUP329,2025-09-24,78.02,376487.85
PO04992,MAT0746,SUP122,2026-06-09,592.84,2160131.11
PO04993,MAT0419,SUP385,2026-04-29,933.62,1528466.65
PO04994,MAT1469,SUP453,2025-01-06,-62.0,91136.53
PO04995,MAT0670,SUP308,2025-07-26,209.58,17298.73
PO04996,MAT1336,SUP446,2026-02-21,913.03,2535347.36
PO04997,MAT1763,SUP257,2026-03-13,26.82,81610.04
PO04998,MAT1816,SUP250,2025-08-27,838.13,2403907.7
PO04999,MAT0846,SUP072,2026-04-27,868.59,2614264.81
PO05000,MAT1591,SUP158,2025-03-07,458.11,1521310.01
PO05001,MAT1560,SUP216,2025-09-09,414.13,431742.95
PO05002,MAT1654,SUP468,2025-02-16,883.08,3396210.88
PO05003,MAT0653,SUP091,2025-11-02,811.79,3525027.6
PO05004,MAT0315,SUP127,2025-10-02,162.34,222293.79
PO05005,MAT1614,SUP259,2025-08-06,517.57,1501605.14
PO05006,MAT1885,SUP166,2026-02-26,70.16,202189.19
PO05007,MAT0584,SUP080,2025-02-16,799.34,3089808.8
PO05008,MAT1525,SUP290,2025-12-07,734.01,2545862.3
PO05009,MAT0015,SUP387,2026-07-08,615.35,377455.69
PO05010,MAT1478,SUP363,2026-07-02,231.11,761202.38
PO05011,MAT0217,SUP086,2025-10-12,749.24,201747.85
PO05012,MAT1749,SUP218,2025-08-06,276.42,1053179.55
PO05013,MAT0294,SUP499,2026-08-16,21.99,64316.57
PO05014,MAT1973,SUP190,2026-03-20,641.59,2924226.07
PO05015,MAT0921,SUP153,2026-05-03,600.41,2706558.22
PO05016,MAT0807,SUP202,2026-08-13,878.86,3566501.77
PO05017,MAT0937,SUP206,2025-05-19,842.29,2661695.36
PO05018,MAT0149,SUP213,2025-12-11,990.13,2813315.78
PO05019,MAT0872,SUP083,2026-07-23,276.04,1080688.32
PO05020,MAT0043,SUP260,2025-08-03,368.95,1543627.77
PO05021,MAT0229,SUP271,2025-10-04,531.36,1596742.11
PO05022,MAT1680,SUP351,2025-11-02,324.6,1306167.68
PO05023,MAT1521,SUP315,2025-02-13,469.4,1851233.8
PO05024,MAT0927,SUP192,2025-12-29,755.98,1222139.95
PO05025,MAT1683,SUP360,2026-01-22,754.27,781702.8
PO05026,MAT1310,SUP316,2026-05-19,306.16,153119.8
PO05027,MAT1284,SUP085,2026-06-06,973.95,325484.35
PO05028,MAT0777,SUP360,2025-01-15,577.31,69918.01
PO05029,MAT1774,SUP193,2026-05-26,643.82,451897.26
PO05030,MAT1925,SUP173,2025-08-17,577.31,2588721.54
PO05031,MAT0507,SUP069,2025-01-20,889.39,2145075.27
PO05032,MAT1004,SUP156,2026-08-22,830.1,902061.37
PO05033,MAT1368,SUP392,2026-07-16,54.71,129954.85
PO05034,MAT1341,SUP097,2026-03-19,11.08,8425.68
PO05035,MAT1847,SUP295,2025-09-14,277.56,885458.03
PO05036,MAT1436,SUP141,2025-02-15,803.42,3758503.2
PO05037,MAT0819,SUP033,2025-04-03,360.24,633615.33
PO05038,MAT1870,SUP215,2026-06-28,604.46,552754.49
PO05039,MAT0612,SUP020,2025-05-24,338.8,613397.4
PO05040,MAT1046,SUP120,2025-10-15,614.42,1061742.34
PO05041,MAT1769,SUP108,2025-01-18,473.96,1660632.61
PO05042,MAT0394,SUP455,2025-11-16,162.03,282990.26
PO05043,MAT1273,SUP186,2025-08-21,105.41,411251.84
PO05044,MAT1856,SUP277,2026-03-27,668.34,3191704.45
PO05045,MAT0207,SUP486,2026-04-28,292.85,496228.47
PO05046,MAT1665,SUP146,2026-03-24,465.67,1191016.22
PO05047,MAT1849,SUP333,2026-01-10,956.11,3606389.55
PO05048,MAT1528,SUP035,2025-04-27,659.74,532713.66
PO05049,MAT1609,SUP410,2025-03-10,518.35,618344.9
PO05050,MAT0624,SUP037,2026-03-12,740.44,2884028.61
PO05051,MAT0916,SUP422,2026-06-20,724.42,2352850.96
PO05052,MAT1643,SUP337,2025-07-26,13.66,60043.21
PO05053,MAT1354,SUP320,2026-06-19,757.07,1343428.29
PO05054,MAT0399,SUP360,2025-05-13,840.71,897205.71
PO05055,MAT1962,SUP426,2025-11-24,788.84,3101016.81
PO05056,MAT1109,SUP059,2026-06-17,875.05,1302380.67
PO05057,MAT0978,SUP270,2026-06-11,807.92,376207.95
PO05058,MAT1077,SUP019,2025-10-11,114.96,286198.67
PO05059,MAT0229,SUP271,2026-03-07,167.58,503579.58
PO05060,MAT0102,SUP240,2025-08-14,176.63,777422.81
PO05061,MAT1468,SUP098,2026-03-16,40.82,166950.94
PO05062,MAT1672,SUP165,2026-01-05,725.35,2185994.55
PO05063,MAT0946,SUP098,2026-01-21,719.27,1061218.15
PO05064,MAT1238,SUP429,2025-10-14,174.09,439432.76
PO05065,MAT0042,SUP099,2026-03-07,840.26,4201199.17
PO05066,MAT1022,SUP330,2025-10-27,928.81,4127185.81
PO05067,MAT1584,SUP466,2025-08-03,107.67,407495.42
PO05068,MAT1769,SUP108,2026-03-31,200.55,702675.06
PO05069,MAT0325,SUP418,2025-01-03,390.11,750181.53
PO05070,MAT0482,SUP201,2025-07-06,844.99,3770869.27
PO05071,MAT1948,SUP212,2025-08-07,660.63,2428574.97
PO05072,MAT1856,SUP277,2025-03-30,377.82,1804305.86
PO05073,MAT1445,SUP461,2026-06-27,924.09,181130.88
PO05074,MAT0452,SUP179,2025-04-03,474.05,2096633.08
PO05075,MAT0685,SUP203,2026-05-28,158.09,489947.79
PO05076,MAT1646,SUP127,2025-05-31,887.49,553172.52
PO05077,MAT0577,SUP099,2026-01-06,823.49,3372512.71
PO05078,MAT0637,SUP475,2026-07-31,319.29,78791.19
PO05079,MAT0530,SUP205,2026-07-16,597.78,254857.53
PO05080,MAT0303,SUP237,2025-01-24,934.23,3764283.6
PO05081,MAT0964,SUP422,2025-06-06,243.21,690247.0
PO05082,MAT1118,SUP028,2026-04-17,727.68,3180405.48
PO05083,MAT2000,SUP074,2025-08-14,657.23,2105508.6
PO05084,MAT0731,SUP261,2025-05-02,455.81,1268359.7
PO05085,MAT0252,SUP408,2026-05-30,946.38,1910447.84
PO05086,MAT0949,SUP190,2025-01-28,980.89,3371436.64
PO05087,MAT1332,SUP333,2025-06-25,235.72,750009.18
PO05088,MAT1603,SUP477,2026-08-10,66.05,301437.01
PO05089,MAT0827,SUP341,2026-03-15,323.19,1363034.43
PO05090,MAT0380,SUP372,2025-10-07,874.19,3345044.33
PO05091,MAT1667,SUP500,2026-07-10,631.41,1273478.2
PO05092,MAT0717,SUP429,2026-04-04,65.07,40076.61
PO05093,MAT0590,SUP179,2026-07-20,287.76,1057630.23
PO05094,MAT1438,SUP048,2026-04-23,984.59,2458038.78
PO05095,MAT1995,SUP462,2026-08-18,329.73,1133404.01
PO05096,MAT1455,SUP063,2025-09-23,79.9,129998.9
PO05097,MAT0294,SUP499,2026-04-01,426.51,1247460.71
PO05098,MAT1967,SUP484,2025-11-18,320.74,657831.33
PO05099,MAT1825,SUP475,2026-06-22,86.62,94498.09
PO05100,MAT1946,SUP393,2026-07-12,545.38,2673387.31
PO05101,MAT0105,SUP221,2025-02-10,844.56,3731401.21
PO05102,MAT0221,SUP179,2025-08-04,468.14,818392.99
PO05103,MAT1484,SUP258,2025-03-09,359.21,921100.65
PO05104,MAT1726,SUP295,2025-03-08,327.2,1200244.86
PO05105,MAT1553,SUP181,2025-03-01,562.25,1749424.01
PO05106,MAT1183,SUP330,2025-11-06,375.9,987985.49
PO05107,MAT0036,SUP199,2026-02-04,175.97,683397.09
PO05108,MAT0477,SUP348,2026-07-18,218.0,958225.54
PO05109,MAT1232,SUP133,2025-09-27,554.99,827118.25
PO05110,MAT1542,SUP358,2026-03-30,416.91,1236063.11
PO05111,MAT1106,SUP233,2026-06-22,32.63,81733.58
PO05112,MAT0103,SUP259,2025-06-09,959.89,4641164.14
PO05113,MAT0408,SUP436,2026-05-06,404.61,39603.23
PO05114,MAT1810,SUP291,2025-06-04,245.42,313514.23
PO05115,MAT1403,SUP480,2026-02-13,684.45,2709272.12
PO05116,MAT0462,SUP231,2025-07-04,123.37,270608.39
PO05117,MAT1717,SUP358,2025-01-29,635.71,864247.74
PO05118,MAT1649,SUP396,2025-12-08,740.85,996406.21
PO05119,MAT1969,SUP255,2026-07-15,879.71,3400668.56
PO05120,MAT0305,SUP301,2026-07-14,108.77,499392.44
PO05121,MAT1176,SUP492,2026-08-04,650.57,1964292.02
PO05122,MAT0735,SUP073,2026-07-07,527.76,2595903.67
PO05123,MAT1536,SUP298,2026-02-01,848.86,185654.17
PO05124,MAT0171,SUP383,2025-04-11,515.64,2359816.15
PO05125,MAT1511,SUP026,2025-05-18,817.32,598041.22
PO05126,MAT1058,SUP261,2025-01-28,652.37,1276029.2
PO05127,MAT0740,SUP323,2026-05-16,16.97,49413.25
PO05128,MAT0054,SUP147,2026-02-16,394.14,1377740.02
PO05129,MAT1973,SUP190,2025-02-07,874.35,3985094.94
PO05130,MAT1701,SUP140,2025-02-18,460.13,1497138.78
PO05131,MAT0059,SUP181,2025-05-16,227.25,653296.03
PO05132,MAT0157,SUP415,2025-05-31,593.58,1836459.35
PO05133,MAT0167,SUP105,2025-05-28,393.75,1280156.06
PO05134,MAT1504,SUP090,2025-08-25,231.66,1055470.76
PO05135,MAT1959,SUP016,2026-06-08,666.13,161156.83
PO05136,MAT0986,SUP223,2026-03-24,664.74,92186.14
PO05137,MAT0345,SUP117,2026-04-11,922.11,324462.85
PO05138,MAT1396,SUP359,2025-09-06,716.71,64016.54
PO05139,MAT1425,SUP158,2025-02-15,426.52,1442848.92
PO05140,MAT1839,SUP423,2025-12-02,465.64,2037668.58
PO05141,MAT1213,SUP194,2026-02-28,863.63,1226328.69
PO05142,MAT1638,SUP193,2025-08-19,996.58,3371499.9
PO05143,MAT0399,SUP360,2025-07-15,344.94,368119.97
PO05144,MAT1443,SUP268,2026-04-02,23.14,107290.69
PO05145,MAT0698,SUP478,2026-05-14,447.84,1545455.53
PO05146,MAT0337,SUP210,2025-04-14,768.28,2784315.87
PO05147,MAT0351,SUP204,2025-08-12,109.15,181661.62
PO05148,MAT0369,SUP138,2025-12-04,346.86,898624.08
PO05149,MAT1010,SUP022,2025-02-13,684.53,391400.56
PO05150,MAT0604,SUP184,2025-11-22,445.58,1571836.92
PO05151,MAT1087,SUP101,2025-02-03,363.9,611228.27
PO05152,MAT0033,SUP310,2025-04-06,529.55,1340698.8
PO05153,MAT0603,SUP321,2025-08-16,521.41,1467352.02
PO05154,MAT1864,SUP058,2025-10-14,270.77,35178.44
PO05155,MAT0069,SUP474,2025-11-15,373.97,512439.87
PO05156,MAT1807,SUP256,2026-06-06,542.02,1554822.31
PO05157,MAT1510,SUP064,2025-04-18,972.14,2398667.96
PO05158,MAT0279,SUP384,2025-11-15,73.25,269415.7
PO05159,MAT1196,SUP101,2026-05-10,951.46,4362301.38
PO05160,MAT0898,SUP415,2025-04-15,755.02,138281.91
PO05161,MAT1769,SUP108,2025-08-21,978.0,3426657.72
PO05162,MAT0021,SUP208,2025-11-27,852.32,1264075.79
PO05163,MAT0747,SUP329,2025-07-23,406.59,1540833.79
PO05164,MAT1647,SUP357,2026-03-31,122.69,434181.51
PO05165,MAT1122,SUP298,2026-02-07,820.94,2634084.5
PO05166,MAT1421,SUP475,2026-07-01,605.72,329226.99
PO05167,MAT1879,SUP253,2025-02-08,586.95,599639.86
PO05168,MAT0075,SUP121,2026-03-25,879.56,1620721.23
PO05169,MAT0206,SUP305,2026-04-07,621.73,632896.27
PO05170,MAT0145,SUP361,2026-07-05,62.9,27462.77
PO05171,MAT0271,SUP350,2025-05-26,239.8,917352.5
PO05172,MAT0421,SUP228,2025-11-06,806.25,1828647.56
PO05173,MAT1406,SUP447,2025-10-01,363.59,962659.06
PO05174,MAT0748,SUP205,2026-06-09,299.0,460989.23
PO05175,MAT0050,SUP043,2026-02-26,976.56,1367496.5
PO05176,MAT0258,SUP361,2026-08-12,812.1,44974.1
PO05177,MAT1868,SUP266,2025-01-26,915.83,681459.94
PO05178,MAT1179,SUP011,2025-08-26,821.21,3126149.38
PO05179,MAT0203,SUP267,2026-03-10,-90.0,2507275.33
PO05180,MAT1863,SUP108,2026-03-14,954.24,3825519.53
PO05181,MAT0523,SUP494,2025-01-23,75.73,88616.22
PO05182,MAT1567,SUP199,2025-08-12,938.26,3276807.37
PO05183,MAT0032,SUP298,2025-11-23,484.97,2314980.05
PO05184,MAT0349,SUP022,2026-05-26,510.97,223763.98
PO05185,MAT1473,SUP500,2025-08-02,869.92,1429678.72
PO05186,MAT1018,SUP162,2025-12-30,586.47,2879937.18
PO05187,MAT1015,SUP323,2026-05-26,372.39,298090.75
PO05188,MAT0981,SUP218,2025-06-14,605.41,313420.76
PO05189,MAT0798,SUP300,2025-05-31,665.92,212415.16
PO05190,MAT1885,SUP166,2025-08-28,113.42,326857.16
PO05191,MAT1133,SUP485,2026-02-07,962.11,3962171.02
PO05192,MAT0467,SUP347,2025-08-02,713.56,3417303.06
PO05193,MAT1087,SUP101,2025-05-20,569.29,956213.64
PO05194,MAT0440,SUP344,2025-04-01,338.11,351472.11
PO05195,MAT0463,SUP004,2026-01-13,922.55,334913.33
PO05196,MAT0580,SUP382,2025-11-08,646.11,1698351.82
PO05197,MAT1618,SUP357,2025-08-21,234.37,291814.09
PO05198,MAT0747,SUP329,2025-11-04,99.57,377335.45
PO05199,MAT0117,SUP294,2026-01-17,78.28,77840.07
PO05200,MAT1851,SUP271,2025-12-22,630.56,2807581.01
PO05201,MAT0909,SUP408,2025-09-18,542.17,1775666.39
PO05202,MAT0097,SUP175,2026-08-21,438.53,333791.49
PO05203,MAT0027,SUP091,2026-02-03,33.73,79149.81
PO05204,MAT0469,SUP108,2026-04-23,911.28,1000676.57
PO05205,MAT0803,SUP211,2025-11-04,298.72,738319.34
PO05206,MAT0117,SUP294,2026-01-29,848.09,843323.73
PO05207,MAT0381,SUP182,2025-09-18,394.89,1474456.08
PO05208,MAT0343,SUP239,2025-05-06,351.92,411711.21
PO05209,MAT0605,SUP282,2026-08-10,363.17,925440.69
PO05210,MAT0752,SUP201,2025-10-18,653.8,2534847.98
PO05211,MAT1172,SUP119,2026-05-14,275.06,157920.2
PO05212,MAT0772,SUP377,2025-04-28,430.45,319703.82
PO05213,MAT0893,SUP091,2026-03-29,12.91,42784.77
PO05214,MAT1001,SUP453,2025-01-14,948.82,3443106.48
PO05215,MAT0589,SUP151,2025-06-19,86.15,301554.29
PO05216,MAT1960,SUP056,2025-04-07,410.44,1408223.74
PO05217,MAT1576,SUP358,2026-07-20,81.09,206134.83
PO05218,MAT0441,SUP430,2025-10-21,892.33,3094993.07
PO05219,MAT0518,SUP030,2025-04-12,235.65,758661.04
PO05220,MAT0846,SUP072,2025-11-04,839.4,2526409.33
PO05221,MAT0612,SUP020,2026-05-07,392.74,711055.77
PO05222,MAT0199,SUP003,2025-03-01,708.18,1594424.78
PO05223,MAT0558,SUP317,2025-09-19,819.13,382812.21
PO05224,MAT0154,SUP092,2025-07-28,697.05,1391060.86
PO05225,MAT0105,SUP221,2026-04-06,294.92,1303003.75
PO05226,MAT0600,SUP407,2025-05-12,595.58,2457976.53
PO05227,MAT1633,SUP456,2025-05-09,540.65,1347088.95
PO05228,MAT0806,SUP023,2025-10-23,667.79,3310101.47
PO05229,MAT0534,SUP315,2025-09-05,971.38,3723309.25
PO05230,MAT0960,SUP028,2025-01-30,813.79,778430.82
PO05231,MAT0139,SUP004,2026-03-11,962.13,1874893.11
PO05232,MAT1381,SUP048,2025-12-23,969.55,89169.51
PO05233,MAT1383,SUP209,2025-01-31,579.39,318641.32
PO05234,MAT0254,SUP458,2026-08-23,390.63,108368.57
PO05235,MAT0133,SUP480,2025-07-11,125.41,550534.85
PO05236,MAT1842,SUP464,2025-07-13,421.46,1580053.54
PO05237,MAT1766,SUP010,2026-04-09,465.08,532163.14
PO05238,MAT1484,SUP258,2026-01-22,990.05,2538725.81
PO05239,MAT0807,SUP202,2026-02-28,441.15,1790230.82
PO05240,MAT1920,SUP167,2025-03-21,11.48,40301.34
PO05241,MAT0970,SUP442,2025-11-17,749.14,3009827.27
PO05242,MAT1078,SUP421,2025-09-04,285.11,170835.06
PO05243,MAT1569,SUP224,2025-02-02,143.08,175836.74
PO05244,MAT0748,SUP205,2025-05-12,142.3,219393.87
PO05245,MAT0543,SUP231,2025-08-14,275.98,794402.91
PO05246,MAT1413,SUP050,2026-07-12,49.22,55725.9
PO05247,MAT0112,SUP316,2025-08-02,727.95,2175798.87
PO05248,MAT1527,SUP155,2026-03-10,558.19,2014926.35
PO05249,MAT0611,SUP396,2026-03-08,493.34,2269166.66
PO05250,MAT0968,SUP426,2025-01-17,102.85,236305.07
PO05251,MAT1484,SUP258,2026-04-09,618.13,1585033.67
PO05252,MAT1614,SUP259,2025-12-02,158.22,459037.36
PO05253,MAT0047,SUP226,2025-11-08,283.32,1093252.55
PO05254,MAT1098,SUP065,2026-02-18,129.09,170220.66
PO05255,MAT0811,SUP396,2025-10-28,36.63,160340.13
PO05256,MAT0992,SUP463,2025-06-18,219.18,812493.68
PO05257,MAT0084,SUP294,2025-12-25,72.04,170278.07
PO05258,MAT1860,SUP106,2025-11-08,852.95,2534609.16
PO05259,MAT0320,SUP104,2026-01-05,439.94,764070.19
PO05260,MAT0811,SUP396,2025-11-11,148.71,650946.8
PO05261,MAT0678,SUP371,2026-01-21,815.42,3810261.96
PO05262,MAT1494,SUP342,2025-04-23,554.09,1201389.02
PO05263,MAT0930,SUP328,2025-09-10,494.72,2236446.07
PO05264,MAT1081,SUP374,2025-05-12,385.81,385682.68
PO05265,MAT1732,SUP001,2025-03-10,571.94,595967.2
PO05266,MAT1958,SUP192,2026-01-01,737.71,682971.92
PO05267,MAT0670,SUP308,2026-01-26,894.69,73847.71
PO05268,MAT1772,SUP016,2025-12-09,362.45,1139205.72
PO05269,MAT0664,SUP314,2025-06-11,642.97,1237370.05
PO05270,MAT1670,SUP073,2026-05-13,688.46,2135341.31
PO05271,MAT0942,SUP473,2026-01-20,852.3,2772685.31
PO05272,MAT1661,SUP008,2025-09-27,813.77,2477213.53
PO05273,MAT1350,SUP336,2025-11-02,611.78,714638.57
PO05274,MAT0386,SUP399,2025-01-27,224.17,552249.52
PO05275,MAT0292,SUP122,2026-07-15,330.14,820576.18
PO05276,MAT0087,SUP349,2025-07-03,745.52,1308648.53
PO05277,MAT1143,SUP169,2025-12-09,349.84,1683286.65
PO05278,MAT0381,SUP182,2025-08-02,833.43,3111894.27
PO05279,MAT1881,SUP116,2025-10-05,781.69,753470.99
PO05280,MAT1226,SUP489,2025-09-19,876.25,2135184.66
PO05281,MAT0274,SUP043,2026-02-13,486.3,214536.11
PO05282,MAT1156,SUP452,2025-07-04,538.11,804393.73
PO05283,MAT1396,SUP359,2026-07-03,236.41,21116.14
PO05284,MAT0785,SUP004,2025-01-01,307.68,288631.53
PO05285,MAT1710,SUP326,2025-09-04,957.14,1522101.46
PO05286,MAT0371,SUP459,2025-03-09,260.16,1109673.46
PO05287,MAT1625,SUP166,2026-01-05,283.23,460803.88
PO05288,MAT1015,SUP323,2025-03-27,380.05,304222.42
PO05289,MAT0001,SUP232,2026-05-09,299.49,628443.83
PO05290,MAT1512,SUP366,2025-07-22,157.33,118955.64
PO05291,MAT0938,SUP081,2025-04-06,123.31,321347.09
PO05292,MAT1033,SUP032,2026-04-14,-41.0,2360706.25
PO05293,MAT1987,SUP224,2026-04-23,593.75,1119788.75
PO05294,MAT1193,SUP219,2025-11-21,221.52,843182.65
PO05295,MAT0398,SUP025,2025-05-18,876.1,1851234.34
PO05296,MAT1311,SUP157,2025-01-09,296.62,340457.47
PO05297,MAT1679,SUP456,2026-08-21,329.01,934671.35
PO05298,MAT0825,SUP378,2025-09-07,446.4,666479.66
PO05299,MAT1842,SUP464,2026-03-22,430.68,1614619.32
PO05300,MAT0098,SUP390,2026-06-11,202.38,526015.98
PO05301,MAT0710,SUP201,2026-06-26,806.35,2832780.12
PO05302,MAT0500,SUP074,2026-05-30,61.08,251114.54
PO05303,MAT0134,SUP146,2025-04-13,725.86,3590132.59
PO05304,MAT0081,SUP045,2026-07-03,485.62,1629648.45
PO05305,MAT1307,SUP102,2025-09-07,94.92,336679.34
PO05306,MAT1050,SUP093,2025-07-31,586.47,827544.36
PO05307,MAT1058,SUP261,2025-11-29,101.18,197907.07
PO05308,MAT0538,SUP441,2025-03-08,257.67,596021.63
PO05309,MAT0518,SUP030,2026-03-20,486.57,1566482.92
PO05310,MAT1151,SUP423,2026-02-27,179.12,545241.28
PO05311,MAT0424,SUP487,2025-04-17,945.84,1748432.53
PO05312,MAT1130,SUP061,2025-01-16,491.03,900141.47
PO05313,MAT1547,SUP324,2026-07-16,86.84,401338.01
PO05314,MAT0551,SUP315,2026-04-13,106.34,249427.91
PO05315,MAT1263,SUP485,2026-02-20,634.55,2873159.91
PO05316,MAT0656,SUP234,2025-11-24,429.01,1885503.24
PO05317,MAT1970,SUP485,2025-05-12,337.36,529736.17
PO05318,MAT1756,SUP274,2026-04-11,840.56,566512.22
PO05319,MAT1223,SUP481,2026-02-21,645.89,3187473.61
PO05320,MAT1644,SUP408,2025-01-03,151.36,455490.68
PO05321,MAT0962,SUP364,2026-03-15,823.75,2019620.82
PO05322,MAT1133,SUP485,2025-07-22,251.95,1037583.01
PO05323,MAT0421,SUP228,2025-03-15,378.56,858608.15
PO05324,MAT1991,SUP095,2025-09-27,187.41,320967.74
PO05325,MAT1739,SUP454,2025-07-20,22.12,20613.41
PO05326,MAT0809,SUP152,2025-02-04,62.27,202739.91
PO05327,MAT1984,SUP390,2025-07-19,63.69,127685.08
PO05328,MAT1368,SUP392,2026-05-30,437.42,1039021.22
PO05329,MAT1686,SUP146,2025-12-10,977.04,2875545.96
PO05330,MAT1001,SUP453,2025-12-10,910.85,3305319.81
PO05331,MAT1770,SUP339,2025-01-20,678.53,3284241.26
PO05332,MAT0570,SUP415,2025-05-22,176.52,369609.93
PO05333,MAT1429,SUP373,2025-04-08,104.88,214525.75
PO05334,MAT1215,SUP109,2025-06-07,37.04,147024.35
PO05335,MAT1737,SUP391,2026-02-23,485.6,985486.35
PO05336,MAT0109,SUP102,2025-04-16,321.89,827308.8
PO05337,MAT1776,SUP393,2025-09-20,326.56,905501.9
PO05338,MAT0518,SUP030,2026-08-03,150.25,483720.86
PO05339,MAT0859,SUP166,2025-04-08,983.27,4073461.46
PO05340,MAT1343,SUP197,2026-02-16,430.17,255813.5
PO05341,MAT1552,SUP095,2025-09-13,213.75,535672.46
PO05342,MAT1022,SUP330,2026-06-16,149.24,663150.92
PO05343,MAT0689,SUP275,2025-05-19,854.35,923466.92
PO05344,MAT0532,SUP377,2025-10-12,46.98,205306.36
PO05345,MAT1186,SUP227,2025-11-24,239.79,88686.33
PO05346,MAT1007,SUP133,2025-05-14,192.35,756931.87
PO05347,MAT1409,SUP468,2025-06-30,56.72,112091.77
PO05348,MAT0641,SUP374,2026-01-22,148.44,390033.52
PO05349,MAT0031,SUP426,2025-01-29,104.65,44980.66
PO05350,MAT0624,SUP037,2025-02-17,851.83,3317894.89
PO05351,MAT0652,SUP474,2025-04-27,760.58,3615401.82
PO05352,MAT0692,SUP140,2025-09-20,538.84,258454.61
PO05353,MAT1686,SUP146,2025-08-03,231.39,681008.54
PO05354,MAT0842,SUP252,2025-04-14,200.52,608718.56
PO05355,MAT0207,SUP486,2025-06-28,369.98,626923.71
PO05356,MAT0151,SUP217,2026-06-14,385.04,1354151.03
PO05357,MAT1732,SUP001,2025-04-30,798.64,832190.87
PO05358,MAT0442,SUP417,2025-06-12,250.82,139776.97
PO05359,MAT0115,SUP496,2025-09-18,342.18,995500.85
PO05360,MAT0649,SUP119,2026-02-26,682.48,2356275.85
PO05361,MAT0260,SUP441,2025-12-08,134.98,470466.04
PO05362,MAT0816,SUP090,2025-11-08,193.81,685916.85
PO05363,MAT1569,SUP224,2026-02-14,305.42,375342.85
PO05364,MAT1968,SUP252,2025-11-02,613.32,1006764.78
PO05365,MAT0251,SUP298,2026-03-15,795.12,3459638.68
PO05366,MAT1894,SUP270,2025-06-27,271.07,1060070.74
PO05367,MAT0758,SUP130,2026-06-09,435.75,1028993.12
PO05368,MAT1647,SUP357,2025-07-17,274.95,973006.81
PO05369,MAT1954,SUP032,2025-02-25,732.39,251041.32
PO05370,MAT0457,SUP023,2026-08-21,951.25,4277286.11
PO05371,MAT0763,SUP330,2025-09-11,442.89,2022864.64
PO05372,MAT1279,SUP005,2026-04-10,640.29,2292526.33
PO05373,MAT0372,SUP155,2026-04-30,628.85,2597364.31
PO05374,MAT1087,SUP101,2025-09-06,283.96,476956.25
PO05375,MAT0582,SUP167,2026-08-10,554.65,487221.2
PO05376,MAT0628,SUP388,2026-01-05,185.57,112499.96
PO05377,MAT0788,SUP093,2026-04-29,832.07,2562484.38
PO05378,MAT0229,SUP271,2025-12-31,410.72,1234217.71
PO05379,MAT1628,SUP454,2025-04-05,341.26,504372.04
PO05380,MAT0342,SUP190,2025-07-01,997.31,1873486.73
PO05381,MAT0396,SUP302,2026-02-18,377.22,334394.21
PO05382,MAT1267,SUP066,2025-12-07,567.09,1212988.5
PO05383,MAT1969,SUP255,2025-03-09,274.84,1062440.74
PO05384,MAT0827,SUP341,2026-02-04,960.84,4052285.05
PO05385,MAT0450,SUP405,2026-01-14,789.66,2189956.18
PO05386,MAT0758,SUP130,2026-06-08,69.97,165229.26
PO05387,MAT0384,SUP272,2026-03-03,422.32,884709.72
PO05388,MAT0417,SUP247,2025-04-18,273.94,913691.26
PO05389,MAT1067,SUP426,2026-01-14,226.98,826007.46
PO05390,MAT1520,SUP237,2026-02-19,850.51,3884415.25
PO05391,MAT0589,SUP151,2026-01-15,167.66,586867.0
PO05392,MAT1829,SUP171,2026-03-29,779.68,3239328.7
PO05393,MAT1245,SUP068,2025-10-05,924.57,3489068.3
PO05394,MAT1882,SUP267,2026-02-08,439.96,1278954.92
PO05395,MAT1850,SUP456,2025-11-22,670.25,2191516.42
PO05396,MAT1712,SUP060,2025-12-13,216.29,206206.56
PO05397,MAT1150,SUP367,2026-08-18,701.75,991874.5
PO05398,MAT0572,SUP165,2026-02-22,136.01,109235.07
PO05399,MAT0255,SUP226,2026-08-14,555.93,29658.87
PO05400,MAT0405,SUP487,2025-12-14,750.46,2933285.48
PO05401,MAT0493,SUP077,2025-06-07,296.74,245973.72
PO05402,MAT1692,SUP040,2026-02-02,498.92,363228.73
PO05403,MAT0935,SUP034,2025-06-04,304.83,650296.89
PO05404,MAT1553,SUP181,2025-12-13,480.07,1493723.4
PO05405,MAT1765,SUP237,2025-06-10,644.54,2553525.68
PO05406,MAT1973,SUP190,2026-03-05,951.39,4336226.31
PO05407,MAT1773,SUP221,2026-07-15,931.91,4640296.74
PO05408,MAT0159,SUP206,2025-11-28,278.74,337269.83
PO05409,MAT1931,SUP281,2025-10-21,416.72,1397774.73
PO05410,MAT1933,SUP007,2025-12-03,505.21,634654.91
PO05411,MAT0547,SUP354,2026-03-16,253.89,88145.53
PO05412,MAT1566,SUP397,2026-08-15,35.87,96641.67
PO05413,MAT0190,SUP474,2025-04-14,399.36,1372967.73
PO05414,MAT0455,SUP350,2026-07-06,155.64,301597.64
PO05415,MAT1191,SUP487,2026-08-03,475.69,961516.95
PO05416,MAT0551,SUP315,2025-08-31,619.75,1453667.01
PO05417,MAT0316,SUP479,2026-07-14,789.45,727636.06
PO05418,MAT0061,SUP448,2025-03-21,421.13,111810.02
PO05419,MAT1415,SUP417,2025-12-29,861.84,112168.48
PO05420,MAT0293,SUP023,2026-05-28,92.47,415335.48
PO05421,MAT0756,SUP337,2026-02-08,897.97,4269775.51
PO05422,MAT0520,SUP087,2026-06-12,659.22,1206840.65
PO05423,MAT1796,SUP388,2026-04-18,97.5,170146.28
PO05424,MAT0518,SUP030,2025-09-08,32.89,105887.38
PO05425,MAT0938,SUP081,2025-08-02,479.24,1248904.23
PO05426,MAT1670,SUP073,2026-01-24,68.34,211964.71
PO05427,MAT1750,SUP486,2025-06-20,777.27,1030885.43
PO05428,MAT0971,SUP281,2025-01-05,943.56,1828515.49
PO05429,MAT1936,SUP412,2025-10-08,540.94,1181959.31
PO05430,MAT1607,SUP409,2026-03-10,816.37,2494132.81
PO05431,MAT0397,SUP395,2026-07-22,904.8,2836113.7
PO05432,MAT0236,SUP351,2025-01-20,560.37,1180906.93
PO05433,MAT1368,SUP392,2025-05-24,392.73,932867.28
PO05434,MAT0610,SUP070,2025-10-09,578.1,47704.81
PO05435,MAT0585,SUP352,2025-05-01,140.5,242389.2
PO05436,MAT0583,SUP405,2025-05-06,979.26,92246.29
PO05437,MAT1442,SUP178,2026-02-12,785.92,3909818.39
PO05438,MAT0476,SUP161,2025-11-01,785.17,3092800.33
PO05439,MAT1275,SUP090,2026-03-29,402.89,1472651.59
PO05440,MAT1281,SUP094,2025-11-28,646.02,3186118.96
PO05441,MAT1635,SUP260,2025-05-28,751.18,1064219.24
PO05442,MAT1667,SUP500,2025-06-18,394.71,796082.7
PO05443,MAT1845,SUP409,2025-10-31,351.03,1462668.29
PO05444,MAT0055,SUP003,2026-02-20,213.06,30695.55
PO05445,MAT1007,SUP133,2025-07-15,601.87,2368466.79
PO05446,MAT1346,SUP389,2026-04-17,147.31,658082.38
PO05447,MAT0225,SUP119,2026-08-23,861.97,2730126.2
PO05448,MAT0583,SUP405,2025-11-04,21.23,1999.87
PO05449,MAT1215,SUP109,2026-02-09,822.45,3264583.68
PO05450,MAT0936,SUP391,2025-09-26,510.57,1646486.14
PO05451,MAT0340,SUP050,2025-03-23,993.54,1067479.25
PO05452,MAT0119,SUP266,2025-04-23,189.71,536194.45
PO05453,MAT1469,SUP453,2026-02-28,705.49,422221.66
PO05454,MAT0314,SUP030,2026-01-28,721.42,1926689.18
PO05455,MAT0835,SUP208,2026-08-04,465.56,1794342.73
PO05456,MAT1469,SUP453,2026-02-24,456.98,273493.39
PO05457,MAT1871,SUP451,2025-01-27,417.58,1646710.03
PO05458,MAT0068,SUP459,2026-07-18,231.95,400862.95
PO05459,MAT1776,SUP393,2025-12-03,228.47,633513.04
PO05460,MAT0714,SUP303,2025-04-24,42.53,52352.3
PO05461,MAT0198,SUP365,2026-02-03,116.36,431845.7
PO05462,MAT0957,SUP447,2025-12-25,787.41,2954149.72
PO05463,MAT1684,SUP049,2026-08-08,37.26,117131.28
PO05464,MAT1298,SUP225,2026-02-15,778.31,662404.07
PO05465,MAT1440,SUP193,2025-09-10,572.01,1822469.62
PO05466,MAT1799,SUP325,2025-10-06,734.07,1763720.63
PO05467,MAT0104,SUP026,2025-02-04,763.8,1909293.77
PO05468,MAT1815,SUP227,2025-03-25,202.74,487869.48
PO05469,MAT1171,SUP288,2025-08-26,279.45,878068.23
PO05470,MAT0646,SUP373,2025-10-06,223.29,857187.98
PO05471,MAT1436,SUP141,2026-03-06,834.9,3905770.74
PO05472,MAT0225,SUP119,2025-07-30,957.43,3032477.61
PO05473,MAT1461,SUP197,2025-10-08,538.14,1562354.96
PO05474,MAT0372,SUP155,2025-04-13,288.63,1192140.03
PO05475,MAT1149,SUP222,2026-07-31,550.04,459816.94
PO05476,MAT0493,SUP077,2025-09-29,97.72,81002.06
PO05477,MAT1418,SUP091,2025-03-05,955.46,2861325.62
PO05478,MAT1565,SUP221,2026-03-21,498.69,773926.98
PO05479,MAT1714,SUP042,2025-08-10,47.32,74458.97
PO05480,MAT1112,SUP012,2025-09-15,909.62,3840652.14
PO05481,MAT0358,SUP173,2025-04-04,112.69,179086.95
PO05482,MAT1766,SUP010,2025-01-11,975.57,1116286.22
PO05483,MAT0891,SUP280,2026-08-16,657.91,3135118.79
PO05484,MAT0987,SUP336,2025-03-27,773.94,1801585.27
PO05485,MAT0789,SUP003,2025-02-18,849.94,1033875.52
PO05486,MAT0300,SUP081,2025-06-15,894.7,3704603.77
PO05487,MAT1868,SUP266,2025-02-09,159.02,118325.19
PO05488,MAT0682,SUP213,2026-07-30,832.49,229092.92
PO05489,MAT0283,SUP440,2026-03-04,854.68,1077349.78
PO05490,MAT0735,SUP073,2025-05-02,410.16,2017462.2
PO05491,MAT1799,SUP325,2026-07-12,999.26,2400882.03
PO05492,MAT1626,SUP221,2025-03-16,877.41,1252388.71
PO05493,MAT0439,SUP414,2025-02-10,253.98,669874.79
PO05494,MAT0221,SUP179,2025-05-28,130.77,228609.5
PO05495,MAT0643,SUP278,2025-07-25,265.24,284721.88
PO05496,MAT1671,SUP393,2025-12-04,309.34,401374.84
PO05497,MAT0257,SUP341,2025-09-25,889.27,272427.86
PO05498,MAT1002,SUP410,2025-03-03,217.43,680147.13
PO05499,MAT0010,SUP004,2025-07-22,83.94,365627.53
PO05500,MAT0343,SUP239,2025-03-04,698.41,817069.86
PO05501,MAT0835,SUP208,2026-08-03,984.53,3794536.14
PO05502,MAT1980,SUP143,2025-04-09,490.81,2008782.26
PO05503,MAT0925,SUP479,2025-04-13,213.35,240902.02
PO05504,MAT0012,SUP233,2026-07-11,388.34,322003.76
PO05505,MAT0665,SUP290,2025-03-23,330.69,281916.53
PO05506,MAT0254,SUP458,2026-05-08,107.89,29930.84
PO05507,MAT1653,SUP310,2025-03-30,792.81,117811.57
PO05508,MAT0893,SUP091,2025-04-29,211.25,700099.4
PO05509,MAT1306,SUP096,2025-05-19,784.86,1131485.57
PO05510,MAT0506,SUP481,2025-04-11,587.14,2324076.26
PO05511,MAT1858,SUP014,2025-11-13,926.96,4073349.6
PO05512,MAT0117,SUP294,2025-01-17,996.4,990800.23
PO05513,MAT1661,SUP008,2025-11-07,907.15,2761473.46
PO05514,MAT0180,SUP071,2025-01-05,169.96,65679.34
PO05515,MAT0430,SUP235,2026-06-18,560.09,2678988.88
PO05516,MAT0593,SUP123,2025-04-01,296.43,1072771.28
PO05517,MAT0884,SUP430,2025-05-03,141.19,513894.89
PO05518,MAT1934,SUP213,2026-07-01,464.78,1291423.76
PO05519,MAT0220,SUP013,2025-11-03,323.94,183842.43
PO05520,MAT1992,SUP432,2026-05-12,934.55,2830023.0
PO05521,MAT1989,SUP175,2025-03-18,774.88,3574606.68
PO05522,MAT0103,SUP259,2025-08-07,970.06,4690337.11
PO05523,MAT1756,SUP274,2026-05-03,850.64,573305.84
PO05524,MAT1854,SUP395,2026-01-13,495.95,2296501.43
PO05525,MAT0653,SUP091,2025-10-29,861.58,3741230.22
PO05526,MAT0256,SUP082,2025-07-12,609.14,311897.95
PO05527,MAT1459,SUP102,2025-09-02,558.57,165236.18
PO05528,MAT0921,SUP153,2025-03-23,47.13,212454.97
PO05529,MAT0053,SUP015,2026-05-27,308.65,1437565.15
PO05530,MAT1644,SUP408,2025-04-24,661.05,1989310.99
PO05531,MAT1535,SUP076,2026-01-24,130.89,190175.32
PO05532,MAT0927,SUP192,2026-08-15,998.77,1614641.55
PO05533,MAT0207,SUP486,2025-06-23,257.01,435498.3
PO05534,MAT1783,SUP167,2025-06-05,127.78,164479.69
PO05535,MAT0050,SUP043,2025-10-18,878.21,1229775.03
PO05536,MAT0745,SUP496,2025-03-19,712.89,2137201.45
PO05537,MAT1813,SUP107,2025-03-26,920.88,1158015.81
PO05538,MAT0090,SUP129,2025-08-12,338.18,1079987.98
PO05539,MAT0814,SUP318,2026-02-25,600.84,2218313.3
PO05540,MAT1011,SUP373,2026-03-20,966.15,3435059.37
PO05541,MAT0306,SUP463,2025-07-09,394.65,1600712.24
PO05542,MAT1761,SUP293,2026-02-21,552.39,2748057.39
PO05543,MAT0493,SUP077,2025-12-19,343.76,284949.54
PO05544,MAT0955,SUP253,2025-11-27,183.75,807689.66
PO05545,MAT0028,SUP330,2026-05-24,742.2,1224540.94
PO05546,MAT1674,SUP363,2025-03-18,12.0,31157.16
PO05547,MAT0243,SUP353,2026-01-08,290.17,1251268.17
PO05548,MAT1626,SUP221,2025-03-08,934.89,1334433.94
PO05549,MAT1224,SUP100,2026-04-23,587.91,2560818.38
PO05550,MAT1556,SUP115,2025-10-10,525.39,2424806.2
PO05551,MAT0666,SUP158,2026-01-03,431.66,1581731.74
PO05552,MAT1994,SUP369,2025-10-17,511.62,1859324.29
PO05553,MAT0051,SUP485,2025-08-15,981.35,4016351.52
PO05554,MAT0265,SUP302,2025-02-01,375.55,672272.06
PO05555,MAT0122,SUP483,2025-12-15,438.36,1695274.01
PO05556,MAT1157,SUP391,2025-12-23,939.69,610883.07
PO05557,MAT0596,SUP092,2026-02-16,216.13,226999.18
PO05558,MAT0199,SUP003,2026-01-08,780.51,1757271.43
PO05559,MAT0253,SUP166,2025-10-31,887.65,1528435.66
PO05560,MAT0631,SUP268,2025-07-08,453.77,1255381.93
PO05561,MAT1342,SUP052,2025-03-30,461.13,336435.84
PO05562,MAT1093,SUP347,2026-02-04,410.17,1155994.42
PO05563,MAT1835,SUP167,2026-01-06,411.04,1936162.82
PO05564,MAT0852,SUP490,2025-01-27,266.4,177070.75
PO05565,MAT1295,SUP005,2025-01-09,481.65,1051191.49
PO05566,MAT1756,SUP274,2025-02-13,92.17,62119.81
PO05567,MAT1043,SUP159,2025-10-09,120.12,274984.71
PO05568,MAT1498,SUP412,2025-08-16,15.04,34448.37
PO05569,MAT0383,SUP298,2026-01-23,514.15,206955.66
PO05570,MAT1379,SUP097,2026-03-08,862.53,904397.21
PO05571,MAT1935,SUP435,2025-09-24,50.12,146622.55
PO05572,MAT0650,SUP258,2026-06-09,450.63,1068164.34
PO05573,MAT1049,SUP268,2025-04-16,878.18,3306576.03
PO05574,MAT0075,SUP121,2025-01-04,968.73,1785030.33
PO05575,MAT0581,SUP185,2026-02-26,415.09,1795309.91
PO05576,MAT1437,SUP236,2025-03-02,675.59,444058.55
PO05577,MAT1498,SUP412,2025-04-13,491.0,1124610.95
PO05578,MAT0112,SUP316,2026-07-04,149.31,446278.63
PO05579,MAT1016,SUP411,2026-04-29,413.57,866999.88
PO05580,MAT0472,SUP344,2025-07-16,506.49,653827.94
PO05581,MAT1337,SUP105,2025-04-24,130.5,413360.06
PO05582,MAT1390,SUP083,2025-06-15,148.61,213490.15
PO05583,MAT1824,SUP158,2025-05-27,556.69,869354.94
PO05584,MAT1799,SUP325,2025-07-05,183.24,440263.42
PO05585,MAT1763,SUP257,2025-06-08,291.07,885691.08
PO05586,MAT0575,SUP191,2026-07-03,284.94,997241.56
PO05587,MAT1874,SUP024,2025-12-01,867.66,1662722.89
PO05588,MAT1103,SUP177,2026-06-23,200.68,980066.94
PO05589,MAT0560,SUP018,2025-11-01,41.63,179376.59
PO05590,MAT1591,SUP158,2025-10-07,101.35,336567.13
PO05591,MAT1251,SUP124,2026-07-22,275.3,679633.11
PO05592,MAT0335,SUP305,2025-04-29,235.89,1054775.06
PO05593,MAT0855,SUP499,2025-04-15,707.49,1342356.15
PO05594,MAT1349,SUP001,2025-09-10,353.56,59680.93
PO05595,MAT1746,SUP295,2025-01-31,827.78,1614791.84
PO05596,MAT1600,SUP191,2025-11-18,202.3,81607.82
PO05597,MAT0317,SUP015,2026-03-30,928.37,4400863.72
PO05598,MAT1626,SUP221,2025-06-18,768.48,1096905.3
PO05599,MAT1008,SUP437,2026-06-28,596.13,1812968.44
PO05600,MAT1457,SUP309,2025-01-08,793.63,2111016.12
PO05601,MAT1097,SUP053,2026-03-24,296.38,887990.05
PO05602,MAT0839,SUP013,2026-01-04,956.94,2972954.21
PO05603,MAT1940,SUP138,2026-07-24,980.74,4110516.72
PO05604,MAT0386,SUP399,2026-04-21,528.95,1303084.19
PO05605,MAT0781,SUP429,2025-01-30,136.35,522620.01
PO05606,MAT0454,SUP229,2026-07-08,27.02,122326.57
PO05607,MAT0790,SUP186,2025-03-16,33.49,85812.43
PO05608,MAT1437,SUP236,2025-11-04,111.3,73156.38
PO05609,MAT0822,SUP460,2025-10-22,910.93,1345844.42
PO05610,MAT1852,SUP320,2025-12-04,250.16,35875.45
PO05611,MAT0611,SUP396,2025-03-21,617.13,2838551.15
PO05612,MAT0306,SUP463,2025-05-10,788.78,3199315.34
PO05613,MAT0637,SUP475,2026-06-07,763.34,188369.41
PO05614,MAT1761,SUP293,2025-04-08,930.54,4629296.92
PO05615,MAT0960,SUP028,2025-09-26,295.03,282210.95
PO05616,MAT0699,SUP456,2026-07-24,415.89,233048.12
PO05617,MAT0992,SUP463,2026-04-11,294.96,1093407.87
PO05618,MAT1829,SUP171,2025-05-12,555.1,2306268.42
PO05619,MAT1601,SUP168,2025-06-29,94.15,372025.25
PO05620,MAT0608,SUP393,2026-06-07,677.39,3139316.54
PO05621,MAT1684,SUP049,2025-08-17,32.35,101696.11
PO05622,MAT1737,SUP391,2025-08-16,758.45,1539213.6
PO05623,MAT1094,SUP317,2026-05-25,981.53,1181663.97
PO05624,MAT1003,SUP089,2026-07-27,646.05,532183.69
PO05625,MAT0680,SUP374,2025-01-26,676.95,1684183.91
PO05626,MAT0810,SUP083,2025-08-21,470.01,2019496.67
PO05627,MAT1400,SUP169,2026-08-23,775.38,1256549.81
PO05628,MAT1071,SUP462,2025-05-30,106.37,359519.96
PO05629,MAT0722,SUP349,2026-04-01,258.08,395814.72
PO05630,MAT0796,SUP102,2025-09-03,823.8,979341.68
PO05631,MAT1857,SUP104,2026-02-17,600.3,515225.48
PO05632,MAT0069,SUP474,2025-01-15,325.75,446365.45
PO05633,MAT0647,SUP382,2025-12-06,557.02,446835.87
PO05634,MAT1388,SUP291,2025-12-19,915.82,487362.77
PO05635,MAT1767,SUP216,2026-01-17,596.43,1000403.97
PO05636,MAT0788,SUP093,2025-11-10,700.89,2158495.89
PO05637,MAT1097,SUP053,2025-01-22,549.28,1645708.79
PO05638,MAT1606,SUP258,2025-10-12,194.71,617252.12
PO05639,MAT1159,SUP023,2025-01-01,835.77,152319.08
PO05640,MAT0749,SUP243,2026-03-17,570.77,438631.04
PO05641,MAT1466,SUP481,2025-02-20,692.58,386861.34
PO05642,MAT0693,SUP111,2026-01-03,894.92,1383975.88
PO05643,MAT1329,SUP152,2026-06-17,611.66,1702341.53
PO05644,MAT0812,SUP361,2026-07-11,434.86,1873763.91
PO05645,MAT1047,SUP444,2026-01-22,76.01,269887.19
PO05646,MAT1424,SUP004,2025-02-19,394.62,1547648.34
PO05647,MAT0305,SUP301,2026-03-07,465.1,2135399.68
PO05648,MAT0099,SUP063,2025-08-28,457.82,1041769.41
PO05649,MAT0203,SUP267,2025-10-07,377.54,1299609.72
PO05650,MAT1125,SUP385,2025-02-14,92.16,139206.76
PO05651,MAT1836,SUP353,2025-11-22,152.46,196176.38
PO05652,MAT0180,SUP071,2026-03-01,102.3,39532.81
PO05653,MAT1150,SUP367,2025-08-17,424.07,599393.26
PO05654,MAT1063,SUP232,2026-07-28,78.42,4309.96
PO05655,MAT1547,SUP324,2026-07-20,68.0,314267.44
PO05656,MAT0431,SUP377,2026-01-02,227.75,635074.04
PO05657,MAT0163,SUP254,2025-01-21,516.91,2513650.62
PO05658,MAT0485,SUP092,2025-07-19,484.12,2297691.61
PO05659,MAT0321,SUP076,2026-02-13,619.81,2193042.73
PO05660,MAT0267,SUP435,2025-06-14,643.75,686855.5
PO05661,MAT0064,SUP416,2026-02-12,302.8,109719.58
PO05662,MAT1548,SUP069,2025-11-05,465.23,1304746.84
PO05663,MAT1182,SUP485,2026-05-26,861.08,3194021.27
PO05664,MAT1510,SUP064,2025-07-04,329.88,813949.21
PO05665,MAT0446,SUP151,2025-01-10,536.19,497723.73
PO05666,MAT0789,SUP003,2025-07-08,247.98,301645.35
PO05667,MAT0856,SUP298,2025-05-25,901.94,697542.36
PO05668,MAT0080,SUP103,2025-06-28,220.47,159148.47
PO05669,MAT0310,SUP256,2026-06-09,14.72,65058.72
PO05670,MAT0299,SUP184,2025-02-02,281.17,643032.98
PO05671,MAT1742,SUP197,2026-04-11,712.34,1536709.71
PO05672,MAT1412,SUP135,2025-11-12,119.5,433225.74
PO05673,MAT0925,SUP479,2025-12-05,348.59,393606.91
PO05674,MAT0843,SUP076,2026-02-12,604.35,1135978.56
PO05675,MAT1816,SUP250,2025-12-02,539.23,1546608.7
PO05676,MAT1913,SUP400,2025-11-19,463.95,1310807.21
PO05677,MAT1095,SUP197,2026-08-22,928.88,3702580.7
PO05678,MAT0562,SUP306,2026-01-29,182.38,578817.58
PO05679,MAT1846,SUP290,2026-05-26,567.47,2825143.72
PO05680,MAT0872,SUP083,2026-01-23,24.8,97091.26
PO05681,MAT1025,SUP048,2025-10-12,172.9,480893.69
PO05682,MAT0581,SUP185,2026-04-09,70.82,306304.29
PO05683,MAT1157,SUP391,2025-08-07,229.41,149137.15
PO05684,MAT1015,SUP323,2025-05-28,624.38,499803.7
PO05685,MAT0322,SUP192,2025-12-13,678.9,2003284.54
PO05686,MAT0359,SUP154,2025-10-26,365.25,1417699.61
PO05687,MAT0886,SUP394,2025-08-16,849.84,496969.44
PO05688,MAT0992,SUP463,2025-11-26,643.64,2385954.17
PO05689,MAT1123,SUP459,2025-05-23,530.11,1212785.66
PO05690,MAT1216,SUP243,2025-08-20,55.63,169206.43
PO05691,MAT1883,SUP192,2025-01-21,912.53,2662643.91
PO05692,MAT1637,SUP339,2025-05-24,609.05,2892043.47
PO05693,MAT0948,SUP210,2026-02-06,191.98,36942.71
PO05694,MAT0245,SUP144,2025-04-03,448.2,1217714.58
PO05695,MAT0209,SUP309,2025-04-12,490.52,1187597.97
PO05696,MAT1839,SUP423,2025-06-10,604.24,2644190.49
PO05697,MAT0358,SUP173,2025-05-15,36.18,57497.26
PO05698,MAT1152,SUP451,2025-03-31,413.2,961933.73
PO05699,MAT0964,SUP422,2026-07-09,928.34,2634693.9
PO05700,MAT1041,SUP480,2025-07-01,906.12,4032986.08
PO05701,MAT1022,SUP330,2026-01-03,687.65,3055586.53
PO05702,MAT0390,SUP487,2025-06-30,900.85,4022682.62
PO05703,MAT0463,SUP004,2026-01-27,608.08,220751.28
PO05704,MAT0651,SUP243,2026-05-02,859.85,740107.29
PO05705,MAT1078,SUP421,2025-01-06,402.25,241024.18
PO05706,MAT1296,SUP064,2025-05-10,821.21,69154.09
PO05707,MAT0221,SUP179,2025-02-03,971.46,1698286.94
PO05708,MAT1939,SUP414,2025-05-05,840.61,990011.62
PO05709,MAT1247,SUP108,2026-08-24,165.32,666499.15
PO05710,MAT0436,SUP324,2025-02-16,309.05,322771.82
PO05711,MAT1863,SUP108,2026-01-02,17.51,70197.06
PO05712,MAT0543,SUP231,2025-06-04,54.63,157251.36
PO05713,MAT1907,SUP196,2025-04-08,674.71,410594.77
PO05714,MAT1047,SUP444,2025-02-19,115.18,408967.32
PO05715,MAT0012,SUP233,2025-09-03,646.56,536114.62
PO05716,MAT0827,SUP341,2025-08-05,379.94,1602374.15
PO05717,MAT0535,SUP318,2025-08-20,494.51,1229885.93
PO05718,MAT0676,SUP242,2026-05-14,93.91,61418.08
PO05719,MAT1311,SUP157,2025-03-05,12.04,13819.39
PO05720,MAT0152,SUP017,2025-01-23,191.97,398124.66
PO05721,MAT1155,SUP358,2026-08-19,651.55,340688.98
PO05722,MAT1790,SUP037,2026-03-17,108.46,519523.4
PO05723,MAT1664,SUP150,2025-05-30,192.36,98230.56
PO05724,MAT0014,SUP339,2025-12-15,382.81,939427.22
PO05725,MAT1981,SUP022,2025-10-15,703.01,483670.88
PO05726,MAT0603,SUP321,2025-03-07,518.98,1460513.52
PO05727,MAT1830,SUP289,2026-01-13,360.36,1378499.52
PO05728,MAT0369,SUP138,2025-11-13,12.43,32202.9
PO05729,MAT1955,SUP494,2026-04-06,583.57,65511.57
PO05730,MAT0068,SUP459,2025-05-27,234.64,405511.89
PO05731,MAT0501,SUP371,2025-10-20,795.98,3673957.13
PO05732,MAT0802,SUP113,2025-12-19,729.69,2216798.22
PO05733,MAT1310,SUP316,2025-08-11,145.35,72693.9
PO05734,MAT1138,SUP483,2025-08-28,92.02,232259.4
PO05735,MAT1905,SUP053,2026-01-30,654.38,1558726.62
PO05736,MAT1963,SUP127,2026-04-25,470.82,353039.67
PO05737,MAT0044,SUP068,2026-07-02,770.7,1475705.53
PO05738,MAT0633,SUP405,2025-10-19,338.18,471030.63
PO05739,MAT0487,SUP343,2025-10-24,446.68,1167411.58
PO05740,MAT1744,SUP350,2025-10-22,839.49,3508606.48
PO05741,MAT0835,SUP208,2026-03-31,22.72,87566.52
PO05742,MAT0362,SUP364,2025-05-02,618.79,1266514.62
PO05743,MAT1564,SUP371,2025-12-28,203.85,115195.64
PO05744,MAT0765,SUP335,2025-04-17,920.8,4298128.66
PO05745,MAT0862,SUP112,2026-04-08,974.29,2476401.61
PO05746,MAT1772,SUP016,2026-03-15,969.5,3047206.36
PO05747,MAT1060,SUP468,2026-03-15,346.58,479091.4
PO05748,MAT1919,SUP184,2025-12-19,185.03,331993.78
PO05749,MAT1772,SUP016,2026-04-28,651.62,2048087.27
PO05750,MAT0331,SUP497,2026-03-05,76.23,337586.84
PO05751,MAT1444,SUP012,2025-01-28,785.92,2030141.39
PO05752,MAT0892,SUP231,2025-06-13,558.24,2384650.56
PO05753,MAT0418,SUP330,2025-11-25,482.02,1230384.97
PO05754,MAT1662,SUP426,2025-02-26,412.71,1776118.12
PO05755,MAT1185,SUP411,2025-03-17,799.18,2445418.87
PO05756,MAT1581,SUP031,2025-03-03,164.32,703312.6
PO05757,MAT1904,SUP073,2025-09-09,78.55,299659.61
PO05758,MAT1259,SUP442,2025-04-27,396.88,1385635.08
PO05759,MAT1445,SUP461,2026-07-15,682.96,133866.99
PO05760,MAT1355,SUP478,2026-03-29,33.8,137331.43
PO05761,MAT0247,SUP142,2026-05-05,636.28,2241016.34
PO05762,MAT0949,SUP190,2025-07-29,341.95,1175323.18
PO05763,MAT0950,SUP069,2025-05-19,159.66,778067.88
PO05764,MAT1690,SUP343,2026-05-13,131.87,143220.05
PO05765,MAT1775,SUP112,2025-12-31,589.92,2926622.62
PO05766,MAT0517,SUP041,2025-03-15,870.31,206167.74
PO05767,MAT1650,SUP218,2026-01-23,820.55,1099914.45
PO05768,MAT1541,SUP193,2026-06-14,723.26,2205161.88
PO05769,MAT0688,SUP476,2026-06-09,373.96,1564562.63
PO05770,MAT0122,SUP483,2025-08-14,912.5,3528920.38
PO05771,MAT1841,SUP272,2025-03-27,92.3,319669.05
PO05772,MAT0062,SUP183,2025-06-05,610.21,1071998.62
PO05773,MAT1931,SUP281,2025-07-17,31.36,105188.65
PO05774,MAT1187,SUP325,2025-01-30,939.57,4410773.78
PO05775,MAT1808,SUP187,2025-09-08,459.02,928381.72
PO05776,MAT1578,SUP380,2025-12-11,775.18,847512.05
PO05777,MAT0219,SUP192,2025-09-09,574.1,1344634.06
PO05778,MAT1300,SUP216,2026-07-05,568.95,2565930.36
PO05779,MAT1724,SUP216,2025-06-02,874.96,1493407.98
PO05780,MAT0024,SUP382,2025-03-16,215.11,246683.85
PO05781,MAT0285,SUP214,2025-09-23,442.98,616951.54
PO05782,MAT1502,SUP126,2026-05-30,852.94,3171239.45
PO05783,MAT0263,SUP333,2026-01-25,616.48,1373819.52
PO05784,MAT0858,SUP272,2025-05-10,971.19,2518917.23
PO05785,MAT0401,SUP262,2026-07-03,716.47,453375.05
PO05786,MAT0881,SUP007,2025-04-16,495.98,1674859.98
PO05787,MAT1640,SUP487,2026-07-22,209.69,900184.49
PO05788,MAT1676,SUP102,2026-05-24,418.61,1823155.39
PO05789,MAT1266,SUP491,2026-08-07,80.86,245055.12
PO05790,MAT1796,SUP388,2025-12-16,896.56,1564577.89
PO05791,MAT0594,SUP350,2026-06-21,148.07,568645.07
PO05792,MAT1373,SUP268,2025-04-07,107.38,525167.66
PO05793,MAT1083,SUP433,2025-10-09,670.63,943227.68
PO05794,MAT0510,SUP186,2025-02-01,816.38,666288.54
PO05795,MAT1773,SUP221,2025-12-28,172.03,856595.86
PO05796,MAT1655,SUP108,2026-03-15,398.99,1077508.4
PO05797,MAT0151,SUP217,2025-07-08,436.77,1536080.78
PO05798,MAT1681,SUP237,2025-08-14,872.79,4088322.92
PO05799,MAT1649,SUP396,2026-01-13,72.98,98154.45
PO05800,MAT0435,SUP071,2025-05-28,492.97,1494931.52
PO05801,MAT0160,SUP149,2025-10-14,322.76,1319488.07
PO05802,MAT1506,SUP063,2025-12-20,228.4,910607.96
PO05803,MAT1431,SUP402,2025-09-12,494.12,2086668.76
PO05804,MAT1809,SUP284,2026-01-10,675.91,2866331.54
PO05805,MAT1383,SUP209,2025-11-18,931.05,512040.26
PO05806,MAT1363,SUP236,2026-01-31,617.46,2583761.37
PO05807,MAT1558,SUP478,2026-02-25,267.58,675701.04
PO05808,MAT1781,SUP211,2026-03-28,516.2,1651974.21
PO05809,MAT0679,SUP270,2026-03-13,168.15,836608.47
PO05810,MAT1996,SUP030,2025-10-13,816.0,3145712.64
PO05811,MAT0670,SUP308,2026-08-15,295.1,24357.55
PO05812,MAT0068,SUP459,2026-01-12,832.16,1438163.88
PO05813,MAT1533,SUP246,2025-01-23,313.76,465233.92
PO05814,MAT1676,SUP102,2025-05-22,321.75,1401304.9
PO05815,MAT1046,SUP120,2026-02-28,582.81,1007118.99
PO05816,MAT1490,SUP113,2026-08-05,424.62,1062017.08
PO05817,MAT1064,SUP001,2026-01-28,538.49,2515211.4
PO05818,MAT1750,SUP486,2025-12-08,860.16,1140821.61
PO05819,MAT1362,SUP472,2025-05-27,820.24,282908.98
PO05820,MAT0189,SUP471,2025-02-25,867.7,1030254.92
PO05821,MAT1354,SUP320,2025-05-10,753.19,1336543.19
PO05822,MAT0425,SUP287,2026-03-04,713.85,2155655.68
PO05823,MAT1449,SUP407,2025-07-03,601.3,2868874.46
PO05824,MAT1075,SUP114,2025-08-25,742.3,2823842.81
PO05825,MAT1767,SUP216,2025-01-23,617.75,1036164.43
PO05826,MAT1966,SUP330,2026-08-22,779.85,1129753.1
PO05827,MAT1195,SUP193,2025-09-21,687.97,2098191.55
PO05828,MAT1265,SUP340,2025-10-03,867.81,1061895.71
PO05829,MAT1560,SUP216,2025-03-16,139.68,145620.59
PO05830,MAT1412,SUP135,2025-04-23,308.15,1117142.36
PO05831,MAT1414,SUP194,2026-01-16,902.02,1599299.5
PO05832,MAT0581,SUP185,2025-07-10,155.87,674154.9
PO05833,MAT1472,SUP343,2025-07-20,299.78,789239.8
PO05834,MAT0392,SUP197,2026-05-21,466.85,1383706.05
PO05835,MAT1328,SUP234,2025-01-07,294.01,1044729.25
PO05836,MAT0452,SUP179,2025-12-20,972.74,4302244.2
PO05837,MAT1096,SUP334,2026-08-04,469.0,1077611.92
PO05838,MAT0069,SUP474,2025-05-21,379.84,520483.36
PO05839,MAT0712,SUP145,2026-06-17,298.39,907696.41
PO05840,MAT0504,SUP258,2025-02-23,464.37,237427.74
PO05841,MAT1015,SUP323,2025-07-28,237.88,190418.18
PO05842,MAT0313,SUP139,2026-06-27,142.61,25528.62
PO05843,MAT1087,SUP101,2025-10-27,458.26,769720.99
PO05844,MAT1810,SUP291,2025-05-28,776.43,991858.27
PO05845,MAT0387,SUP232,2025-07-17,450.26,489180.47
PO05846,MAT1955,SUP494,2025-06-09,696.48,78186.84
PO05847,MAT0975,SUP229,2026-08-05,701.73,1690032.5
PO05848,MAT1727,SUP308,2025-10-04,323.49,788882.12
PO05849,MAT1232,SUP133,2026-02-09,493.36,735269.21
PO05850,MAT1498,SUP412,2026-04-01,21.63,49542.43
PO05851,MAT0213,SUP420,2025-07-21,412.93,1396215.43
PO05852,MAT0274,SUP043,2025-08-13,674.19,297425.66
PO05853,MAT1330,SUP122,2026-06-17,432.08,105211.48
PO05854,MAT1898,SUP152,2025-01-05,121.7,548835.36
PO05855,MAT1373,SUP268,2025-05-22,884.45,4325614.99
PO05856,MAT1982,SUP082,2025-06-05,36.8,13953.82
PO05857,MAT0099,SUP063,2025-02-20,892.43,2030724.46
PO05858,MAT1399,SUP093,2026-06-15,299.26,1374031.34
PO05859,MAT0123,SUP179,2025-10-02,135.24,631816.94
PO05860,MAT1680,SUP351,2025-09-17,775.5,3120557.72
PO05861,MAT0558,SUP317,2026-07-11,211.5,98842.41
PO05862,MAT0919,SUP140,2025-08-06,428.63,83261.38
PO05863,MAT0075,SUP121,2026-04-08,678.94,1251048.79
PO05864,MAT1286,SUP351,2026-01-26,32.71,114632.85
PO05865,MAT0857,SUP028,2026-06-06,174.72,321093.43
PO05866,MAT0338,SUP122,2026-07-08,609.2,180140.44
PO05867,MAT0068,SUP459,2026-05-26,726.54,1255628.22
PO05868,MAT0468,SUP022,2025-03-29,700.34,2020452.89
PO05869,MAT1819,SUP248,2026-01-26,18.64,27113.56
PO05870,MAT1824,SUP158,2025-12-10,643.71,1005249.72
PO05871,MAT1059,SUP238,2025-09-17,610.52,1260742.12
PO05872,MAT1702,SUP141,2025-10-20,891.75,4331363.51
PO05873,MAT1808,SUP187,2025-05-17,33.79,68341.29
PO05874,MAT1823,SUP327,2026-01-15,918.05,3783889.96
PO05875,MAT0113,SUP154,2025-10-14,572.58,2340684.14
PO05876,MAT0492,SUP452,2025-02-23,122.59,273069.23
PO05877,MAT1047,SUP444,2025-07-12,154.12,547230.8
PO05878,MAT0976,SUP388,2026-01-14,765.96,3113183.14
PO05879,MAT0482,SUP201,2025-04-06,909.02,4056610.83
PO05880,MAT1795,SUP050,2025-08-09,380.46,1228155.32
PO05881,MAT0952,SUP171,2025-01-01,86.67,206371.67
PO05882,MAT0561,SUP479,2025-12-06,298.86,826437.56
PO05883,MAT0134,SUP146,2025-04-23,480.44,2376275.46
PO05884,MAT1997,SUP280,2026-06-28,718.24,106285.16
PO05885,MAT0107,SUP198,2025-03-03,545.48,1243285.29
PO05886,MAT0406,SUP234,2025-02-19,224.57,304835.81
PO05887,MAT1127,SUP222,2026-06-21,736.41,1376482.84
PO05888,MAT0469,SUP108,2026-08-14,642.53,705562.19
PO05889,MAT1105,SUP290,2025-02-06,292.98,908153.04
PO05890,MAT1306,SUP096,2025-03-11,70.64,101837.45
PO05891,MAT1507,SUP497,2025-03-04,279.22,703547.84
PO05892,MAT1424,SUP004,2025-03-07,355.09,1392616.82
PO05893,MAT0260,SUP441,2026-01-30,894.69,3118397.26
PO05894,MAT1115,SUP061,2025-12-15,85.09,376053.55
PO05895,MAT0270,SUP479,2025-08-07,835.3,587483.2
PO05896,MAT0800,SUP500,2025-07-15,527.22,554076.59
PO05897,MAT1812,SUP381,2025-04-16,281.7,1036661.63
PO05898,MAT0847,SUP445,2025-08-11,482.54,2380784.8
PO05899,MAT1280,SUP377,2026-04-15,326.52,101769.75
PO05900,MAT0171,SUP383,2026-06-02,59.44,272025.97
PO05901,MAT1746,SUP295,2025-02-13,628.22,1225500.16
PO05902,MAT0340,SUP050,2025-01-13,112.08,120420.99
PO05903,MAT1697,SUP092,2026-02-17,521.16,2260474.17
PO05904,MAT1404,SUP445,2025-11-22,387.62,1847238.0
PO05905,MAT1708,SUP214,2026-04-04,118.89,44171.2
PO05906,MAT1686,SUP146,2026-04-07,553.43,1628810.9
PO05907,MAT0696,SUP394,2025-02-06,100.3,413194.88
PO05908,MAT0340,SUP050,2025-02-08,163.22,175366.83
PO05909,MAT0824,SUP214,2026-04-19,792.41,3694231.27
PO05910,MAT0642,SUP294,2025-04-16,410.75,887630.75
PO05911,MAT0780,SUP167,2026-06-24,696.98,3401589.98
PO05912,MAT0543,SUP231,2025-07-29,488.9,1407288.87
PO05913,MAT1438,SUP048,2025-04-16,441.57,1102383.92
PO05914,MAT0097,SUP175,2025-04-20,372.16,283273.31
PO05915,MAT1757,SUP177,2026-02-03,430.05,1488192.33
PO05916,MAT0890,SUP151,2026-06-14,977.99,2422226.95
PO05917,MAT1392,SUP482,2025-04-26,94.34,458475.42
PO05918,MAT0224,SUP265,2026-08-08,475.32,1322321.23
PO05919,MAT1112,SUP012,2026-01-30,444.16,1875359.0
PO05920,MAT0495,SUP303,2026-08-17,738.48,2402962.23
PO05921,MAT1850,SUP456,2026-06-18,209.94,686440.82
PO05922,MAT1894,SUP270,2025-07-23,168.23,657895.38
PO05923,MAT1484,SUP258,2025-03-09,481.73,1235271.34
PO05924,MAT1876,SUP058,2025-02-12,722.22,1696451.45
PO05925,MAT0405,SUP487,2025-01-29,339.51,1327025.76
PO05926,MAT0633,SUP405,2026-07-04,215.31,299892.38
PO05927,MAT0003,SUP035,2025-07-14,263.03,1096117.03
PO05928,MAT0135,SUP436,2026-07-07,76.3,180579.21
PO05929,MAT1113,SUP336,2025-12-23,427.76,737886.0
PO05930,MAT0871,SUP047,2026-03-27,708.53,3002048.7
PO05931,MAT0956,SUP222,2026-07-13,375.92,503360.64
PO05932,MAT0773,SUP200,2026-01-09,952.34,3784656.3
PO05933,MAT0485,SUP092,2025-09-11,582.72,2765659.05
PO05934,MAT0637,SUP475,2026-06-06,171.46,42311.18
PO05935,MAT1294,SUP153,2025-06-13,394.02,228712.85
PO05936,MAT1516,SUP129,2025-05-26,103.32,218082.69
PO05937,MAT1025,SUP048,2026-05-09,341.8,950662.01
PO05938,MAT0832,SUP022,2025-02-14,75.87,219560.19
PO05939,MAT0346,SUP352,2025-12-05,544.03,1569493.91
PO05940,MAT0723,SUP299,2025-10-02,929.74,2860698.41
PO05941,MAT0955,SUP253,2026-03-15,552.57,2428871.17
PO05942,MAT0246,SUP137,2025-08-02,14.26,70275.7
PO05943,MAT0047,SUP226,2025-07-27,16.4,63283.01
PO05944,MAT1851,SUP271,2026-06-12,347.56,1547517.85
PO05945,MAT1757,SUP177,2025-06-11,901.94,3121172.39
PO05946,MAT0761,SUP036,2026-04-19,186.98,915854.22
PO05947,MAT1441,SUP006,2026-01-29,435.7,1444498.0
PO05948,MAT0791,SUP100,2026-07-28,813.01,3246535.92
PO05949,MAT0588,SUP184,2025-08-16,262.5,338874.38
PO05950,MAT1698,SUP316,2025-03-13,641.59,2815078.78
PO05951,MAT1271,SUP195,2025-03-04,172.96,833994.09
PO05952,MAT1044,SUP068,2025-05-09,876.04,2232658.02
PO05953,MAT1630,SUP307,2026-01-15,943.95,4532177.7
PO05954,MAT1711,SUP239,2026-03-13,115.43,483503.95
PO05955,MAT0070,SUP309,2025-09-02,14.37,39518.94
PO05956,MAT0185,SUP137,2026-07-12,472.44,208416.91
PO05957,MAT1730,SUP385,2025-07-15,941.96,652740.6
PO05958,MAT1771,SUP107,2025-01-08,539.82,1013512.05
PO05959,MAT1305,SUP249,2026-08-01,924.62,3528766.0
PO05960,MAT1782,SUP318,2025-05-09,887.14,4430909.44
PO05961,MAT0974,SUP068,2025-01-09,642.52,2148798.91
PO05962,MAT0856,SUP298,2025-08-18,560.01,433100.53
PO05963,MAT0124,SUP347,2025-06-20,950.63,1834231.08
PO05964,MAT0336,SUP456,2026-05-02,474.45,392683.29
PO05965,MAT1372,SUP257,2025-04-29,129.66,461758.16
PO05966,MAT1866,SUP360,2026-05-29,299.56,979453.36
PO05967,MAT1493,SUP349,2025-11-23,136.99,119851.18
PO05968,MAT0751,SUP313,2026-05-08,655.95,1120421.64
PO05969,MAT0789,SUP003,2026-02-04,206.44,251115.68
PO05970,MAT0655,SUP314,2025-03-04,18.53,55392.47
PO05971,MAT1514,SUP205,2025-03-26,154.96,692751.78
PO05972,MAT0904,SUP354,2025-02-19,829.01,1420127.29
PO05973,MAT0581,SUP185,2025-10-13,149.4,646171.43
PO05974,MAT0696,SUP394,2025-10-30,678.38,2794647.46
PO05975,MAT1031,SUP378,2026-05-16,224.44,128126.06
PO05976,MAT0507,SUP069,2025-02-23,355.31,856954.42
PO05977,MAT0049,SUP448,2026-05-11,850.28,2376515.59
PO05978,MAT0585,SUP352,2026-04-03,985.6,1700347.26
PO05979,MAT1341,SUP097,2025-04-07,759.82,577797.52
PO05980,MAT0715,SUP197,2026-03-14,935.33,1624237.96
PO05981,MAT0410,SUP094,2026-08-17,-70.0,1193341.15
PO05982,MAT0055,SUP003,2026-05-02,117.25,16892.21
PO05983,MAT0472,SUP344,2026-01-09,712.68,919998.61
PO05984,MAT1550,SUP299,2026-03-21,356.37,1127597.44
PO05985,MAT0154,SUP092,2026-02-13,408.61,815438.46
PO05986,MAT0448,SUP083,2026-04-12,412.65,1748715.79
PO05987,MAT1605,SUP017,2025-02-11,611.18,1183482.84
PO05988,MAT0761,SUP036,2026-01-22,528.78,2590038.47
PO05989,MAT0737,SUP028,2025-08-29,202.82,547291.52
PO05990,MAT0415,SUP134,2025-09-30,25.92,2881.79
PO05991,MAT0229,SUP271,2026-01-11,160.82,483265.71
PO05992,MAT1577,SUP249,2025-10-16,945.53,414435.25
PO05993,MAT0278,SUP488,2026-01-24,685.33,1808503.63
PO05994,MAT1239,SUP383,2026-01-09,204.31,615884.32
PO05995,MAT0400,SUP340,2026-04-15,627.9,870514.28
PO05996,MAT1065,SUP180,2025-07-06,135.91,400464.25
PO05997,MAT0852,SUP490,2025-04-01,583.66,387947.13
PO05998,MAT0106,SUP206,2025-09-22,251.44,722359.46
PO05999,MAT0374,SUP351,2025-01-14,464.07,1129829.46
PO06000,MAT1519,SUP479,2026-01-06,696.35,1649291.05
PO06001,MAT1603,SUP477,2026-05-05,675.04,3080727.3
PO06002,MAT1697,SUP092,2026-03-08,59.57,258378.32
PO06003,MAT1416,SUP333,2025-04-27,341.23,716436.27
PO06004,MAT0223,SUP023,2026-08-24,123.15,19925.67
PO06005,MAT0704,SUP037,2025-12-03,46.77,144315.85
PO06006,MAT0794,SUP474,2025-04-09,53.42,49180.59
PO06007,MAT0521,SUP400,2026-02-11,711.75,1279712.26
PO06008,MAT1461,SUP197,2025-06-05,424.87,1233503.83
PO06009,MAT1254,SUP301,2025-02-01,508.88,2512533.93
PO06010,MAT0658,SUP204,2025-05-18,407.31,1580240.61
PO06011,MAT0665,SUP290,2026-07-28,576.1,491131.01
PO06012,MAT0269,SUP124,2025-08-02,672.73,2158460.93
PO06013,MAT0221,SUP179,2026-04-25,910.64,1591962.64
PO06014,MAT1862,SUP482,2026-04-12,864.88,3214049.76
PO06015,MAT0024,SUP382,2025-07-28,228.45,261981.89
PO06016,MAT1321,SUP066,2025-10-23,512.52,1086619.28
PO06017,MAT1212,SUP321,2025-07-31,364.58,215291.78
PO06018,MAT1472,SUP343,2025-04-02,604.12,1590484.85
PO06019,MAT1417,SUP499,2025-04-21,290.85,177776.25
PO06020,MAT1236,SUP409,2026-02-17,477.27,1251769.44
PO06021,MAT1650,SUP218,2025-04-04,820.02,1099204.01
PO06022,MAT1700,SUP301,2026-01-29,250.04,419027.03
PO06023,MAT0685,SUP203,2026-06-02,924.89,2866391.34
PO06024,MAT1759,SUP263,2026-02-01,854.53,1471483.57
PO06025,MAT0685,SUP203,2025-09-03,814.19,2523313.22
PO06026,MAT0969,SUP497,2025-01-24,877.83,2895136.01
PO06027,MAT0672,SUP342,2025-04-04,942.99,3958832.33
PO06028,MAT1063,SUP232,2026-05-22,695.75,38238.42
PO06029,MAT0747,SUP329,2026-02-22,429.05,1625949.33
PO06030,MAT0053,SUP015,2025-05-30,780.89,3637065.46
PO06031,MAT1983,SUP490,2025-05-26,317.27,463147.57
PO06032,MAT0218,SUP006,2026-07-06,339.74,452109.0
PO06033,MAT1075,SUP114,2025-06-20,988.62,3760888.43
PO06034,MAT0479,SUP457,2026-05-26,673.11,688147.28
PO06035,MAT0953,SUP130,2025-10-25,12.59,39246.93
PO06036,MAT0444,SUP490,2025-02-05,692.31,3344459.61
PO06037,MAT1424,SUP004,2025-05-25,30.58,119930.78
PO06038,MAT1209,SUP376,2026-02-05,667.43,597109.58
PO06039,MAT0402,SUP312,2025-03-30,311.15,1213765.03
PO06040,MAT1178,SUP312,2026-01-22,792.01,1799533.84
PO06041,MAT0443,SUP262,2025-11-24,95.16,331159.65
PO06042,MAT0151,SUP217,2025-01-25,563.88,1983115.21
PO06043,MAT0155,SUP153,2025-12-13,287.01,971190.18
PO06044,MAT1512,SUP366,2025-05-27,500.55,378460.85
PO06045,MAT1825,SUP475,2025-04-28,406.64,443623.91
PO06046,MAT1886,SUP208,2025-07-27,732.34,3635233.23
PO06047,MAT1737,SUP391,2025-07-22,988.47,2006020.79
PO06048,MAT0132,SUP214,2025-11-24,899.61,4203805.56
PO06049,MAT0818,SUP165,2025-08-11,387.58,1742082.96
PO06050,MAT1812,SUP381,2025-07-25,813.71,2994469.07
PO06051,MAT1748,SUP191,2025-04-02,908.0,3245664.16
PO06052,MAT1611,SUP335,2025-02-28,725.16,2208714.08
PO06053,MAT1609,SUP410,2025-02-23,531.06,633506.78
PO06054,MAT0077,SUP188,2025-08-29,75.31,120963.68
PO06055,MAT0685,SUP203,2026-03-31,525.83,1629636.56
PO06056,MAT1147,SUP168,2025-01-04,811.45,1611515.36
PO06057,MAT0512,SUP283,2025-11-14,855.07,2084848.78
PO06058,MAT1712,SUP060,2026-06-29,967.5,922395.15
PO06059,MAT1320,SUP317,2025-06-27,531.46,819676.07
PO06060,MAT0439,SUP414,2025-08-25,342.56,903505.43
PO06061,MAT1108,SUP095,2025-10-13,73.82,136267.29
PO06062,MAT1719,SUP276,2026-07-11,881.97,963799.18
PO06063,MAT1974,SUP365,2025-07-04,628.74,258519.03
PO06064,MAT0321,SUP076,2025-02-21,625.42,2212892.32
PO06065,MAT1661,SUP008,2025-08-24,58.88,179237.79
PO06066,MAT0436,SUP324,2025-09-26,709.21,740698.92
PO06067,MAT1979,SUP482,2026-03-31,422.99,877941.12
PO06068,MAT0520,SUP087,2025-04-01,250.02,457714.11
PO06069,MAT0984,SUP161,2026-03-04,399.97,1453598.97
PO06070,MAT1005,SUP183,2026-07-01,917.03,838935.73
PO06071,MAT0031,SUP426,2025-01-26,516.73,222100.89
PO06072,MAT0607,SUP423,2025-03-26,148.93,455971.53
PO06073,MAT0059,SUP181,2025-05-21,677.64,1948072.7
PO06074,MAT1413,SUP050,2026-03-16,524.71,594066.17
PO06075,MAT0123,SUP179,2025-12-24,854.52,3992163.63
PO06076,MAT0471,SUP437,2026-08-09,310.07,1322253.21
PO06077,MAT0018,SUP168,2026-04-15,895.19,79009.47
PO06078,MAT1323,SUP477,2025-09-20,771.41,3058548.08
PO06079,MAT1356,SUP164,2025-01-04,873.1,1731767.66
PO06080,MAT1657,SUP376,2025-08-14,82.91,389931.53
PO06081,MAT1300,SUP216,2025-04-01,45.97,207321.94
PO06082,MAT1289,SUP188,2025-12-24,684.07,1773615.65
PO06083,MAT1339,SUP236,2025-08-06,677.6,2769493.5
PO06084,MAT0587,SUP286,2025-09-08,18.28,73802.76
PO06085,MAT1138,SUP483,2026-03-20,502.22,1267608.3
PO06086,MAT0570,SUP415,2025-07-27,608.61,1274350.22
PO06087,MAT1730,SUP385,2026-05-31,297.31,206023.94
PO06088,MAT1611,SUP335,2025-05-23,103.72,315913.49
PO06089,MAT1787,SUP126,2026-08-22,987.56,2218138.76
PO06090,MAT1707,SUP464,2025-11-12,148.53,538357.38
PO06091,MAT1161,SUP168,2026-03-09,610.34,1495064.45
PO06092,MAT0398,SUP025,2026-05-01,998.71,2110314.18
PO06093,MAT0131,SUP465,2025-12-31,651.16,2135075.5
PO06094,MAT1298,SUP225,2025-04-17,411.48,350202.4
PO06095,MAT0167,SUP105,2026-05-13,432.87,1407342.62
PO06096,MAT1367,SUP188,2025-04-11,514.0,226684.28
PO06097,MAT1421,SUP475,2026-05-06,404.15,219667.65
PO06098,MAT0610,SUP070,2025-05-09,661.62,54596.88
PO06099,MAT0169,SUP097,2026-07-10,812.39,2953289.49
PO06100,MAT1911,SUP342,2025-08-10,415.08,2040649.5
PO06101,MAT0858,SUP272,2025-08-30,438.12,1136325.56
PO06102,MAT0904,SUP354,2026-06-23,906.99,1553710.15
PO06103,MAT1132,SUP468,2026-01-02,34.33,3166.6
PO06104,MAT0826,SUP331,2026-02-11,880.31,1837972.84
PO06105,MAT1013,SUP497,2025-06-15,465.29,1794921.32
PO06106,MAT0402,SUP312,2026-02-16,180.18,702864.16
PO06107,MAT1346,SUP389,2025-06-12,192.23,858754.85
PO06108,MAT0687,SUP247,2026-03-19,440.63,1390029.02
PO06109,MAT0200,SUP096,2026-06-12,832.49,1891234.13
PO06110,MAT0379,SUP431,2026-06-12,21.08,19954.75
PO06111,MAT1227,SUP088,2025-07-19,453.07,259187.75
PO06112,MAT1279,SUP005,2026-02-11,94.77,339319.25
PO06113,MAT1541,SUP193,2026-02-09,989.62,3017272.21
PO06114,MAT1702,SUP141,2025-11-29,177.32,861269.84
PO06115,MAT1857,SUP104,2026-07-18,917.61,787566.31
PO06116,MAT0570,SUP415,2026-07-05,967.78,2026405.51
PO06117,MAT0199,SUP003,2025-01-01,469.16,1056285.59
PO06118,MAT1398,SUP179,2026-08-18,587.89,1392723.17
PO06119,MAT0782,SUP062,2025-11-22,569.94,426953.45
PO06120,MAT1313,SUP365,2025-04-19,144.22,183518.51
PO06121,MAT1046,SUP120,2025-12-16,626.26,1082202.33
PO06122,MAT0534,SUP315,2026-05-07,470.2,1802281.3
PO06123,MAT1505,SUP214,2026-03-21,329.49,520973.11
PO06124,MAT1393,SUP206,2026-05-23,386.38,1658400.92
PO06125,MAT0467,SUP347,2025-01-26,553.55,2651000.77
PO06126,MAT1561,SUP419,2025-07-12,913.01,4222360.83
PO06127,MAT0949,SUP190,2026-01-14,960.0,3299635.2
PO06128,MAT1648,SUP015,2026-06-29,34.39,47328.21
PO06129,MAT0880,SUP438,2025-01-31,925.03,910682.78
PO06130,MAT0729,SUP337,2025-10-25,133.55,651207.16
PO06131,MAT0402,SUP312,2026-03-28,118.27,461359.44
PO06132,MAT0125,SUP022,2026-02-01,336.36,1607397.17
PO06133,MAT0712,SUP145,2026-07-19,586.89,1785307.64
PO06134,MAT1284,SUP085,2026-08-09,79.27,26491.24
PO06135,MAT0410,SUP094,2025-05-23,594.33,1208778.07
PO06136,MAT0777,SUP360,2025-12-27,868.73,105211.89
PO06137,MAT0718,SUP050,2025-12-26,803.42,740801.45
PO06138,MAT0250,SUP207,2026-07-02,537.55,2022005.08
PO06139,MAT0131,SUP465,2025-03-24,651.8,2137173.98
PO06140,MAT0213,SUP420,2025-11-12,530.33,1793173.01
PO06141,MAT1577,SUP249,2025-02-10,65.52,28718.07
PO06142,MAT1529,SUP105,2026-01-05,776.13,1858846.87
PO06143,MAT0409,SUP458,2025-01-05,721.22,3445765.58
PO06144,MAT1346,SUP389,2025-07-08,269.27,1202917.95
PO06145,MAT1508,SUP495,2025-07-05,527.62,1655560.76
PO06146,MAT1205,SUP257,2026-04-03,565.57,1871759.57
PO06147,MAT0607,SUP423,2026-05-19,356.08,1090192.33
PO06148,MAT1183,SUP330,2026-04-20,992.49,2608581.32
PO06149,MAT1237,SUP203,2025-08-27,646.13,1753952.19
PO06150,MAT0288,SUP234,2025-05-25,593.75,1113964.06
PO06151,MAT0734,SUP291,2025-01-19,132.26,468090.62
PO06152,MAT0667,SUP461,2025-06-03,346.5,1664637.98
PO06153,MAT0063,SUP023,2025-01-14,73.17,201420.18
PO06154,MAT0844,SUP180,2026-06-04,397.51,1943323.04
PO06155,MAT0099,SUP063,2025-02-06,498.47,1134268.49
PO06156,MAT1534,SUP342,2025-06-25,575.9,1143962.0
PO06157,MAT0734,SUP291,2025-01-24,407.49,1442176.38
PO06158,MAT0739,SUP149,2025-12-19,157.74,35469.42
PO06159,MAT0679,SUP270,2025-07-05,170.43,847952.31
PO06160,MAT1972,SUP181,2025-07-13,413.99,128150.6
PO06161,MAT1137,SUP437,2025-08-04,822.63,163719.82
PO06162,MAT0947,SUP439,2026-07-29,25.52,77080.86
PO06163,MAT0814,SUP318,2025-06-22,887.57,3276926.19
PO06164,MAT0351,SUP204,2025-01-14,784.63,1305883.25
PO06165,MAT0655,SUP314,2026-05-26,642.55,1920800.42
PO06166,MAT1431,SUP402,2025-01-21,941.02,3973927.46
PO06167,MAT1006,SUP221,2025-09-25,787.64,2447150.22
PO06168,MAT1130,SUP061,2026-01-30,654.7,1200176.4
PO06169,MAT1005,SUP183,2026-03-10,147.5,134938.9
PO06170,MAT1038,SUP309,2026-08-11,456.72,272278.2
PO06171,MAT1970,SUP485,2025-09-02,474.88,745675.57
PO06172,MAT0091,SUP315,2025-10-23,994.2,509497.67
PO06173,MAT1572,SUP309,2025-12-01,499.87,2494621.23
PO06174,MAT1155,SUP358,2025-04-05,808.69,422855.91
PO06175,MAT1627,SUP146,2025-10-11,312.02,198703.7
PO06176,MAT0649,SUP119,2026-01-12,902.28,3115139.75
PO06177,MAT1425,SUP158,2026-05-23,263.16,890228.17
PO06178,MAT0405,SUP487,2026-01-25,547.32,2139282.32
PO06179,MAT1922,SUP439,2026-05-20,791.1,1346555.04
PO06180,MAT0567,SUP192,2026-01-06,649.48,1356172.69
PO06181,MAT1910,SUP443,2025-09-17,940.35,3967816.23
PO06182,MAT0421,SUP228,2025-08-13,261.84,593876.69
PO06183,MAT1550,SUP299,2025-03-09,287.88,910886.87
PO06184,MAT1154,SUP128,2026-03-16,897.36,4042445.28
PO06185,MAT1460,SUP216,2026-07-04,666.03,442417.09
PO06186,MAT1604,SUP262,2026-03-05,360.4,1415708.86
PO06187,MAT1369,SUP211,2026-06-11,206.64,464458.53
PO06188,MAT1906,SUP381,2025-10-02,511.61,1176252.78
PO06189,MAT1736,SUP426,2025-10-31,565.95,2006751.17
PO06190,MAT0801,SUP070,2025-08-23,664.74,2835561.48
PO06191,MAT1609,SUP410,2025-12-28,658.36,785364.23
PO06192,MAT0757,SUP067,2026-03-16,633.68,2090605.37
PO06193,MAT1424,SUP004,2026-03-03,833.8,3270055.21
PO06194,MAT0872,SUP083,2025-08-10,439.83,1721921.26
PO06195,MAT0954,SUP496,2026-02-06,831.57,210861.2
PO06196,MAT1429,SUP373,2026-06-15,320.06,654663.53
PO06197,MAT0837,SUP497,2025-06-07,39.01,130726.02
PO06198,MAT1486,SUP207,2026-04-17,478.03,1429567.84
PO06199,MAT1043,SUP159,2026-06-22,476.29,1090346.88
PO06200,MAT1386,SUP403,2026-06-05,902.08,1558929.55
PO06201,MAT1984,SUP390,2025-10-25,251.27,503743.58
PO06202,MAT0589,SUP151,2026-02-23,773.74,2708353.07
PO06203,MAT1959,SUP016,2026-07-29,226.26,54739.08
PO06204,MAT0418,SUP330,2025-09-15,307.76,785575.87
PO06205,MAT0854,SUP382,2026-03-17,996.85,2917062.22
PO06206,MAT1369,SUP211,2025-12-12,867.86,1950662.89
PO06207,MAT1624,SUP153,2025-02-02,362.47,630164.97
PO06208,MAT1491,SUP362,2025-11-09,325.94,480921.21
PO06209,MAT0802,SUP113,2025-03-03,367.57,1116677.66
PO06210,MAT0254,SUP458,2025-02-02,599.92,166429.81
PO06211,MAT0383,SUP298,2026-06-29,276.45,111276.65
PO06212,MAT0864,SUP160,2026-04-20,173.53,128085.96
PO06213,MAT0387,SUP232,2025-01-09,60.63,65870.86
PO06214,MAT0400,SUP340,2025-07-21,287.56,398670.31
PO06215,MAT1141,SUP323,2025-07-20,571.47,2613372.31
PO06216,MAT0842,SUP252,2026-04-24,452.37,1373259.61
PO06217,MAT0371,SUP459,2026-05-17,907.92,3872596.57
PO06218,MAT0794,SUP474,2025-11-19,276.94,254962.04
PO06219,MAT0657,SUP286,2025-12-20,670.28,1745965.45
PO06220,MAT1689,SUP409,2025-01-05,249.27,737146.23
PO06221,MAT1520,SUP237,2025-01-30,72.8,332489.25
PO06222,MAT0800,SUP500,2025-05-22,341.73,359137.73
PO06223,MAT1393,SUP206,2025-12-26,118.84,510079.11
PO06224,MAT1595,SUP117,2025-02-09,679.82,528328.91
PO06225,MAT0102,SUP240,2025-01-05,306.9,1350795.8
PO06226,MAT1984,SUP390,2025-12-18,32.93,66017.73
PO06227,MAT1005,SUP183,2025-07-09,959.83,878090.88
PO06228,MAT1082,SUP453,2025-04-07,318.54,19010.47
PO06229,MAT1761,SUP293,2025-12-18,234.71,1167647.04
PO06230,MAT0800,SUP500,2025-03-08,147.88,155413.01
PO06231,MAT1863,SUP108,2026-04-21,600.66,2408027.92
PO06232,MAT0479,SUP457,2025-08-27,826.12,844575.52
PO06233,MAT1270,SUP337,2026-05-19,624.24,1900486.2
PO06234,MAT1365,SUP376,2025-12-05,196.21,685912.88
PO06235,MAT1481,SUP237,2025-04-13,120.56,450638.81
PO06236,MAT0213,SUP420,2025-09-02,660.25,2232463.71
PO06237,MAT0434,SUP312,2026-08-13,38.9,54627.27
PO06238,MAT1133,SUP485,2025-06-20,407.09,1676482.11
PO06239,MAT1320,SUP317,2025-07-09,886.07,1366594.62
PO06240,MAT0589,SUP151,2025-09-28,157.5,551303.55
PO06241,MAT0631,SUP268,2026-03-21,842.09,2329692.51
PO06242,MAT1649,SUP396,2026-01-25,907.05,1219936.9
PO06243,MAT1628,SUP454,2025-12-19,119.9,177208.6
PO06244,MAT1280,SUP377,2025-02-22,528.34,164673.01
PO06245,MAT1191,SUP487,2026-05-23,231.21,467347.09
PO06246,MAT1535,SUP076,2025-07-17,558.47,811423.4
PO06247,MAT0041,SUP186,2025-12-25,355.08,655072.89
PO06248,MAT0279,SUP384,2025-12-17,955.01,3512555.43
PO06249,MAT1573,SUP337,2025-09-23,635.6,2097556.27
PO06250,MAT0737,SUP028,2026-03-18,977.03,2636427.52
PO06251,MAT1131,SUP346,2025-03-24,588.75,758086.27
PO06252,MAT0004,SUP416,2025-11-28,102.83,288339.43
PO06253,MAT0392,SUP197,2026-05-04,668.91,1982595.73
PO06254,MAT0699,SUP456,2025-11-08,350.58,196451.01
PO06255,MAT1723,SUP462,2026-01-02,319.54,525879.76
PO06256,MAT1882,SUP267,2025-08-14,691.75,2010903.42
PO06257,MAT1929,SUP273,2025-02-02,924.57,1862037.75
PO06258,MAT1395,SUP231,2026-03-04,144.36,634198.02
PO06259,MAT1762,SUP192,2025-07-10,548.38,1311149.16
PO06260,MAT0705,SUP067,2025-04-21,421.58,1003419.42
PO06261,MAT1341,SUP097,2025-07-24,254.98,193896.99
PO06262,MAT0955,SUP253,2025-09-14,391.42,1720521.84
PO06263,MAT0039,SUP496,2025-05-24,847.4,583273.89
PO06264,MAT1484,SUP258,2025-11-22,832.15,2133832.32
PO06265,MAT0770,SUP332,2026-01-19,963.69,890700.12
PO06266,MAT0048,SUP419,2025-06-20,763.44,3066150.63
PO06267,MAT0321,SUP076,2025-09-21,884.14,3128308.36
PO06268,MAT1742,SUP197,2025-06-27,755.72,1630292.08
PO06269,MAT1884,SUP094,2025-01-30,518.56,392871.43
PO06270,MAT0588,SUP184,2026-06-23,127.34,164389.57
PO06271,MAT1009,SUP493,2026-03-29,398.33,1941687.47
PO06272,MAT1255,SUP093,2025-01-15,593.26,1451558.9
PO06273,MAT1023,SUP455,2025-03-02,429.66,1670616.9
PO06274,MAT1550,SUP299,2025-08-28,93.0,294263.16
PO06275,MAT0052,SUP203,2026-03-18,248.09,471646.38
PO06276,MAT1653,SUP310,2025-08-29,923.72,137264.79
PO06277,MAT1866,SUP360,2025-12-11,950.32,3107204.28
PO06278,MAT0362,SUP364,2026-03-23,747.28,1529502.81
PO06279,MAT1798,SUP114,2025-03-02,317.66,902001.92
PO06280,MAT0086,SUP422,2025-02-03,715.15,296837.31
PO06281,MAT1410,SUP371,2026-07-07,151.41,469634.45
PO06282,MAT1560,SUP216,2025-05-09,915.24,954165.16
PO06283,MAT1475,SUP356,2026-03-05,446.31,188324.97
PO06284,MAT1776,SUP393,2025-04-13,948.17,2629133.18
PO06285,MAT1774,SUP193,2025-08-09,287.59,201859.42
PO06286,MAT0793,SUP129,2025-08-23,829.51,2574185.2
PO06287,MAT0033,SUP310,2026-06-28,920.56,2330646.19
PO06288,MAT1696,SUP287,2026-06-28,957.7,2371226.89
PO06289,MAT0221,SUP179,2025-11-12,507.06,886432.15
PO06290,MAT1143,SUP169,2025-04-03,660.99,3180412.87
PO06291,MAT1414,SUP194,2025-06-05,66.61,118100.86
PO06292,MAT0969,SUP497,2026-01-14,611.73,2017522.24
PO06293,MAT1326,SUP197,2025-09-06,406.73,1589456.1
PO06294,MAT1081,SUP374,2026-01-11,55.74,55721.61
PO06295,MAT0740,SUP323,2025-05-29,557.45,1623182.91
PO06296,MAT0234,SUP148,2025-09-01,116.0,113232.24
PO06297,MAT1235,SUP303,2025-09-19,141.19,139749.86
PO06298,MAT1077,SUP019,2026-01-06,769.44,1915559.35
PO06299,MAT1724,SUP216,2026-03-29,384.81,656805.25
PO06300,MAT1436,SUP141,2025-07-09,610.31,2855109.52
PO06301,MAT0456,SUP371,2025-03-07,119.1,20519.74
PO06302,MAT1771,SUP107,2025-12-06,299.88,563024.7
PO06303,MAT1552,SUP095,2025-01-25,751.0,1882058.57
PO06304,MAT1856,SUP277,2025-09-22,202.14,965333.72
PO06305,MAT1477,SUP175,2025-03-29,526.12,2146190.79
PO06306,MAT1610,SUP376,2025-07-27,650.43,1197643.26
PO06307,MAT1458,SUP485,2025-09-12,441.52,1276451.98
PO06308,MAT1893,SUP420,2026-01-17,232.77,236180.08
PO06309,MAT0667,SUP461,2025-03-28,887.73,4264788.08
PO06310,MAT1293,SUP435,2025-06-10,667.83,223462.6
PO06311,MAT0146,SUP463,2026-08-23,488.97,513751.0
PO06312,MAT1120,SUP199,2025-05-02,681.42,1296483.32
PO06313,MAT0721,SUP273,2025-04-20,327.49,648564.47
PO06314,MAT1746,SUP295,2026-02-22,155.61,303556.21
PO06315,MAT0276,SUP045,2026-08-22,123.55,77111.26
PO06316,MAT1615,SUP086,2026-04-24,608.91,1292228.8
PO06317,MAT0436,SUP324,2026-02-04,904.22,944367.37
PO06318,MAT0358,SUP173,2025-12-14,810.81,1288539.25
PO06319,MAT1755,SUP375,2026-04-08,221.49,593544.47
PO06320,MAT1026,SUP015,2025-06-15,514.14,1533623.06
PO06321,MAT0351,SUP204,2026-03-14,149.84,249383.21
PO06322,MAT0157,SUP415,2025-03-27,746.2,2308645.79
PO06323,MAT1387,SUP457,2026-05-31,494.28,609743.81
PO06324,MAT0268,SUP152,2025-06-09,165.16,649049.07
PO06325,MAT0640,SUP486,2026-07-18,253.72,295997.36
PO06326,MAT1875,SUP052,2026-08-04,900.89,1599890.55
PO06327,MAT0830,SUP234,2025-11-26,448.23,1394990.37
PO06328,MAT0849,SUP237,2026-04-17,440.8,1669953.17
PO06329,MAT0657,SUP286,2026-05-11,122.77,319794.98
PO06330,MAT0622,SUP205,2025-01-28,365.4,804146.74
PO06331,MAT1946,SUP393,2026-08-02,518.71,2542654.17
PO06332,MAT0381,SUP182,2026-04-08,492.45,1838729.51
PO06333,MAT0464,SUP476,2026-03-29,647.03,372281.65
PO06334,MAT1177,SUP326,2025-12-21,851.94,4167017.45
PO06335,MAT1879,SUP253,2025-03-24,379.43,387633.28
PO06336,MAT0869,SUP061,2025-07-21,65.91,17416.06
PO06337,MAT0235,SUP488,2025-10-08,324.62,794932.7
PO06338,MAT0823,SUP058,2025-01-11,810.78,2032487.63
PO06339,MAT1640,SUP487,2025-07-01,15.82,67914.15
PO06340,MAT0398,SUP025,2026-01-22,744.98,1574172.54
PO06341,MAT1945,SUP357,2026-06-18,251.6,424232.82
PO06342,MAT1400,SUP169,2026-05-22,559.4,906541.26
PO06343,MAT0586,SUP360,2025-02-05,888.18,3524085.08
PO06344,MAT0327,SUP163,2025-11-14,641.57,733590.39
PO06345,MAT0946,SUP098,2025-02-26,178.4,263213.14
PO06346,MAT1925,SUP173,2025-11-20,507.97,2277793.36
PO06347,MAT1538,SUP184,2026-04-09,763.62,3273188.4
PO06348,MAT0563,SUP247,2025-02-18,245.36,288123.79
PO06349,MAT1024,SUP172,2025-02-18,279.48,1017094.8
PO06350,MAT0038,SUP448,2025-07-30,280.41,476736.26
PO06351,MAT1094,SUP317,2026-04-16,682.63,821818.26
PO06352,MAT1376,SUP412,2025-11-01,629.18,2045401.26
PO06353,MAT0018,SUP168,2026-07-04,713.87,63006.17
PO06354,MAT1258,SUP429,2025-05-30,247.69,673211.51
PO06355,MAT0400,SUP340,2026-03-11,546.29,757370.99
PO06356,MAT0070,SUP309,2025-04-09,54.21,149082.92
PO06357,MAT1296,SUP064,2025-09-07,831.8,70045.88
PO06358,MAT1041,SUP480,2025-05-16,451.94,2011508.11
PO06359,MAT0837,SUP497,2025-03-15,57.98,194296.2
PO06360,MAT0503,SUP311,2025-11-18,109.13,101298.83
PO06361,MAT0821,SUP189,2025-09-08,288.01,282926.62
PO06362,MAT0591,SUP272,2025-03-03,109.54,249143.25
PO06363,MAT0724,SUP032,2025-11-14,168.09,758139.69
PO06364,MAT0398,SUP025,2025-01-03,107.55,227257.45
PO06365,MAT0623,SUP102,2026-07-03,660.96,1326434.36
PO06366,MAT1429,SUP373,2025-06-23,368.05,752824.19
PO06367,MAT0280,SUP140,2025-08-30,182.07,66668.57
PO06368,MAT0540,SUP186,2026-07-18,742.83,3206143.42
PO06369,MAT1190,SUP147,2025-03-20,882.67,2002725.27
PO06370,MAT0314,SUP030,2026-02-01,527.74,1409429.94
PO06371,MAT0212,SUP014,2026-02-25,230.04,1085266.61
PO06372,MAT1447,SUP382,2025-01-10,245.18,541482.48
PO06373,MAT1160,SUP439,2026-08-02,679.97,1369146.79
PO06374,MAT1610,SUP376,2025-03-30,652.03,1200589.36
PO06375,MAT1078,SUP421,2026-05-06,990.45,593467.74
PO06376,MAT1608,SUP138,2026-01-25,604.23,2530660.26
PO06377,MAT1718,SUP396,2026-04-23,751.6,1710551.41
PO06378,MAT1471,SUP299,2025-11-10,651.54,419272.51
PO06379,MAT1829,SUP171,2026-03-15,487.32,2024663.53
PO06380,MAT1635,SUP260,2025-02-17,52.31,74109.15
PO06381,MAT1630,SUP307,2025-12-29,138.11,663106.16
PO06382,MAT1722,SUP072,2025-09-21,701.76,2073532.38
PO06383,MAT1622,SUP459,2025-04-13,782.74,2338897.57
PO06384,MAT1043,SUP159,2026-05-01,914.19,2092809.46
PO06385,MAT0555,SUP086,2026-04-13,123.0,526237.05
PO06386,MAT1854,SUP395,2025-09-05,276.3,1279409.91
PO06387,MAT1199,SUP084,2026-01-09,872.65,3339291.22
PO06388,MAT1508,SUP495,2025-01-29,796.51,2499281.11
PO06389,MAT0181,SUP234,2026-06-30,839.57,293203.03
PO06390,MAT1549,SUP348,2025-11-25,113.16,131968.32
PO06391,MAT1043,SUP159,2025-08-10,464.19,1062646.96
PO06392,MAT1161,SUP168,2026-06-26,377.6,924953.86
PO06393,MAT1990,SUP201,2025-04-23,883.33,713580.47
PO06394,MAT0913,SUP415,2026-08-22,755.94,3228793.61
PO06395,MAT1899,SUP070,2025-09-29,800.56,41428.98
PO06396,MAT1654,SUP468,2025-11-08,368.19,1416010.88
PO06397,MAT1003,SUP089,2026-01-08,426.11,351008.11
PO06398,MAT0039,SUP496,2026-04-29,150.35,103487.41
PO06399,MAT0563,SUP247,2026-02-09,350.68,411800.02
PO06400,MAT1530,SUP475,2026-02-03,824.48,1265263.5
PO06401,MAT1417,SUP499,2025-07-10,458.98,280542.35
PO06402,MAT0664,SUP314,2026-05-26,87.46,168313.27
PO06403,MAT1027,SUP057,2026-03-26,451.69,1904252.77
PO06404,MAT1251,SUP124,2025-04-30,691.22,1706414.81
PO06405,MAT1337,SUP105,2026-05-29,505.47,1601081.28
PO06406,MAT1584,SUP466,2025-05-25,847.99,3209362.31
PO06407,MAT0046,SUP120,2025-09-04,588.81,726520.88
PO06408,MAT0584,SUP080,2026-02-15,115.49,446420.82
PO06409,MAT1320,SUP317,2026-02-16,767.26,1183352.77
PO06410,MAT0039,SUP496,2026-01-26,924.43,636294.41
PO06411,MAT0107,SUP198,2026-03-28,548.46,1250077.46
PO06412,MAT0631,SUP268,2025-01-26,-74.0,1047225.96
PO06413,MAT0729,SUP337,2026-05-22,215.4,1050318.4
PO06414,MAT1217,SUP419,2025-04-11,203.64,958718.79
PO06415,MAT1828,SUP478,2026-06-22,483.05,1152707.05
PO06416,MAT0659,SUP151,2025-10-21,824.93,3794026.31
PO06417,MAT1255,SUP093,2025-02-17,174.21,426248.32
PO06418,MAT1265,SUP340,2025-05-24,225.24,275614.93
PO06419,MAT1975,SUP328,2025-10-23,670.54,85279.28
PO06420,MAT1659,SUP324,2025-03-12,308.91,67095.25
PO06421,MAT1199,SUP084,2026-02-05,886.89,3393782.14
PO06422,MAT1030,SUP154,2025-06-30,499.3,1673289.11
PO06423,MAT1161,SUP168,2025-07-29,730.25,1788791.19
PO06424,MAT1601,SUP168,2025-01-01,303.89,1200793.98
PO06425,MAT1271,SUP195,2025-04-24,80.9,390090.9
PO06426,MAT1954,SUP032,2026-04-14,421.93,144624.95
PO06427,MAT0019,SUP273,2025-04-10,687.36,1736477.57
PO06428,MAT1221,SUP002,2025-06-28,629.95,83354.98
PO06429,MAT0125,SUP022,2025-04-15,380.85,1820005.98
PO06430,MAT0871,SUP047,2025-10-30,516.25,2187356.41
PO06431,MAT0101,SUP479,2025-04-26,604.96,2189707.17
PO06432,MAT1230,SUP478,2026-06-29,739.75,2843132.96
PO06433,MAT1094,SUP317,2025-08-01,888.3,1069424.37
PO06434,MAT0020,SUP224,2026-03-02,269.31,626355.81
PO06435,MAT0951,SUP377,2025-01-28,843.3,1111739.26
PO06436,MAT0378,SUP372,2026-02-02,320.06,1103333.24
PO06437,MAT1274,SUP051,2026-07-06,977.19,4786716.36
PO06438,MAT1376,SUP412,2026-02-01,597.22,1941502.5
PO06439,MAT1102,SUP301,2026-05-10,927.7,309592.04
PO06440,MAT0780,SUP167,2025-08-10,383.63,1872294.71
PO06441,MAT0471,SUP437,2026-07-27,781.62,3333116.88
PO06442,MAT1160,SUP439,2025-08-25,12.96,26095.48
PO06443,MAT1178,SUP312,2025-10-12,545.87,1240276.69
PO06444,MAT0412,SUP483,2026-05-14,686.08,386523.75
PO06445,MAT0574,SUP078,2025-08-22,407.55,1016111.81
PO06446,MAT0615,SUP423,2025-08-21,693.19,2846654.05
PO06447,MAT1309,SUP206,2025-03-22,767.85,1079305.32
PO06448,MAT0944,SUP046,2026-08-14,975.77,870494.17
PO06449,MAT0997,SUP010,2025-05-29,781.67,2269344.34
PO06450,MAT1275,SUP090,2025-04-27,664.71,2429661.29
PO06451,MAT0542,SUP218,2025-06-21,487.73,1036187.26
PO06452,MAT0332,SUP193,2025-03-01,389.47,1617309.23
PO06453,MAT0813,SUP017,2025-08-17,287.36,620186.1
PO06454,MAT0977,SUP048,2025-02-14,908.76,2354633.51
PO06455,MAT0293,SUP023,2025-02-21,383.35,1721843.36
PO06456,MAT1627,SUP146,2025-05-29,583.22,371411.99
PO06457,MAT1527,SUP155,2025-03-25,547.78,1977348.86
PO06458,MAT0882,SUP074,2025-06-24,137.0,278533.33
PO06459,MAT1879,SUP253,2025-06-10,287.96,294185.7
PO06460,MAT1719,SUP276,2025-05-08,523.41,571971.98
PO06461,MAT1349,SUP001,2025-01-21,96.63,16311.14
PO06462,MAT1338,SUP374,2025-04-27,451.89,847189.82
PO06463,MAT0821,SUP189,2026-08-21,774.95,761272.13
PO06464,MAT0200,SUP096,2026-02-15,655.48,1489106.35
PO06465,MAT0815,SUP057,2026-05-07,341.32,634742.56
PO06466,MAT0502,SUP194,2026-04-04,530.56,373758.3
PO06467,MAT0387,SUP232,2026-06-18,659.61,716626.69
PO06468,MAT0031,SUP426,2026-08-14,482.29,207297.89
PO06469,MAT1111,SUP369,2025-10-19,585.82,1014698.82
PO06470,MAT1084,SUP265,2026-04-05,628.04,2778963.95
PO06471,MAT0065,SUP023,2025-02-28,322.57,1430488.28
PO06472,MAT1453,SUP016,2025-05-19,115.39,108527.76
PO06473,MAT1023,SUP455,2025-05-08,119.28,463788.07
PO06474,MAT0814,SUP318,2026-07-14,855.13,3157157.06
PO06475,MAT0653,SUP091,2025-12-10,987.97,4290052.25
PO06476,MAT1580,SUP429,2025-12-31,521.62,723998.13
PO06477,MAT1868,SUP266,2025-04-08,557.36,414726.0
PO06478,MAT1699,SUP478,2026-07-02,666.28,679199.17
PO06479,MAT1149,SUP222,2025-01-10,438.34,366439.09
PO06480,MAT1988,SUP393,2026-05-20,219.15,844674.23
PO06481,MAT0231,SUP161,2025-11-17,412.32,507537.06
PO06482,MAT0578,SUP395,2025-09-07,103.77,132145.91
PO06483,MAT0355,SUP293,2026-02-22,208.12,497735.63
PO06484,MAT1668,SUP289,2025-04-07,176.48,570374.54
PO06485,MAT1033,SUP032,2026-04-18,981.26,4364762.23
PO06486,MAT1501,SUP211,2026-01-11,834.48,2765358.24
PO06487,MAT1093,SUP347,2026-04-05,819.8,2310466.93
PO06488,MAT1384,SUP301,2026-03-01,112.32,166917.63
PO06489,MAT0683,SUP328,2025-11-09,612.71,2123395.52
PO06490,MAT1641,SUP252,2025-08-12,493.12,1516605.35
PO06491,MAT0912,SUP442,2026-07-29,512.05,1487694.71
PO06492,MAT0245,SUP144,2025-04-01,578.22,1570965.92
PO06493,MAT1581,SUP031,2025-08-05,530.3,2269758.24
PO06494,MAT0574,SUP078,2026-08-18,888.19,2214453.07
PO06495,MAT1603,SUP477,2025-02-24,398.04,1816563.01
PO06496,MAT0462,SUP231,2025-06-20,700.72,1537008.3
PO06497,MAT0602,SUP372,2025-04-27,765.97,2054117.07
PO06498,MAT0641,SUP374,2025-01-14,504.6,1325861.73
PO06499,MAT1192,SUP259,2026-03-13,991.2,3655436.57
PO06500,MAT0926,SUP226,2025-12-23,196.64,257364.4
PO06501,MAT0507,SUP069,2025-06-25,123.77,298514.67
PO06502,MAT1477,SUP175,2025-08-16,804.45,3281576.8
PO06503,MAT1767,SUP216,2025-07-19,427.38,716853.02
PO06504,MAT1210,SUP250,2025-05-04,804.31,2041290.52
PO06505,MAT0430,SUP235,2025-09-05,86.11,411876.19
PO06506,MAT1368,SUP392,2026-06-24,336.13,798423.03
PO06507,MAT0181,SUP234,2026-08-16,46.26,16155.38
PO06508,MAT0160,SUP149,2025-02-16,317.37,1297452.99
PO06509,MAT1597,SUP284,2025-02-27,250.25,87842.75
PO06510,MAT1711,SUP239,2025-06-17,605.36,2535683.54
PO06511,MAT1407,SUP459,2025-10-30,377.86,658606.2
PO06512,MAT0089,SUP085,2025-12-07,508.49,837569.47
PO06513,MAT1185,SUP411,2025-12-16,697.9,2135511.19
PO06514,MAT0187,SUP194,2025-08-29,683.28,1644128.83
PO06515,MAT0600,SUP407,2026-08-24,552.68,2280926.94
PO06516,MAT1978,SUP343,2025-05-07,161.62,713654.12
PO06517,MAT0090,SUP129,2025-10-13,999.2,3190975.18
PO06518,MAT0351,SUP204,2025-08-12,607.72,1011446.63
PO06519,MAT1831,SUP182,2025-06-07,154.04,751126.77
PO06520,MAT0159,SUP206,2025-11-26,779.42,943082.61
PO06521,MAT1091,SUP499,2025-12-17,114.78,526580.8
PO06522,MAT1155,SUP358,2025-10-06,79.04,41329.23
PO06523,MAT0644,SUP159,2025-07-08,329.44,1499722.89
PO06524,MAT0227,SUP003,2025-03-10,633.06,676506.91
PO06525,MAT1538,SUP184,2025-09-18,833.75,3573794.34
PO06526,MAT0830,SUP234,2026-03-08,899.05,2798041.39
PO06527,MAT0242,SUP442,2025-04-19,820.71,1824766.61
PO06528,MAT1799,SUP325,2025-07-06,709.6,1704927.54
PO06529,MAT1728,SUP391,2026-02-20,812.99,474688.6
PO06530,MAT0516,SUP475,2025-05-05,699.25,1541930.16
PO06531,MAT0961,SUP224,2026-02-09,240.94,1198977.68
PO06532,MAT0892,SUP231,2025-09-25,364.43,1556746.56
PO06533,MAT0392,SUP197,2025-04-11,826.57,2449887.35
PO06534,MAT1783,SUP167,2026-07-23,259.17,333606.22
PO06535,MAT1570,SUP212,2025-08-28,102.88,294426.1
PO06536,MAT1760,SUP095,2026-02-03,225.45,816555.1
PO06537,MAT0526,SUP495,2025-02-23,607.08,1722698.77
PO06538,MAT0518,SUP030,2025-01-09,895.81,2884006.55
PO06539,MAT1149,SUP222,2026-04-27,601.84,503120.18
PO06540,MAT0675,SUP189,2026-06-18,664.86,2732780.71
PO06541,MAT0130,SUP245,2025-12-12,777.42,2947790.06
PO06542,MAT0886,SUP394,2025-02-17,654.11,382510.45
PO06543,MAT1257,SUP202,2026-03-15,698.81,2862633.24
PO06544,MAT1506,SUP063,2025-11-10,368.74,1470129.51
PO06545,MAT1753,SUP393,2026-08-17,543.0,1485979.23
PO06546,MAT0226,SUP378,2025-05-19,633.34,2800205.14
PO06547,MAT0619,SUP258,2025-02-02,566.78,458145.28
PO06548,MAT0553,SUP117,2025-06-30,705.59,1142032.69
PO06549,MAT0551,SUP315,2026-04-17,488.62,1146092.41
PO06550,MAT1562,SUP413,2025-07-12,335.34,1517882.98
PO06551,MAT1256,SUP167,2025-04-06,424.35,1520509.7
PO06552,MAT0980,SUP292,2026-06-05,73.73,204779.18
PO06553,MAT0647,SUP382,2025-07-31,223.63,179393.75
PO06554,MAT0628,SUP388,2026-04-27,200.19,121363.19
PO06555,MAT1162,SUP072,2026-03-16,458.29,1884080.6
PO06556,MAT0778,SUP313,2026-05-05,695.49,2910618.7
PO06557,MAT1293,SUP435,2025-05-04,484.03,161961.28
PO06558,MAT1345,SUP278,2025-08-20,709.55,3030466.76
PO06559,MAT1215,SUP109,2025-01-12,709.28,2815373.48
PO06560,MAT0657,SUP286,2025-07-04,312.57,814191.71
PO06561,MAT0240,SUP422,2025-06-25,649.88,2477355.56
PO06562,MAT1109,SUP059,2025-10-04,103.12,153478.65
PO06563,MAT0205,SUP154,2026-06-22,880.76,3456278.39
PO06564,MAT0120,SUP490,2025-08-24,812.65,1889679.42
PO06565,MAT1898,SUP152,2025-03-04,417.68,1883628.2
PO06566,MAT0427,SUP024,2025-09-09,192.98,480035.82
PO06567,MAT1351,SUP057,2025-08-29,439.54,243324.95
PO06568,MAT1656,SUP149,2025-11-12,902.77,4114590.94
PO06569,MAT0251,SUP298,2025-04-07,892.64,3883956.98
PO06570,MAT1923,SUP425,2025-04-13,652.33,359714.33
PO06571,MAT1447,SUP382,2025-11-14,297.29,656567.94
PO06572,MAT1548,SUP069,2025-06-22,303.57,851368.14
PO06573,MAT0415,SUP134,2026-07-21,873.89,97159.09
PO06574,MAT0102,SUP240,2025-10-05,163.75,720732.52
PO06575,MAT1935,SUP435,2025-02-01,165.77,484948.53
PO06576,MAT0749,SUP243,2025-10-14,252.2,193813.18
PO06577,MAT0073,SUP328,2026-01-12,17.25,7270.01
PO06578,MAT0547,SUP354,2025-11-12,444.83,154436.08
PO06579,MAT1935,SUP435,2025-12-26,704.54,2061082.45
PO06580,MAT1573,SUP337,2025-04-04,126.84,418587.22
PO06581,MAT1891,SUP425,2026-06-12,431.54,278502.97
PO06582,MAT1627,SUP146,2025-03-08,980.08,624144.35
PO06583,MAT1954,SUP032,2026-03-03,989.8,339273.75
PO06584,MAT1287,SUP366,2025-01-09,616.56,2175118.86
PO06585,MAT1417,SUP499,2026-08-13,292.16,178576.96
PO06586,MAT0358,SUP173,2025-11-13,500.04,794663.57
PO06587,MAT0636,SUP249,2025-07-17,624.79,1675205.69
PO06588,MAT0010,SUP004,2025-03-08,898.28,3912745.99
PO06589,MAT1431,SUP402,2026-04-24,48.54,204984.42
PO06590,MAT0413,SUP313,2025-11-15,832.51,3252500.02
PO06591,MAT1620,SUP467,2025-05-18,307.08,974248.15
PO06592,MAT0866,SUP353,2025-11-29,990.22,1556398.09
PO06593,MAT1234,SUP437,2025-02-27,513.49,2450702.91
PO06594,MAT1063,SUP232,2025-07-03,391.69,21527.28
PO06595,MAT0557,SUP028,2025-03-19,670.72,2593084.01
PO06596,MAT1886,SUP208,2025-03-14,36.89,183116.8
PO06597,MAT0155,SUP153,2025-07-24,325.12,1100147.56
PO06598,MAT1563,SUP307,2025-11-24,620.34,2884798.12
PO06599,MAT0584,SUP080,2025-07-05,751.86,2906277.24
PO06600,MAT1346,SUP389,2025-06-29,44.88,200493.77
PO06601,MAT1061,SUP334,2025-06-28,249.44,388585.12
PO06602,MAT0289,SUP125,2026-01-27,714.01,1337305.03
PO06603,MAT1829,SUP171,2026-03-20,587.26,2439883.25
PO06604,MAT1159,SUP023,2026-03-10,603.95,110069.89
PO06605,MAT1127,SUP222,2025-06-21,574.15,1073189.7
PO06606,MAT0833,SUP106,2025-08-28,239.4,849946.61
PO06607,MAT0971,SUP281,2026-01-28,102.34,198323.66
PO06608,MAT1446,SUP138,2025-09-14,101.94,248101.57
PO06609,MAT1556,SUP115,2025-03-08,628.86,2902346.12
PO06610,MAT1351,SUP057,2026-07-09,784.61,434352.25
PO06611,MAT0968,SUP426,2025-07-16,612.74,1407813.04
PO06612,MAT1488,SUP028,2025-01-17,837.42,2426332.33
PO06613,MAT0191,SUP476,2025-08-25,785.61,100173.13
PO06614,MAT0889,SUP320,2025-11-09,135.55,516831.82
PO06615,MAT0428,SUP101,2025-06-02,301.12,195032.41
PO06616,MAT0825,SUP378,2026-01-23,430.39,642576.57
PO06617,MAT1388,SUP291,2025-07-01,517.26,275265.08
PO06618,MAT1036,SUP074,2025-07-12,277.46,188467.48
PO06619,MAT0771,SUP357,2025-07-15,209.56,940396.31
PO06620,MAT1353,SUP220,2025-11-04,677.8,1157329.94
PO06621,MAT0938,SUP081,2026-07-06,608.46,1585652.84
PO06622,MAT0395,SUP486,2025-09-01,264.78,38305.72
PO06623,MAT1789,SUP370,2026-04-29,377.22,31712.89
PO06624,MAT0764,SUP037,2026-06-24,387.44,1414679.04
PO06625,MAT0817,SUP123,2025-09-18,734.34,449496.86
PO06626,MAT0688,SUP476,2026-06-04,440.31,1842155.77
PO06627,MAT0084,SUP294,2026-01-06,813.82,1923593.78
PO06628,MAT1790,SUP037,2025-06-29,291.44,1395997.6
PO06629,MAT1556,SUP115,2026-07-30,184.83,853036.66
PO06630,MAT0831,SUP499,2025-05-17,558.94,2350169.43
PO06631,MAT0266,SUP142,2025-12-18,30.62,39145.53
PO06632,MAT0874,SUP088,2025-10-03,212.16,15154.59
PO06633,MAT0040,SUP417,2025-01-23,581.84,1959101.83
PO06634,MAT1240,SUP435,2025-12-22,171.46,414504.55
PO06635,MAT0860,SUP274,2026-07-27,637.27,1141076.54
PO06636,MAT1738,SUP202,2026-06-20,808.89,327357.78
PO06637,MAT0705,SUP067,2026-01-18,612.69,1458287.98
PO06638,MAT1608,SUP138,2026-05-07,845.09,3539439.74
PO06639,MAT0034,SUP366,2025-01-09,256.25,652802.0
PO06640,MAT0184,SUP269,2026-03-14,808.6,1004928.08
PO06641,MAT1513,SUP113,2026-03-09,290.55,695062.43
PO06642,MAT1514,SUP205,2025-08-03,329.49,1472991.63
PO06643,MAT0413,SUP313,2025-04-09,841.11,3286099.01
PO06644,MAT0277,SUP342,2026-04-27,410.81,263427.8
PO06645,MAT0081,SUP045,2025-02-15,266.03,892746.13
PO06646,MAT1568,SUP225,2025-05-08,804.54,3613092.6
PO06647,MAT1338,SUP374,2026-06-20,209.4,392576.84
PO06648,MAT1635,SUP260,2025-02-08,764.4,1082948.41
PO06649,MAT1474,SUP393,2025-12-15,281.23,1004367.95
PO06650,MAT0410,SUP094,2026-07-18,513.57,1044524.34
PO06651,MAT0795,SUP459,2026-04-12,220.14,797115.93
PO06652,MAT0434,SUP312,2025-10-09,986.1,1384780.23
PO06653,MAT1762,SUP192,2026-02-16,670.29,1602629.88
PO06654,MAT1075,SUP114,2026-06-13,963.24,3664338.34
PO06655,MAT1786,SUP166,2026-03-17,455.47,683323.42
PO06656,MAT0837,SUP497,2026-07-06,615.18,2061523.55
PO06657,MAT0713,SUP419,2025-09-22,462.42,769032.21
PO06658,MAT0419,SUP385,2026-02-23,703.79,1152202.76
PO06659,MAT1588,SUP382,2026-04-14,703.28,494244.09
PO06660,MAT0768,SUP291,2025-01-23,873.46,4086447.67
PO06661,MAT1906,SUP381,2026-03-20,588.4,1352802.21
PO06662,MAT1965,SUP047,2025-03-29,847.82,3869230.05
PO06663,MAT0923,SUP341,2026-03-27,909.1,4319034.1
PO06664,MAT0656,SUP234,2025-03-24,36.05,158440.11
PO06665,MAT1408,SUP483,2025-08-09,800.44,1948310.98
PO06666,MAT1438,SUP048,2025-09-24,798.16,1992614.42
PO06667,MAT1628,SUP454,2026-04-04,111.6,164941.45
PO06668,MAT0376,SUP207,2026-02-06,485.63,1660728.34
PO06669,MAT1648,SUP015,2026-01-03,424.64,584398.06
PO06670,MAT0102,SUP240,2025-11-30,10.05,44234.27
PO06671,MAT0870,SUP472,2025-12-13,85.81,91536.96
PO06672,MAT0417,SUP247,2026-06-02,428.15,1428038.67
PO06673,MAT0069,SUP474,2025-01-21,689.36,944609.33
PO06674,MAT1813,SUP107,2026-01-29,496.48,624328.56
PO06675,MAT1189,SUP085,2025-10-27,268.15,338507.2
PO06676,MAT1108,SUP095,2025-07-05,212.37,392022.28
PO06677,MAT0329,SUP229,2025-08-01,969.96,1321861.49
PO06678,MAT1801,SUP436,2026-01-12,614.59,1805044.68
PO06679,MAT1740,SUP257,2026-03-22,579.73,1781104.48
PO06680,MAT0173,SUP134,2025-12-02,28.46,73667.0
PO06681,MAT0694,SUP468,2025-10-12,330.96,743561.21
PO06682,MAT0161,SUP155,2025-01-18,649.26,3200325.9
PO06683,MAT0337,SUP210,2026-02-23,414.44,1501967.86
PO06684,MAT1584,SUP466,2026-08-14,793.08,3001546.08
PO06685,MAT1332,SUP333,2025-08-23,489.63,1557894.94
PO06686,MAT0820,SUP364,2025-11-15,55.11,187794.49
PO06687,MAT1765,SUP237,2025-09-28,902.23,3574436.77
PO06688,MAT0476,SUP161,2026-07-29,440.29,1734311.12
PO06689,MAT1313,SUP365,2026-04-28,833.12,1060136.87
PO06690,MAT0328,SUP170,2026-07-04,591.95,726961.96
PO06691,MAT0758,SUP130,2025-12-06,803.52,1897456.23
PO06692,MAT0539,SUP353,2025-05-08,307.66,33384.19
PO06693,MAT1163,SUP052,2025-02-04,846.04,1274153.16
PO06694,MAT1438,SUP048,2025-12-05,65.14,162622.66
PO06695,MAT1070,SUP468,2025-09-04,543.53,1766412.71
PO06696,MAT0243,SUP353,2026-05-18,433.55,1869549.97
PO06697,MAT0721,SUP273,2025-06-26,758.01,1501170.58
PO06698,MAT0819,SUP033,2025-11-05,519.02,912888.71
PO06699,MAT1287,SUP366,2025-03-15,632.89,2232728.33
PO06700,MAT1364,SUP424,2025-09-13,522.13,170496.33
PO06701,MAT0052,SUP203,2025-10-22,577.24,1097396.74
PO06702,MAT0565,SUP147,2026-02-21,860.86,2323237.32
PO06703,MAT0937,SUP206,2025-02-23,674.46,2131340.81
PO06704,MAT0681,SUP100,2025-07-20,329.85,209497.63
PO06705,MAT1840,SUP046,2025-12-26,228.53,288832.21
PO06706,MAT1336,SUP446,2025-03-28,31.52,87526.31
PO06707,MAT1849,SUP333,2025-03-23,851.65,3212372.7
PO06708,MAT0962,SUP364,2025-05-25,444.88,1090730.09
PO06709,MAT0868,SUP056,2026-08-15,383.6,1525047.83
PO06710,MAT0092,SUP338,2025-12-08,93.22,337188.86
PO06711,MAT0587,SUP286,2025-08-02,11.52,46510.27
PO06712,MAT1489,SUP116,2025-10-29,646.27,2270081.54
PO06713,MAT1317,SUP381,2026-05-31,861.06,2297196.14
PO06714,MAT0016,SUP250,2025-05-31,907.49,3042187.8
PO06715,MAT1357,SUP219,2026-05-17,465.07,356294.78
PO06716,MAT1026,SUP015,2026-06-21,382.29,1140329.02
PO06717,MAT1034,SUP190,2026-05-02,58.28,119102.76
PO06718,MAT1199,SUP084,2025-08-10,393.42,1505464.91
PO06719,MAT1982,SUP082,2026-03-01,155.21,58852.53
PO06720,MAT0839,SUP013,2025-07-18,749.88,2329674.69
PO06721,MAT0681,SUP100,2025-08-09,261.19,165889.6
PO06722,MAT0934,SUP475,2025-10-16,219.17,789244.32
PO06723,MAT1644,SUP408,2025-09-22,408.94,1230631.32
PO06724,MAT1140,SUP012,2026-01-22,749.74,2952116.24
PO06725,MAT1243,SUP201,2025-09-08,240.3,514499.12
PO06726,MAT1649,SUP396,2026-07-05,81.22,109236.84
PO06727,MAT0453,SUP112,2025-06-04,204.21,546459.83
PO06728,MAT0945,SUP223,2026-01-15,445.35,1845940.12
PO06729,MAT0594,SUP350,2026-03-08,97.89,375934.8
PO06730,MAT0491,SUP419,2025-02-18,454.01,1116846.44
PO06731,MAT1592,SUP009,2025-08-14,839.82,78867.5
PO06732,MAT1759,SUP263,2026-04-03,308.44,531127.51
PO06733,MAT1113,SUP336,2026-01-01,466.37,804488.25
PO06734,MAT0668,SUP235,2026-03-15,181.33,776868.49
PO06735,MAT0049,SUP448,2026-02-28,891.29,2491137.72
PO06736,MAT1357,SUP219,2026-02-02,252.55,193481.08
PO06737,MAT0919,SUP140,2026-02-06,450.05,87422.21
PO06738,MAT1460,SUP216,2025-11-17,699.65,464749.51
PO06739,MAT0825,SUP378,2026-06-06,618.11,922844.41
PO06740,MAT0433,SUP337,2026-07-22,915.68,2793281.84
PO06741,MAT1272,SUP273,2026-05-16,815.58,2802088.21
PO06742,MAT0517,SUP041,2025-09-29,785.72,186129.21
PO06743,MAT1916,SUP178,2026-01-19,617.14,2634292.95
PO06744,MAT0750,SUP196,2025-10-21,653.56,3144100.7
PO06745,MAT1197,SUP208,2025-10-20,840.92,3956032.46
PO06746,MAT0404,SUP121,2025-12-09,146.95,16621.51
PO06747,MAT1276,SUP271,2025-12-29,849.96,2989521.81
PO06748,MAT1917,SUP417,2026-04-02,752.41,2529519.65
PO06749,MAT0387,SUP232,2025-09-17,879.4,955415.34
PO06750,MAT0710,SUP201,2025-01-29,962.68,3381981.48
PO06751,MAT1088,SUP222,2025-09-03,481.44,1436149.96
PO06752,MAT0944,SUP046,2026-04-22,425.69,379762.31
PO06753,MAT1515,SUP289,2026-05-02,288.58,984251.15
PO06754,MAT0254,SUP458,2025-09-29,873.4,242298.63
PO06755,MAT1251,SUP124,2025-01-24,958.71,2366767.38
PO06756,MAT1360,SUP275,2026-05-07,427.04,834393.46
PO06757,MAT0882,SUP074,2025-12-30,89.71,182388.5
PO06758,MAT1673,SUP407,2026-04-01,357.22,982590.77
PO06759,MAT0114,SUP299,2025-11-02,97.38,388929.88
PO06760,MAT1283,SUP209,2025-11-21,756.84,3204437.85
PO06761,MAT1665,SUP146,2025-08-01,655.22,1675816.88
PO06762,MAT1549,SUP348,2025-08-01,68.8,80235.25
PO06763,MAT1153,SUP331,2025-03-01,790.88,1397144.88
PO06764,MAT0600,SUP407,2025-02-17,575.27,2374156.55
PO06765,MAT0300,SUP081,2025-10-12,741.09,3068564.66
PO06766,MAT1415,SUP417,2026-02-23,378.87,49309.93
PO06767,MAT1565,SUP221,2026-01-01,728.71,1130899.62
PO06768,MAT0584,SUP080,2025-06-03,249.75,965396.14
PO06769,MAT1532,SUP326,2025-10-25,725.13,699605.42
PO06770,MAT1213,SUP194,2025-12-18,251.72,357434.85
PO06771,MAT1166,SUP429,2025-12-08,658.15,2121224.03
PO06772,MAT0266,SUP142,2026-03-09,371.8,475320.27
PO06773,MAT0413,SUP313,2025-12-17,954.29,3728277.43
PO06774,MAT1234,SUP437,2025-07-25,866.27,4134394.85
PO06775,MAT1206,SUP386,2025-05-14,942.07,556678.58
PO06776,MAT1276,SUP271,2026-03-17,984.01,3461009.17
PO06777,MAT0637,SUP475,2025-01-14,863.08,212982.25
PO06778,MAT1826,SUP393,2025-02-07,267.63,1054400.65
PO06779,MAT0959,SUP392,2025-01-30,856.91,2399853.58
PO06780,MAT1903,SUP072,2026-08-08,739.49,488936.0
PO06781,MAT0499,SUP311,2025-03-13,69.33,301110.59
PO06782,MAT1932,SUP427,2025-09-09,816.78,1032810.14
PO06783,MAT1328,SUP234,2026-08-22,989.7,3516780.19
PO06784,MAT1058,SUP261,2026-01-06,826.23,1616097.62
PO06785,MAT1503,SUP100,2025-03-21,87.88,282246.83
PO06786,MAT0299,SUP184,2026-05-29,572.02,1308204.02
PO06787,MAT1954,SUP032,2026-02-13,835.21,286284.93
PO06788,MAT1799,SUP325,2025-03-24,95.9,230415.09
PO06789,MAT0076,SUP486,2025-04-15,686.02,1297586.25
PO06790,MAT1890,SUP329,2025-11-22,507.36,2448280.9
PO06791,MAT0377,SUP465,2026-04-04,789.68,1621023.52
PO06792,MAT1389,SUP445,2025-10-11,407.78,1027450.64
PO06793,MAT1132,SUP468,2025-03-20,318.84,29409.8
PO06794,MAT0563,SUP247,2025-11-10,475.68,558586.27
PO06795,MAT0896,SUP029,2026-03-12,924.08,1251010.26
PO06796,MAT0395,SUP486,2026-06-07,646.41,93516.13
PO06797,MAT0747,SUP329,2026-02-23,516.01,1955497.3
PO06798,MAT0620,SUP222,2025-01-01,287.86,1134893.81
PO06799,MAT0622,SUP205,2026-04-18,735.75,1619187.1
PO06800,MAT1192,SUP259,2026-02-26,405.9,1496914.55
PO06801,MAT1450,SUP306,2026-01-28,552.08,2257272.93
PO06802,MAT1906,SUP381,2025-05-31,711.09,1634881.24
PO06803,MAT1361,SUP121,2025-01-17,742.97,47691.24
PO06804,MAT0265,SUP302,2025-05-17,375.17,671591.82
PO06805,MAT0992,SUP463,2025-12-18,978.17,3626046.84
PO06806,MAT1669,SUP288,2026-08-24,381.18,410923.48
PO06807,MAT0703,SUP164,2026-06-24,645.48,484568.29
PO06808,MAT1716,SUP116,2025-03-11,283.46,396946.05
PO06809,MAT1865,SUP182,2025-06-18,704.37,3332635.09
PO06810,MAT1917,SUP417,2025-08-26,13.57,45620.85
PO06811,MAT1710,SUP326,2025-07-04,578.51,919981.31
PO06812,MAT1980,SUP143,2025-07-10,501.42,2052206.76
PO06813,MAT1066,SUP379,2025-10-20,856.81,2430984.17
PO06814,MAT1666,SUP488,2025-11-20,285.46,1091990.12
PO06815,MAT0688,SUP476,2026-05-08,683.61,2860067.01
PO06816,MAT1519,SUP479,2026-07-02,428.11,1013969.97
PO06817,MAT0117,SUP294,2025-06-09,76.41,75980.58
PO06818,MAT0705,SUP067,2025-02-26,361.01,859254.34
PO06819,MAT0255,SUP226,2025-08-10,876.91,46783.15
PO06820,MAT1150,SUP367,2026-06-29,394.66,557824.28
PO06821,MAT1393,SUP206,2025-02-03,315.24,1353057.37
PO06822,MAT0076,SUP486,2025-11-11,456.56,863569.54
PO06823,MAT1943,SUP034,2025-09-07,221.08,634561.5
PO06824,MAT0195,SUP016,2025-04-03,260.8,1024568.45
PO06825,MAT0346,SUP352,2026-05-28,346.19,998737.38
PO06826,MAT0876,SUP218,2025-09-25,460.66,1195661.46
PO06827,MAT1018,SUP162,2025-11-06,-52.0,4072581.88
PO06828,MAT1412,SUP135,2025-01-03,196.1,710925.25
PO06829,MAT0019,SUP273,2025-09-26,289.21,730631.22
PO06830,MAT0478,SUP250,2025-01-18,930.72,547933.48
PO06831,MAT0876,SUP218,2025-06-20,917.16,2380525.47
PO06832,MAT1467,SUP054,2025-08-20,785.26,3387509.56
PO06833,MAT1299,SUP453,2026-05-08,648.69,387780.4
PO06834,MAT0160,SUP149,2026-01-01,992.19,4056211.63
PO06835,MAT0184,SUP269,2026-07-05,916.62,1139175.34
PO06836,MAT1875,SUP052,2026-02-21,419.48,744954.53
PO06837,MAT1840,SUP046,2026-05-24,484.28,612066.96
PO06838,MAT0936,SUP391,2025-04-08,211.75,682851.4
PO06839,MAT1333,SUP136,2025-07-28,919.49,1904539.64
PO06840,MAT0525,SUP151,2025-03-20,510.43,2418279.52
PO06841,MAT1862,SUP482,2025-07-12,18.58,69046.62
PO06842,MAT1315,SUP095,2025-12-30,518.98,2462155.3
PO06843,MAT1147,SUP168,2025-07-20,274.86,545863.71
PO06844,MAT0359,SUP154,2026-03-05,774.72,3007036.94
PO06845,MAT1804,SUP192,2026-07-02,816.57,3538826.57
PO06846,MAT0083,SUP103,2025-12-24,217.94,266287.81
PO06847,MAT0512,SUP283,2026-06-24,778.06,1897081.45
PO06848,MAT0550,SUP182,2026-01-09,641.32,2169136.64
PO06849,MAT0235,SUP488,2025-05-02,494.07,1209883.56
PO06850,MAT0584,SUP080,2025-12-02,350.29,1354028.48
PO06851,MAT0778,SUP313,2025-03-01,810.76,3393022.49
PO06852,MAT0951,SUP377,2026-06-20,310.55,409404.28
PO06853,MAT0330,SUP403,2025-03-19,917.51,3317762.04
PO06854,MAT1256,SUP167,2026-07-22,979.41,3509372.94
PO06855,MAT1888,SUP131,2025-12-05,367.4,1485982.37
PO06856,MAT1814,SUP275,2026-06-16,841.11,1369621.47
PO06857,MAT0115,SUP496,2025-04-24,383.02,1114316.26
PO06858,MAT0340,SUP050,2025-12-20,760.32,816903.01
PO06859,MAT0608,SUP393,2025-07-02,222.98,1033385.2
PO06860,MAT1129,SUP151,2025-07-30,943.04,2440889.29
PO06861,MAT0820,SUP364,2025-04-10,591.72,2016362.82
PO06862,MAT1464,SUP163,2025-11-15,537.17,1091368.29
PO06863,MAT1196,SUP101,2026-08-09,100.78,462061.18
PO06864,MAT1549,SUP348,2025-02-12,735.02,857187.67
PO06865,MAT0673,SUP056,2025-07-20,960.91,4774752.18
PO06866,MAT1188,SUP282,2025-03-08,820.93,1001321.16
PO06867,MAT0382,SUP134,2026-01-30,197.19,296879.4
PO06868,MAT1030,SUP154,2025-05-11,706.54,2367806.31
PO06869,MAT1372,SUP257,2025-06-27,318.64,1134772.63
PO06870,MAT1698,SUP316,2025-06-10,111.77,490408.76
PO06871,MAT0474,SUP036,2026-01-14,578.49,938912.41
PO06872,MAT1644,SUP408,2025-09-05,978.29,2943987.66
PO06873,MAT0038,SUP448,2025-02-23,842.01,1431534.88
PO06874,MAT1448,SUP102,2025-04-15,181.65,873965.38
PO06875,MAT0610,SUP070,2026-06-12,321.25,26509.55
PO06876,MAT1202,SUP234,2026-04-29,905.56,1185133.54
PO06877,MAT0365,SUP204,2025-10-30,99.77,341393.98
PO06878,MAT1903,SUP072,2025-03-31,302.77,200185.47
PO06879,MAT1951,SUP094,2026-02-16,97.24,154652.44
PO06880,MAT1701,SUP140,2025-09-13,93.01,302629.43
PO06881,MAT1868,SUP266,2025-12-31,368.82,274435.27
PO06882,MAT0365,SUP204,2025-02-25,952.75,3260129.48
PO06883,MAT0131,SUP465,2025-11-25,231.22,758142.63
PO06884,MAT1293,SUP435,2025-07-14,68.3,22853.86
PO06885,MAT1666,SUP488,2025-11-11,303.86,1162376.93
PO06886,MAT0477,SUP348,2026-04-06,446.54,1962779.97
PO06887,MAT0397,SUP395,2025-04-01,675.0,2115801.0
PO06888,MAT0767,SUP207,2025-04-13,894.77,2437031.36
PO06889,MAT1503,SUP100,2026-02-22,366.96,1178576.44
PO06890,MAT1385,SUP488,2026-07-17,310.05,1372836.29
PO06891,MAT1008,SUP437,2025-11-17,326.57,993174.48
PO06892,MAT0357,SUP354,2026-02-21,744.01,218731.5
PO06893,MAT1821,SUP004,2026-03-19,245.01,1095726.37
PO06894,MAT1110,SUP500,2025-11-09,332.28,344129.1
PO06895,MAT1500,SUP397,2025-11-07,128.48,314462.51
PO06896,MAT0210,SUP377,2026-07-26,744.56,3603990.56
PO06897,MAT1397,SUP292,2025-07-08,601.66,2572968.91
PO06898,MAT1653,SUP310,2025-04-11,149.95,22282.57
PO06899,MAT0365,SUP204,2025-10-01,347.83,1190208.17
PO06900,MAT0178,SUP376,2025-02-26,422.81,375400.31
PO06901,MAT1995,SUP462,2025-03-26,935.59,3215969.0
PO06902,MAT0785,SUP004,2025-04-16,32.68,30656.78
PO06903,MAT1615,SUP086,2025-04-18,918.54,1949325.59
PO06904,MAT1085,SUP273,2026-01-27,982.38,1586936.65
PO06905,MAT0045,SUP023,2026-01-25,693.12,1284545.43
PO06906,MAT1384,SUP301,2025-04-06,27.1,40273.04
PO06907,MAT1907,SUP196,2026-06-24,640.08,389520.68
PO06908,MAT1424,SUP004,2025-06-13,667.51,2617887.44
PO06909,MAT0334,SUP176,2025-05-18,802.06,3565365.24
PO06910,MAT1382,SUP100,2025-05-07,410.45,1548061.43
PO06911,MAT1063,SUP232,2025-05-25,423.23,23260.72
PO06912,MAT1739,SUP454,2026-05-31,925.8,862743.76
PO06913,MAT1559,SUP358,2025-06-05,690.14,2025367.66
PO06914,MAT1702,SUP141,2026-05-27,362.28,1759648.3
PO06915,MAT0154,SUP092,2026-02-16,178.79,356800.48
PO06916,MAT1731,SUP406,2026-01-26,837.3,3363743.9
PO06917,MAT0312,SUP401,2026-08-06,781.31,1894239.22
PO06918,MAT0019,SUP273,2025-05-30,40.17,101481.47
PO06919,MAT1420,SUP046,2025-07-18,635.11,1969152.2
PO06920,MAT1149,SUP222,2026-05-24,577.21,482530.24
PO06921,MAT0013,SUP080,2025-03-30,748.3,2831911.42
PO06922,MAT0847,SUP445,2025-01-12,351.81,1735781.29
PO06923,MAT1309,SUP206,2025-08-24,147.76,207694.41
PO06924,MAT1979,SUP482,2025-12-27,497.35,1032279.77
PO06925,MAT0088,SUP222,2025-05-16,555.76,2533170.75
PO06926,MAT0796,SUP102,2026-04-12,58.66,69735.59
PO06927,MAT0761,SUP036,2025-07-26,166.32,814658.64
PO06928,MAT0215,SUP246,2025-02-01,56.16,114228.88
PO06929,MAT0814,SUP318,2026-04-20,913.74,3373546.35
PO06930,MAT0252,SUP408,2025-10-01,563.27,1137067.52
PO06931,MAT0500,SUP074,2026-05-21,737.67,3032738.41
PO06932,MAT0234,SUP148,2025-09-18,807.01,787754.74
PO06933,MAT0172,SUP283,2026-07-24,468.45,1821703.68
PO06934,MAT0021,SUP208,2025-05-06,153.3,227359.23
PO06935,MAT1222,SUP120,2025-12-25,97.49,238699.39
PO06936,MAT0675,SUP189,2025-12-09,194.4,799044.26
PO06937,MAT1556,SUP115,2025-02-15,337.87,1559354.52
PO06938,MAT1950,SUP294,2026-06-09,885.74,3573358.6
PO06939,MAT0474,SUP036,2025-01-24,709.43,1151433.27
PO06940,MAT0352,SUP403,2025-05-31,914.39,2705222.82
PO06941,MAT0144,SUP349,2026-06-13,405.44,1772591.79
PO06942,MAT1545,SUP373,2026-01-25,53.48,202757.65
PO06943,MAT0763,SUP330,2026-07-20,38.39,175343.25
PO06944,MAT0683,SUP328,2025-07-06,269.53,934077.78
PO06945,MAT0669,SUP112,2026-03-05,785.34,2602915.19
PO06946,MAT0909,SUP408,2025-11-04,887.54,2906791.13
PO06947,MAT0437,SUP364,2025-09-27,456.64,1161815.45
PO06948,MAT1744,SUP350,2026-02-13,695.66,2907476.19
PO06949,MAT0732,SUP096,2025-12-16,51.24,155904.87
PO06950,MAT0533,SUP429,2026-08-17,33.06,59915.96
PO06951,MAT0723,SUP299,2025-03-27,638.22,1963726.35
PO06952,MAT0630,SUP012,2026-08-22,510.01,553156.85
PO06953,MAT1396,SUP359,2026-03-23,398.22,35569.01
PO06954,MAT1114,SUP190,2025-09-23,212.2,704822.3
PO06955,MAT0820,SUP364,2025-04-07,901.57,3072216.98
PO06956,MAT1472,SUP343,2025-12-04,630.73,1660541.79
PO06957,MAT1380,SUP292,2025-12-29,437.1,118948.02
PO06958,MAT1097,SUP053,2025-05-18,228.35,684164.0
PO06959,MAT0185,SUP137,2026-07-27,497.22,219348.6
PO06960,MAT0662,SUP047,2026-06-05,927.48,1534209.59
PO06961,MAT1331,SUP448,2026-03-30,730.73,2360214.06
PO06962,MAT1757,SUP177,2026-01-26,354.12,1225435.8
PO06963,MAT1666,SUP488,2025-09-01,83.33,318768.08
PO06964,MAT1605,SUP017,2026-02-03,662.41,1282684.1
PO06965,MAT0760,SUP199,2025-02-23,422.52,2104145.37
PO06966,MAT1611,SUP335,2025-05-12,886.2,2699214.55
PO06967,MAT0776,SUP019,2025-05-22,844.91,2086953.05
PO06968,MAT0012,SUP233,2025-01-24,885.87,734545.69
PO06969,MAT0028,SUP330,2025-04-11,801.37,1322164.34
PO06970,MAT0020,SUP224,2025-07-18,560.45,1303483.4
PO06971,MAT0069,SUP474,2025-01-10,922.88,1264594.78
PO06972,MAT0932,SUP480,2026-05-09,832.4,1267112.58
PO06973,MAT0646,SUP373,2025-10-11,668.76,2567302.76
PO06974,MAT0692,SUP140,2026-04-03,903.53,433378.16
PO06975,MAT1522,SUP318,2025-03-23,756.13,3406040.51
PO06976,MAT1591,SUP158,2025-01-16,222.18,737824.23
PO06977,MAT1636,SUP222,2025-01-18,215.24,1004141.95
PO06978,MAT1015,SUP323,2025-05-05,762.33,610229.92
PO06979,MAT1771,SUP107,2025-09-20,858.27,1611401.92
PO06980,MAT0681,SUP100,2026-06-18,590.99,375355.48
PO06981,MAT1623,SUP225,2025-11-27,732.55,1881115.14
PO06982,MAT0776,SUP019,2026-07-28,176.8,436701.3
PO06983,MAT0151,SUP217,2026-08-07,296.95,1044346.42
PO06984,MAT0107,SUP198,2025-03-17,593.23,1352119.48
PO06985,MAT0531,SUP112,2025-05-05,267.02,369002.95
PO06986,MAT0076,SUP486,2026-07-31,733.77,1387903.94
PO06987,MAT0632,SUP299,2026-01-06,241.02,63928.14
PO06988,MAT0487,SUP343,2026-03-28,136.86,357687.72
PO06989,MAT1854,SUP395,2025-09-03,592.64,2744225.45
PO06990,MAT0971,SUP281,2025-04-06,957.74,1855994.77
PO06991,MAT0576,SUP029,2026-02-23,479.49,1864966.77
PO06992,MAT0755,SUP129,2025-02-27,821.87,179586.81
PO06993,MAT0988,SUP317,2025-12-06,731.43,1342620.22
PO06994,MAT1239,SUP383,2025-05-10,660.93,1992347.05
PO06995,MAT1677,SUP088,2026-02-08,498.49,1227087.97
PO06996,MAT0180,SUP071,2026-07-24,263.29,101745.79
PO06997,MAT1482,SUP137,2026-06-07,761.55,1833347.85
PO06998,MAT1831,SUP182,2026-02-18,816.55,3981644.78
PO06999,MAT1219,SUP014,2026-06-26,750.73,494228.08
PO07000,MAT1774,SUP193,2026-02-28,836.37,587048.1
PO07001,MAT1513,SUP113,2025-12-06,386.2,923879.23
PO07002,MAT1109,SUP059,2025-06-02,597.07,888649.13
PO07003,MAT1704,SUP015,2025-06-20,373.88,1673714.95
PO07004,MAT1530,SUP475,2026-07-02,666.91,1023453.42
PO07005,MAT0057,SUP328,2025-06-12,530.28,1226383.86
PO07006,MAT0702,SUP491,2025-06-18,719.74,2029774.76
PO07007,MAT1006,SUP221,2025-01-02,762.54,2369166.03
PO07008,MAT0541,SUP138,2025-04-24,531.67,2549203.47
PO07009,MAT0207,SUP486,2025-06-07,253.01,428720.38
PO07010,MAT1494,SUP342,2025-08-03,51.32,111273.05
PO07011,MAT0902,SUP264,2026-06-07,519.1,711042.42
PO07012,MAT1460,SUP216,2026-03-14,539.83,358587.48
PO07013,MAT0926,SUP226,2025-11-02,684.69,896129.12
PO07014,MAT1223,SUP481,2026-03-09,490.11,2418697.75
PO07015,MAT1439,SUP252,2026-02-24,642.75,1348515.21
PO07016,MAT1610,SUP376,2026-05-30,28.29,52090.66
PO07017,MAT0526,SUP495,2026-02-13,285.76,810895.44
PO07018,MAT0603,SUP321,2026-07-19,226.62,637754.0
PO07019,MAT1400,SUP169,2025-10-03,736.73,1193915.17
PO07020,MAT1511,SUP026,2026-08-12,332.2,243074.06
PO07021,MAT0848,SUP004,2026-08-12,480.19,1542413.5
PO07022,MAT0270,SUP479,2025-05-31,88.56,62286.02
PO07023,MAT0562,SUP306,2026-01-01,639.82,2030590.34
PO07024,MAT0793,SUP129,2025-03-25,938.25,2911633.7
PO07025,MAT0069,SUP474,2025-11-27,898.25,1230845.03
PO07026,MAT1075,SUP114,2025-12-04,603.7,2296583.47
PO07027,MAT0392,SUP197,2025-06-12,924.53,2740232.96
PO07028,MAT1932,SUP427,2026-05-16,281.79,356320.64
PO07029,MAT1236,SUP409,2026-04-14,965.71,2532835.22
PO07030,MAT0654,SUP219,2025-03-31,967.3,3764983.1
PO07031,MAT0491,SUP419,2025-03-07,708.7,1743373.65
PO07032,MAT0100,SUP485,2025-10-26,971.03,4202239.14
PO07033,MAT1375,SUP245,2026-01-31,687.07,2254180.48
PO07034,MAT1678,SUP152,2025-06-10,434.26,957812.54
PO07035,MAT1290,SUP088,2025-11-27,763.01,3700720.58
PO07036,MAT0274,SUP043,2025-05-01,792.01,349403.13
PO07037,MAT1744,SUP350,2026-05-20,430.16,1797832.21
PO07038,MAT1668,SUP289,2025-12-09,231.78,749101.37
PO07039,MAT0615,SUP423,2026-02-21,362.04,1486753.46
PO07040,MAT0537,SUP270,2025-11-22,81.22,196363.97
PO07041,MAT1682,SUP163,2026-01-02,780.86,731798.57
PO07042,MAT0603,SUP321,2026-03-23,317.57,893705.49
PO07043,MAT0395,SUP486,2025-04-25,615.26,89009.66
PO07044,MAT1264,SUP296,2026-03-28,534.09,1864374.67
PO07045,MAT0323,SUP500,2026-03-14,245.21,901181.08
PO07046,MAT0361,SUP445,2025-01-09,914.38,3761795.9
PO07047,MAT0857,SUP028,2025-02-21,570.07,1047651.84
PO07048,MAT0559,SUP378,2025-07-31,357.45,801989.12
PO07049,MAT0346,SUP352,2026-06-01,819.99,2365621.95
PO07050,MAT1502,SUP126,2025-03-04,836.72,3110933.33
PO07051,MAT0159,SUP206,2026-02-10,786.44,951576.67
PO07052,MAT1235,SUP303,2025-02-08,95.0,94031.0
PO07053,MAT1399,SUP093,2025-12-02,579.85,2662340.69
PO07054,MAT1225,SUP255,2025-06-08,180.83,278780.19
PO07055,MAT0092,SUP338,2025-10-15,153.14,553927.29
PO07056,MAT0313,SUP139,2026-06-21,287.96,51547.72
PO07057,MAT1890,SUP329,2026-07-09,793.96,3831277.8
PO07058,MAT0543,SUP231,2025-08-09,312.26,898834.16
PO07059,MAT1920,SUP167,2025-06-21,484.8,1701924.34
PO07060,MAT0456,SUP371,2026-02-25,557.76,96096.47
PO07061,MAT0563,SUP247,2026-08-05,632.15,742327.42
PO07062,MAT0592,SUP001,2025-09-18,441.53,850505.99
PO07063,MAT1284,SUP085,2025-02-20,955.37,319275.1
PO07064,MAT1929,SUP273,2026-06-03,971.12,1955787.12
PO07065,MAT1451,SUP103,2025-10-09,18.03,32398.65
PO07066,MAT0551,SUP315,2025-07-28,204.57,479833.25
PO07067,MAT0468,SUP022,2025-11-04,558.01,1609836.53
PO07068,MAT0046,SUP120,2025-03-15,840.12,1036607.27
PO07069,MAT0698,SUP478,2025-12-08,871.76,3008365.3
PO07070,MAT0286,SUP258,2026-03-26,750.27,703565.69
PO07071,MAT1145,SUP102,2026-01-19,796.61,3633465.67
PO07072,MAT1987,SUP224,2026-06-24,405.14,764077.83
PO07073,MAT0560,SUP018,2026-05-13,113.28,488104.26
PO07074,MAT0460,SUP236,2025-12-21,333.03,79107.95
PO07075,MAT0716,SUP404,2025-10-07,422.66,1160374.99
PO07076,MAT1760,SUP095,2025-01-17,351.6,1273456.52
PO07077,MAT1838,SUP473,2026-08-23,162.7,97554.92
PO07078,MAT0798,SUP300,2026-02-07,50.49,16105.3
PO07079,MAT1150,SUP367,2026-03-24,489.71,692170.81
PO07080,MAT0544,SUP412,2025-10-01,932.08,2608826.67
PO07081,MAT0363,SUP099,2026-02-17,636.66,2669534.48
PO07082,MAT1338,SUP374,2025-05-22,500.81,938903.56
PO07083,MAT1664,SUP150,2025-02-19,632.84,323166.07
PO07084,MAT0059,SUP181,2025-07-31,401.14,1153193.26
PO07085,MAT1963,SUP127,2025-11-03,627.81,470757.05
PO07086,MAT1551,SUP458,2025-03-06,116.01,212278.58
PO07087,MAT1004,SUP156,2025-06-06,713.49,775342.45
PO07088,MAT1364,SUP424,2025-12-24,414.68,135409.61
PO07089,MAT1829,SUP171,2025-06-07,804.99,3344483.9
PO07090,MAT1822,SUP092,2026-01-09,740.48,2824316.6
PO07091,MAT1008,SUP437,2025-06-24,981.3,2984359.0
PO07092,MAT0641,SUP374,2026-01-01,970.15,2549117.63
PO07093,MAT0551,SUP315,2025-08-11,561.51,1317061.01
PO07094,MAT1267,SUP066,2025-01-21,676.84,1447740.45
PO07095,MAT1812,SUP381,2026-04-10,346.78,1276157.34
PO07096,MAT1749,SUP218,2025-11-24,553.53,2108988.05
PO07097,MAT1489,SUP116,2025-04-02,915.04,3214160.35
PO07098,MAT0415,SUP134,2026-01-31,190.57,21187.57
PO07099,MAT1990,SUP201,2025-09-24,225.37,182060.65
PO07100,MAT0215,SUP246,2026-01-15,403.69,821101.42
PO07101,MAT1758,SUP040,2026-06-09,274.32,519929.67
PO07102,MAT1129,SUP151,2026-02-09,12.5,32354.0
PO07103,MAT1383,SUP209,2026-07-29,613.42,337356.46
PO07104,MAT1539,SUP200,2025-01-23,832.88,300411.49
PO07105,MAT1005,SUP183,2025-12-18,91.36,83579.78
PO07106,MAT0580,SUP382,2026-07-31,700.0,1840006.0
PO07107,MAT0417,SUP247,2025-04-13,611.08,2038177.9
PO07108,MAT1648,SUP015,2025-03-08,461.52,635153.05
PO07109,MAT0608,SUP393,2026-01-19,376.62,1745419.03
PO07110,MAT0522,SUP008,2025-06-06,576.86,2653515.62
PO07111,MAT0228,SUP096,2025-10-11,305.95,508987.6
PO07112,MAT1171,SUP288,2025-11-11,607.98,1910352.2
PO07113,MAT1110,SUP500,2025-06-19,345.66,357986.24
PO07114,MAT1762,SUP192,2025-04-13,435.15,1040421.89
PO07115,MAT0856,SUP298,2025-10-10,623.71,482364.84
PO07116,MAT0534,SUP315,2025-07-02,524.81,2011601.98
PO07117,MAT0806,SUP023,2025-09-08,522.18,2588341.82
PO07118,MAT1206,SUP386,2025-12-11,666.33,393741.06
PO07119,MAT0809,SUP152,2026-05-03,279.39,909643.55
PO07120,MAT0008,SUP294,2026-04-01,440.03,1780251.37
PO07121,MAT1913,SUP400,2026-01-24,782.33,2210332.6
PO07122,MAT1709,SUP089,2026-08-20,898.91,242993.35
PO07123,MAT1885,SUP166,2026-05-08,28.55,82276.25
PO07124,MAT0361,SUP445,2025-11-30,309.96,1275187.84
PO07125,MAT0731,SUP261,2025-09-27,652.16,1814733.02
PO07126,MAT1737,SUP391,2025-08-04,642.26,1303415.29
PO07127,MAT1429,SUP373,2025-11-10,230.43,471330.74
PO07128,MAT0960,SUP028,2026-03-19,541.67,518134.44
PO07129,MAT0869,SUP061,2026-05-20,110.83,29285.72
PO07130,MAT1233,SUP480,2026-02-25,802.7,2998774.82
PO07131,MAT1031,SUP378,2025-06-28,951.24,543034.38
PO07132,MAT0153,SUP230,2025-01-03,831.77,1588223.23
PO07133,MAT1206,SUP386,2025-09-30,770.0,455000.7
PO07134,MAT1886,SUP208,2025-02-25,492.01,2442268.76
PO07135,MAT1649,SUP396,2025-09-04,305.47,410841.88
PO07136,MAT0386,SUP399,2025-04-26,352.32,867950.89
PO07137,MAT1551,SUP458,2026-01-04,597.8,1093872.37
PO07138,MAT0557,SUP028,2026-04-23,133.74,517054.89
PO07139,MAT1302,SUP257,2025-02-22,667.35,467492.02
PO07140,MAT0417,SUP247,2025-04-23,131.84,439735.18
PO07141,MAT0025,SUP262,2025-12-08,647.01,2933750.38
PO07142,MAT0647,SUP382,2026-04-19,460.31,369256.08
PO07143,MAT1564,SUP371,2025-08-23,768.83,434465.83
PO07144,MAT1341,SUP097,2025-09-27,247.99,188581.52
PO07145,MAT0092,SUP338,2025-03-15,820.46,2967710.48
PO07146,MAT1081,SUP374,2025-09-26,697.29,697059.89
PO07147,MAT1611,SUP335,2026-05-11,142.16,432995.19
PO07148,MAT1502,SUP126,2025-12-27,943.16,3506678.31
PO07149,MAT1055,SUP348,2026-04-25,962.31,328744.34
PO07150,MAT0740,SUP323,2025-12-11,407.28,1185917.9
PO07151,MAT0640,SUP486,2025-04-17,231.02,269514.86
PO07152,MAT0218,SUP006,2025-10-04,651.68,867223.16
PO07153,MAT0628,SUP388,2026-05-15,315.93,191529.4
PO07154,MAT0036,SUP199,2026-02-07,538.63,2091823.47
PO07155,MAT1664,SUP150,2026-01-19,472.92,241501.33
PO07156,MAT0996,SUP263,2025-11-18,160.13,582367.19
PO07157,MAT1173,SUP335,2025-05-29,541.04,59141.08
PO07158,MAT1030,SUP154,2026-01-17,356.02,1193119.15
PO07159,MAT1747,SUP217,2025-01-19,835.65,1294939.95
PO07160,MAT0607,SUP423,2026-08-20,787.9,2412274.04
PO07161,MAT0485,SUP092,2025-12-19,491.12,2330914.45
PO07162,MAT1242,SUP439,2025-11-05,834.54,3046580.07
PO07163,MAT1647,SUP357,2026-01-06,928.69,3286494.61
PO07164,MAT1155,SUP358,2025-04-11,657.08,343580.56
PO07165,MAT1912,SUP125,2026-02-17,53.87,134682.0
PO07166,MAT0190,SUP474,2026-06-28,775.68,2666725.79
PO07167,MAT1651,SUP174,2025-09-26,631.79,996414.96
PO07168,MAT1141,SUP323,2025-05-01,778.93,3562101.42
PO07169,MAT0422,SUP255,2026-02-25,175.97,98205.34
PO07170,MAT1756,SUP274,2025-08-07,744.25,501602.17
PO07171,MAT1038,SUP309,2025-11-06,449.6,268033.54
PO07172,MAT0379,SUP431,2025-11-04,28.06,26562.16
PO07173,MAT0975,SUP229,2025-04-15,259.11,624035.34
PO07174,MAT1450,SUP306,2026-04-01,637.26,2605545.84
PO07175,MAT0666,SUP158,2025-04-09,261.94,959826.74
PO07176,MAT1222,SUP120,2026-05-20,672.75,1647194.74
PO07177,MAT0762,SUP331,2026-05-16,723.16,424299.67
PO07178,MAT0796,SUP102,2025-09-09,974.45,1158435.9
PO07179,MAT1690,SUP343,2025-05-08,560.41,608644.49
PO07180,MAT1054,SUP074,2025-11-24,576.19,757684.09
PO07181,MAT1975,SUP328,2025-02-12,523.02,66517.68
PO07182,MAT0402,SUP312,2025-08-10,504.32,1967301.89
PO07183,MAT0320,SUP104,2025-10-18,379.13,658457.82
PO07184,MAT0035,SUP225,2026-02-17,46.71,123202.3
PO07185,MAT0566,SUP393,2026-04-18,35.14,140557.54
PO07186,MAT0844,SUP180,2026-02-02,109.77,536636.99
PO07187,MAT0559,SUP378,2025-03-21,465.52,1044459.29
PO07188,MAT0851,SUP287,2025-02-01,662.46,769367.79
PO07189,MAT0064,SUP416,2025-02-10,760.4,275530.94
PO07190,MAT0425,SUP287,2026-03-25,752.21,2271493.67
PO07191,MAT0026,SUP053,2026-01-28,465.41,612963.59
PO07192,MAT1827,SUP490,2025-10-04,578.88,2840396.28
PO07193,MAT1588,SUP382,2026-05-16,547.57,384815.77
PO07194,MAT1020,SUP499,2025-07-02,944.72,2008059.04
PO07195,MAT0631,SUP268,2025-11-17,320.68,887180.46
PO07196,MAT0319,SUP309,2025-04-11,403.89,60034.21
PO07197,MAT1708,SUP214,2025-06-09,118.74,44115.47
PO07198,MAT1088,SUP222,2026-01-09,582.52,1737674.64
PO07199,MAT1376,SUP412,2025-08-31,667.94,2171406.15
PO07200,MAT0615,SUP423,2026-08-23,429.98,1765755.87
PO07201,MAT1779,SUP474,2026-02-16,680.09,1380766.32
PO07202,MAT0489,SUP297,2025-12-28,998.23,2867206.05
PO07203,MAT0758,SUP130,2026-03-15,491.94,1161681.87
PO07204,MAT1804,SUP192,2025-09-03,374.33,1622260.12
PO07205,MAT0583,SUP405,2025-12-31,706.2,66524.04
PO07206,MAT0648,SUP014,2026-02-22,55.02,170776.03
PO07207,MAT0506,SUP481,2025-03-01,459.91,1820461.75
PO07208,MAT0882,SUP074,2025-05-17,538.64,1095103.6
PO07209,MAT0681,SUP100,2025-08-08,277.39,176178.71
PO07210,MAT1717,SUP358,2025-03-29,967.37,1315139.51
PO07211,MAT1651,SUP174,2025-08-25,802.84,1266183.05
PO07212,MAT1208,SUP418,2025-04-20,755.75,43689.91
PO07213,MAT0666,SUP158,2025-01-08,83.67,306591.98
PO07214,MAT0812,SUP361,2025-07-14,56.66,244141.71
PO07215,MAT1817,SUP399,2026-04-25,911.67,2703320.35
PO07216,MAT1282,SUP488,2025-11-14,173.32,455301.24
PO07217,MAT0281,SUP262,2025-11-14,975.82,316575.52
PO07218,MAT1487,SUP222,2025-08-21,437.89,1498345.73
PO07219,MAT0934,SUP475,2025-08-19,320.51,1154175.74
PO07220,MAT1821,SUP004,2026-08-05,419.91,1877908.9
PO07221,MAT0359,SUP154,2025-03-06,951.19,3691996.43
PO07222,MAT1398,SUP179,2025-10-02,524.96,1243640.74
PO07223,MAT0796,SUP102,2025-01-23,204.06,242588.57
PO07224,MAT0919,SUP140,2025-01-12,667.55,129671.59
PO07225,MAT0623,SUP102,2026-04-13,676.81,1358242.61
PO07226,MAT1022,SUP330,2025-08-22,806.55,3583921.06
PO07227,MAT0441,SUP430,2026-03-24,845.05,2931005.22
PO07228,MAT1055,SUP348,2026-07-29,815.62,278632.1
PO07229,MAT1122,SUP298,2026-02-04,826.12,2650705.15
PO07230,MAT0072,SUP180,2026-06-10,182.37,47354.19
PO07231,MAT0996,SUP263,2025-12-17,189.66,689763.07
PO07232,MAT1376,SUP412,2026-03-02,244.91,796177.92
PO07233,MAT1861,SUP468,2026-04-28,811.68,2951568.8
PO07234,MAT0423,SUP406,2025-09-28,710.47,3422831.32
PO07235,MAT0132,SUP214,2025-03-11,150.08,701311.83
PO07236,MAT1303,SUP177,2026-06-03,865.34,101729.37
PO07237,MAT0710,SUP201,2026-06-20,396.44,1392729.4
PO07238,MAT1385,SUP488,2026-08-21,112.65,498790.54
PO07239,MAT0441,SUP430,2025-05-10,675.5,2342931.22
PO07240,MAT1948,SUP212,2025-07-20,798.8,2936508.62
PO07241,MAT0768,SUP291,2025-06-20,84.8,396733.41
PO07242,MAT0578,SUP395,2025-06-20,329.05,419028.72
PO07243,MAT0145,SUP361,2025-06-12,807.05,352366.1
PO07244,MAT0587,SUP286,2025-03-26,924.04,3730672.89
PO07245,MAT1397,SUP292,2026-08-23,494.34,2114020.29
PO07246,MAT0769,SUP029,2026-07-14,571.93,1062937.62
PO07247,MAT0287,SUP450,2025-05-31,844.47,3662348.16
PO07248,MAT0647,SUP382,2025-11-10,400.37,321172.81
PO07249,MAT1603,SUP477,2025-11-23,456.99,2085597.25
PO07250,MAT1195,SUP193,2025-09-28,632.89,1930206.91
PO07251,MAT0922,SUP483,2025-10-07,383.77,467585.37
PO07252,MAT1960,SUP056,2026-01-17,703.07,2412240.2
PO07253,MAT0023,SUP125,2025-07-05,381.04,1129749.31
PO07254,MAT1311,SUP157,2025-11-21,287.36,329828.93
PO07255,MAT0408,SUP436,2025-03-20,118.28,11577.25
PO07256,MAT0331,SUP497,2025-04-10,799.32,3539812.6
PO07257,MAT1622,SUP459,2026-06-30,669.08,1999271.26
PO07258,MAT0791,SUP100,2025-12-17,94.47,377240.44
PO07259,MAT0994,SUP171,2026-01-27,922.15,514725.69
PO07260,MAT1426,SUP014,2025-07-12,516.1,2045319.78
PO07261,MAT1667,SUP500,2025-01-19,690.28,1392211.93
PO07262,MAT0305,SUP301,2025-05-28,67.36,309267.95
PO07263,MAT0619,SUP258,2026-07-20,827.27,668707.16
PO07264,MAT1695,SUP041,2026-07-07,109.26,460951.55
PO07265,MAT1622,SUP459,2025-08-10,450.11,1344969.19
PO07266,MAT0766,SUP464,2026-03-16,517.86,1498930.23
PO07267,MAT1892,SUP232,2025-04-13,541.69,1510681.32
PO07268,MAT0959,SUP392,2025-10-14,863.34,2417861.37
PO07269,MAT1676,SUP102,2025-03-24,267.57,1165336.92
PO07270,MAT1639,SUP417,2025-05-18,174.15,641068.79
PO07271,MAT0331,SUP497,2025-03-18,268.43,1188750.31
PO07272,MAT1563,SUP307,2026-06-19,251.39,1169051.49
PO07273,MAT1467,SUP054,2025-09-06,330.41,1425345.79
PO07274,MAT0606,SUP463,2025-03-03,900.41,2496746.89
PO07275,MAT1830,SUP289,2025-04-24,192.74,737296.03
PO07276,MAT1426,SUP014,2025-06-23,546.29,2164963.66
PO07277,MAT0356,SUP317,2026-02-03,21.3,72846.43
PO07278,MAT1668,SUP289,2025-01-02,513.08,1658248.91
PO07279,MAT1406,SUP447,2026-02-09,920.93,2438300.31
PO07280,MAT0784,SUP406,2026-04-25,908.86,1737603.99
PO07281,MAT1069,SUP126,2025-02-17,734.99,1279669.04
PO07282,MAT1733,SUP095,2025-01-11,991.47,4259275.8
PO07283,MAT1214,SUP249,2026-05-10,441.14,42817.05
PO07284,MAT0065,SUP023,2026-07-11,244.87,1085915.19
PO07285,MAT0395,SUP486,2026-04-22,383.44,55472.26
PO07286,MAT1497,SUP269,2026-01-18,12.56,11029.69
PO07287,MAT0237,SUP290,2026-03-08,657.66,2623806.91
PO07288,MAT0477,SUP348,2025-03-09,640.14,2813754.57
PO07289,MAT0935,SUP034,2025-07-09,958.88,2045588.29
PO07290,MAT0668,SUP235,2026-05-26,155.81,667533.67
PO07291,MAT0848,SUP004,2025-10-16,550.14,1767099.19
PO07292,MAT0735,SUP073,2026-06-13,400.8,1971422.98
PO07293,MAT1675,SUP193,2025-02-20,660.2,2506508.72
PO07294,MAT1392,SUP482,2025-04-16,505.99,2459020.32
PO07295,MAT0645,SUP035,2026-08-12,230.15,618680.02
PO07296,MAT0316,SUP479,2025-08-20,887.19,817723.02
PO07297,MAT1116,SUP194,2025-06-15,393.25,638582.94
PO07298,MAT0770,SUP332,2025-11-01,657.8,607978.23
PO07299,MAT1645,SUP113,2026-02-15,264.14,1272217.1
PO07300,MAT1580,SUP429,2026-03-16,472.6,655959.35
PO07301,MAT0421,SUP228,2025-04-22,592.93,1344818.6
PO07302,MAT0747,SUP329,2025-03-27,407.27,1543410.76
PO07303,MAT1248,SUP053,2025-11-27,720.74,1379460.32
PO07304,MAT1959,SUP016,2025-08-25,613.13,148334.54
PO07305,MAT0323,SUP500,2025-01-21,393.03,1444440.27
PO07306,MAT0542,SUP218,2025-09-14,798.12,1695613.92
PO07307,MAT1312,SUP219,2026-08-06,42.86,66700.45
PO07308,MAT0643,SUP278,2026-08-02,722.12,775159.71
PO07309,MAT1543,SUP024,2026-05-14,648.72,2768445.04
PO07310,MAT0006,SUP160,2025-08-23,305.38,171873.97
PO07311,MAT0223,SUP023,2025-12-11,816.21,132062.78
PO07312,MAT0077,SUP188,2025-04-28,708.12,1137389.43
PO07313,MAT1553,SUP181,2026-04-07,685.85,2134001.7
PO07314,MAT1957,SUP256,2025-05-07,556.79,1502948.81
PO07315,MAT0800,SUP500,2026-01-18,563.07,591752.79
PO07316,MAT1731,SUP406,2025-04-13,195.95,787203.65
PO07317,MAT1387,SUP457,2026-07-12,150.78,186002.21
PO07318,MAT1241,SUP031,2026-02-05,469.9,378683.01
PO07319,MAT1367,SUP188,2025-01-12,467.75,206287.1
PO07320,MAT1378,SUP084,2025-06-29,126.69,73100.13
PO07321,MAT0523,SUP494,2025-12-07,923.05,1080116.19
PO07322,MAT0623,SUP102,2025-03-10,602.38,1208874.26
PO07323,MAT1597,SUP284,2026-02-12,731.34,256714.97
PO07324,MAT0949,SUP190,2025-12-16,953.07,3275815.96
PO07325,MAT1887,SUP226,2026-02-16,797.93,2982303.27
PO07326,MAT1001,SUP453,2025-05-24,182.49,662225.19
PO07327,MAT1820,SUP141,2026-03-10,575.67,1462293.91
PO07328,MAT1222,SUP120,2025-01-26,554.9,1358644.9
PO07329,MAT1079,SUP283,2026-06-07,460.94,1528569.23
PO07330,MAT1942,SUP333,2025-10-10,519.26,2328579.93
PO07331,MAT0159,SUP206,2025-05-25,866.19,1048072.58
PO07332,MAT1597,SUP284,2025-08-26,207.0,72661.14
PO07333,MAT1370,SUP031,2026-01-12,549.78,1671694.05
PO07334,MAT0020,SUP224,2026-05-31,829.28,1928722.84
PO07335,MAT0678,SUP371,2025-07-16,685.62,3203737.71
PO07336,MAT0167,SUP105,2025-03-26,14.22,46231.92
PO07337,MAT1689,SUP409,2026-01-06,454.15,1343021.46
PO07338,MAT0053,SUP015,2025-12-01,852.77,3971853.02
PO07339,MAT1784,SUP012,2026-05-07,318.38,1408318.91
PO07340,MAT0955,SUP253,2025-09-17,383.61,1686192.28
PO07341,MAT0261,SUP046,2025-08-11,773.77,433968.9
PO07342,MAT0708,SUP291,2025-12-20,130.9,66751.15
PO07343,MAT1388,SUP291,2025-06-16,737.06,392233.85
PO07344,MAT0193,SUP170,2025-11-08,56.61,214567.18
PO07345,MAT0146,SUP463,2025-04-01,159.04,167100.15
PO07346,MAT1932,SUP427,2026-07-11,252.1,318777.93
PO07347,MAT1485,SUP051,2025-03-30,575.64,1876977.84
PO07348,MAT1712,SUP060,2026-01-12,518.09,493936.64
PO07349,MAT0715,SUP197,2026-08-20,709.47,1232023.03
PO07350,MAT1303,SUP177,2026-08-03,582.41,68468.12
PO07351,MAT1494,SUP342,2025-08-14,345.49,749098.33
PO07352,MAT1245,SUP068,2026-04-10,108.97,411222.27
PO07353,MAT1294,SUP153,2026-05-20,90.63,52607.09
PO07354,MAT0100,SUP485,2026-05-13,702.27,3039150.67
PO07355,MAT1577,SUP249,2025-07-16,42.33,18553.66
PO07356,MAT1939,SUP414,2026-02-25,505.31,595118.75
PO07357,MAT1051,SUP414,2025-02-28,894.32,2731190.68
PO07358,MAT0781,SUP429,2025-11-07,82.98,318056.53
PO07359,MAT0828,SUP068,2025-09-17,910.98,819973.1
PO07360,MAT0579,SUP267,2026-01-27,14.76,35283.63
PO07361,MAT1611,SUP335,2025-04-06,963.54,2934779.04
PO07362,MAT0731,SUP261,2025-09-17,545.46,1517824.27
PO07363,MAT0990,SUP247,2025-08-26,763.16,2492640.82
PO07364,MAT1270,SUP337,2026-07-23,594.69,1810521.81
PO07365,MAT0851,SUP287,2025-08-02,246.68,286489.22
PO07366,MAT1554,SUP219,2026-01-30,563.03,2463926.26
PO07367,MAT1339,SUP236,2025-04-29,758.49,3100107.91
PO07368,MAT0594,SUP350,2026-04-10,766.32,2942960.0
PO07369,MAT1973,SUP190,2026-02-18,462.93,2109933.1
PO07370,MAT1153,SUP331,2026-03-23,859.13,1517713.28
PO07371,MAT1479,SUP470,2025-01-10,393.9,771492.54
PO07372,MAT1340,SUP332,2025-08-18,317.06,48884.31
PO07373,MAT0974,SUP068,2026-04-11,679.56,2272672.89
PO07374,MAT1779,SUP474,2025-08-27,844.33,1714217.87
PO07375,MAT1894,SUP270,2026-04-29,762.7,2982683.26
PO07376,MAT1539,SUP200,2025-02-15,235.37,84895.61
PO07377,MAT0097,SUP175,2025-07-01,271.55,206693.0
PO07378,MAT1701,SUP140,2026-03-07,750.93,2443323.47
PO07379,MAT0006,SUP160,2026-04-08,340.0,191358.8
PO07380,MAT0089,SUP085,2026-05-27,897.18,1477807.98
PO07381,MAT0782,SUP062,2025-09-28,994.6,745074.75
PO07382,MAT1397,SUP292,2025-12-15,125.15,535197.72
PO07383,MAT1410,SUP371,2025-01-01,309.17,958964.96
PO07384,MAT1601,SUP168,2025-10-15,897.94,3548129.1
PO07385,MAT0495,SUP303,2025-02-14,590.78,1922356.77
PO07386,MAT0168,SUP371,2026-03-26,728.11,222153.64
PO07387,MAT0730,SUP441,2025-08-11,845.26,3781042.39
PO07388,MAT0295,SUP304,2026-07-09,101.8,36474.94
PO07389,MAT1647,SUP357,2025-12-19,393.15,1391298.88
PO07390,MAT0051,SUP485,2025-12-16,846.67,3465149.38
PO07391,MAT1784,SUP012,2025-06-16,488.81,2162197.27
PO07392,MAT1528,SUP035,2026-04-11,598.41,483192.14
PO07393,MAT0891,SUP280,2026-08-21,892.09,4251049.71
PO07394,MAT0517,SUP041,2026-01-04,819.45,194119.51
PO07395,MAT0732,SUP096,2025-11-03,804.72,2448473.26
PO07396,MAT0187,SUP194,2026-02-28,833.64,2005929.58
PO07397,MAT1317,SUP381,2025-04-18,116.43,310620.1
PO07398,MAT0684,SUP260,2026-05-11,953.83,1577081.6
PO07399,MAT0823,SUP058,2026-08-13,477.93,1198089.26
PO07400,MAT0263,SUP333,2025-11-11,882.3,1966196.73
PO07401,MAT1052,SUP442,2026-01-06,297.03,514687.64
PO07402,MAT0464,SUP476,2025-12-26,424.14,244037.43
PO07403,MAT1108,SUP095,2026-04-18,158.36,292323.06
PO07404,MAT1164,SUP344,2026-08-02,792.35,2696406.67
PO07405,MAT1796,SUP388,2025-06-05,174.76,304971.93
PO07406,MAT0541,SUP138,2026-08-14,217.99,1045198.83
PO07407,MAT0827,SUP341,2026-06-04,344.47,1452781.56
PO07408,MAT0337,SUP210,2025-01-26,760.63,2756591.58
PO07409,MAT0468,SUP022,2026-08-17,20.31,58593.54
PO07410,MAT1039,SUP268,2026-06-04,265.24,167849.18
PO07411,MAT0750,SUP196,2026-01-25,533.14,2564792.59
PO07412,MAT1232,SUP133,2025-12-24,744.23,1109148.3
PO07413,MAT0174,SUP390,2025-01-12,844.42,3864015.25
PO07414,MAT0343,SUP239,2026-01-24,726.33,849733.47
PO07415,MAT0082,SUP436,2025-07-06,922.95,3298124.91
PO07416,MAT0436,SUP324,2026-02-22,77.0,80418.8
PO07417,MAT1721,SUP112,2026-06-16,140.89,188960.26
PO07418,MAT1393,SUP206,2026-02-24,783.97,3364916.84
PO07419,MAT0972,SUP495,2026-05-03,43.43,21344.98
PO07420,MAT1147,SUP168,2026-03-30,884.32,1756232.99
PO07421,MAT1779,SUP474,2026-04-13,444.64,902739.25
PO07422,MAT1912,SUP125,2026-01-19,473.7,1184311.58
PO07423,MAT0111,SUP458,2025-07-30,573.81,425721.12
PO07424,MAT1776,SUP393,2026-02-21,152.87,423885.58
PO07425,MAT0967,SUP476,2025-08-17,502.03,2105031.87
PO07426,MAT1217,SUP419,2025-07-08,880.55,4145550.15
PO07427,MAT0984,SUP161,2026-03-31,79.06,287325.39
PO07428,MAT0336,SUP456,2025-03-29,64.62,53483.39
PO07429,MAT1968,SUP252,2026-03-25,761.7,1250330.55
PO07430,MAT1173,SUP335,2026-01-02,131.97,14425.64
PO07431,MAT0445,SUP318,2026-07-22,601.1,2499626.26
PO07432,MAT1408,SUP483,2025-06-26,195.56,476002.82
PO07433,MAT0129,SUP349,2025-02-03,412.8,31228.32
PO07434,MAT0918,SUP249,2025-06-21,294.55,1460054.9
PO07435,MAT1146,SUP150,2025-06-17,239.51,94941.76
PO07436,MAT1798,SUP114,2025-09-05,61.37,174261.34
PO07437,MAT1559,SUP358,2025-05-27,223.52,655968.61
PO07438,MAT0607,SUP423,2025-08-24,259.71,795141.12
PO07439,MAT1125,SUP385,2026-01-24,32.33,48834.14
PO07440,MAT0006,SUP160,2026-02-15,816.25,459401.83
PO07441,MAT0963,SUP179,2025-01-29,836.17,885069.22
PO07442,MAT0754,SUP211,2026-01-22,570.34,1511435.22
PO07443,MAT0243,SUP353,2025-09-22,710.64,3064414.7
PO07444,MAT1348,SUP423,2025-01-03,404.84,226281.27
PO07445,MAT0051,SUP485,2025-12-19,657.82,2692246.76
PO07446,MAT1813,SUP107,2025-07-15,347.61,437123.05
PO07447,MAT1113,SUP336,2026-07-05,881.16,1520001.0
PO07448,MAT1764,SUP209,2025-11-27,780.74,111380.37
PO07449,MAT0631,SUP268,2025-11-09,99.44,275106.73
PO07450,MAT1504,SUP090,2026-06-02,350.2,1595553.22
PO07451,MAT1414,SUP194,2026-05-09,718.25,1273471.62
PO07452,MAT0656,SUP234,2025-02-19,42.68,187579.03
PO07453,MAT1987,SUP224,2026-01-27,862.87,1627338.31
PO07454,MAT0870,SUP472,2025-09-29,261.27,278707.16
PO07455,MAT0549,SUP011,2026-07-24,342.97,222975.09
PO07456,MAT0484,SUP435,2026-06-29,484.09,1663623.69
PO07457,MAT1773,SUP221,2025-12-15,252.95,1259524.05
PO07458,MAT1828,SUP478,2025-04-30,962.23,2296179.07
PO07459,MAT0378,SUP372,2026-06-17,785.47,2707727.17
PO07460,MAT1544,SUP256,2025-09-20,175.05,289201.86
PO07461,MAT1851,SUP271,2025-12-25,963.45,4289780.39
PO07462,MAT0112,SUP316,2025-05-27,534.11,1596422.74
PO07463,MAT1219,SUP014,2025-01-07,330.74,217736.06
PO07464,MAT1379,SUP097,2026-03-31,416.1,436297.49
PO07465,MAT0336,SUP456,2025-11-06,970.92,803591.65
PO07466,MAT0659,SUP151,2026-01-09,339.69,1562305.64
PO07467,MAT1921,SUP395,2025-01-31,484.87,1580201.03
PO07468,MAT1900,SUP473,2026-03-11,555.14,1659996.28
PO07469,MAT0463,SUP004,2026-04-03,548.91,199270.8
PO07470,MAT0364,SUP471,2025-01-29,681.95,2412698.18
PO07471,MAT0444,SUP490,2025-02-13,236.4,1142017.67
PO07472,MAT1972,SUP181,2025-05-14,177.1,54821.3
PO07473,MAT1448,SUP102,2025-09-13,888.84,4276440.34
PO07474,MAT1679,SUP456,2026-05-08,43.84,124543.3
PO07475,MAT0919,SUP140,2025-04-06,625.22,121448.98
PO07476,MAT0978,SUP270,2025-11-30,564.58,262896.68
PO07477,MAT0970,SUP442,2026-03-01,923.28,3709471.29
PO07478,MAT1225,SUP255,2026-08-14,665.21,1025534.3
PO07479,MAT0842,SUP252,2026-07-07,813.0,2468024.1
PO07480,MAT0515,SUP315,2026-08-03,529.24,447551.81
PO07481,MAT0503,SUP311,2026-05-11,167.88,155832.93
PO07482,MAT0157,SUP415,2026-06-16,502.09,1553401.19
PO07483,MAT1743,SUP018,2025-03-20,259.08,1242195.33
PO07484,MAT0274,SUP043,2025-06-11,807.51,356241.11
PO07485,MAT0795,SUP459,2026-08-05,368.67,1334935.64
PO07486,MAT0796,SUP102,2026-02-23,181.94,216292.09
PO07487,MAT0883,SUP187,2025-04-26,479.15,827123.1
PO07488,MAT1466,SUP481,2026-08-15,398.38,222527.1
PO07489,MAT0762,SUP331,2025-11-04,123.71,72584.37
PO07490,MAT1570,SUP212,2025-01-09,242.11,692880.08
PO07491,MAT0692,SUP140,2025-07-07,546.48,262119.13
PO07492,MAT1647,SUP357,2026-06-03,16.56,58603.36
PO07493,MAT1648,SUP015,2025-01-05,29.19,40171.86
PO07494,MAT0169,SUP097,2025-03-22,704.57,2561330.37
PO07495,MAT0152,SUP017,2025-07-03,531.8,1102894.7
PO07496,MAT1516,SUP129,2025-11-16,345.09,728398.72
PO07497,MAT0833,SUP106,2025-03-23,158.56,562938.74
PO07498,MAT0707,SUP183,2025-01-22,155.67,263866.88
PO07499,MAT0106,SUP206,2025-06-13,733.32,2106747.69
PO07500,MAT0027,SUP091,2025-01-04,91.45,214593.83
PO07501,MAT1314,SUP027,2026-05-16,367.24,403703.26
PO07502,MAT1208,SUP418,2026-01-11,947.64,54783.07
PO07503,MAT0156,SUP127,2025-03-10,404.37,713102.45
PO07504,MAT1059,SUP238,2026-06-27,503.31,1039350.25
PO07505,MAT0863,SUP236,2025-05-21,661.96,415048.92
PO07506,MAT0574,SUP078,2025-03-11,65.0,162059.3
PO07507,MAT0137,SUP291,2025-10-03,411.73,378256.35
PO07508,MAT1891,SUP425,2025-05-15,875.7,565150.51
PO07509,MAT0571,SUP057,2025-11-24,653.73,2031635.94
PO07510,MAT1375,SUP245,2025-01-19,782.12,2566026.22
PO07511,MAT0352,SUP403,2025-12-31,179.41,530784.48
PO07512,MAT0403,SUP152,2026-08-08,452.84,110972.97
PO07513,MAT0146,SUP463,2025-10-10,179.1,188176.79
PO07514,MAT0987,SUP336,2025-02-22,237.51,552878.15
PO07515,MAT1530,SUP475,2026-02-12,64.85,99520.11
PO07516,MAT0156,SUP127,2026-07-02,909.46,1603823.62
PO07517,MAT0426,SUP389,2025-12-16,299.43,18226.3
PO07518,MAT0310,SUP256,2026-07-10,932.68,4122212.43
PO07519,MAT0592,SUP001,2025-07-13,209.65,403842.51
PO07520,MAT1944,SUP361,2026-08-10,967.92,4773510.42
PO07521,MAT0934,SUP475,2026-06-04,952.82,3431161.99
PO07522,MAT1909,SUP446,2025-05-26,903.07,3785407.55
PO07523,MAT1556,SUP115,2026-07-23,224.01,1033862.15
PO07524,MAT0902,SUP264,2026-07-02,710.15,972735.06
PO07525,MAT1093,SUP347,2025-01-11,431.98,1217462.19
PO07526,MAT0229,SUP271,2025-04-01,865.78,2601677.56
PO07527,MAT1531,SUP134,2025-12-10,450.98,1543497.09
PO07528,MAT1193,SUP219,2025-06-07,236.83,901457.87
PO07529,MAT0404,SUP121,2026-02-15,490.57,55488.37
PO07530,MAT0289,SUP125,2025-10-02,744.11,1393680.82
PO07531,MAT0484,SUP435,2026-06-29,348.82,1198754.81
PO07532,MAT0098,SUP390,2025-04-13,624.75,1623818.96
PO07533,MAT0164,SUP210,2026-04-17,16.9,25932.2
PO07534,MAT1192,SUP259,2026-01-09,53.84,198556.0
PO07535,MAT0869,SUP061,2025-04-20,569.84,150574.52
PO07536,MAT0133,SUP480,2026-05-24,613.21,2691918.31
PO07537,MAT1100,SUP224,2026-05-10,672.62,3229060.29
PO07538,MAT1845,SUP409,2025-01-29,621.25,2588618.29
PO07539,MAT0574,SUP078,2025-12-25,82.88,206638.07
PO07540,MAT0125,SUP022,2025-05-14,55.76,266465.89
PO07541,MAT1246,SUP336,2026-07-30,163.19,474381.91
PO07542,MAT0753,SUP173,2025-12-28,135.06,216189.19
PO07543,MAT1107,SUP320,2025-08-21,707.98,873038.46
PO07544,MAT1139,SUP218,2026-08-02,455.46,1742621.84
PO07545,MAT1520,SUP237,2025-01-04,833.03,3804581.29
PO07546,MAT0281,SUP262,2026-08-13,650.97,211187.69
PO07547,MAT1617,SUP264,2025-07-22,756.41,3477352.92
PO07548,MAT0354,SUP445,2026-08-23,347.06,1529378.89
PO07549,MAT1813,SUP107,2025-06-15,597.46,751311.92
PO07550,MAT1844,SUP383,2025-04-16,350.23,260690.2
PO07551,MAT0374,SUP351,2026-01-16,915.34,2228495.92
PO07552,MAT1004,SUP156,2025-05-08,86.55,94053.02
PO07553,MAT0373,SUP262,2025-08-05,804.05,2274826.3
PO07554,MAT1261,SUP132,2026-03-31,92.45,43342.41
PO07555,MAT1957,SUP256,2025-06-18,973.86,2628750.04
PO07556,MAT0541,SUP138,2026-04-23,340.9,1634516.64
PO07557,MAT1212,SUP321,2026-04-16,309.68,182872.23
PO07558,MAT1017,SUP227,2025-04-24,994.97,3842822.88
PO07559,MAT0311,SUP197,2025-11-14,915.59,1945821.02
PO07560,MAT0154,SUP092,2025-11-03,565.68,1128893.64
PO07561,MAT0573,SUP145,2026-04-24,828.46,554190.03
PO07562,MAT0090,SUP129,2026-08-20,417.92,1334640.06
PO07563,MAT1282,SUP488,2026-01-30,138.98,365092.12
PO07564,MAT0812,SUP361,2025-03-23,521.96,2249068.22
PO07565,MAT1635,SUP260,2026-07-13,245.36,347608.87
PO07566,MAT1106,SUP233,2025-03-13,186.04,466004.15
PO07567,MAT1331,SUP448,2026-08-12,952.94,3077939.02
PO07568,MAT0214,SUP338,2026-04-27,730.34,2622227.34
PO07569,MAT0900,SUP332,2025-08-30,762.13,2273456.65
PO07570,MAT0068,SUP459,2026-03-21,711.2,1229117.18
PO07571,MAT1793,SUP075,2026-04-18,485.22,1844714.25
PO07572,MAT0494,SUP416,2025-09-22,304.1,1099403.61
PO07573,MAT0028,SUP330,2025-11-10,205.58,339182.33
PO07574,MAT0041,SUP186,2025-12-17,861.33,1589033.26
PO07575,MAT0312,SUP401,2026-04-19,523.7,1269679.23
PO07576,MAT0454,SUP229,2025-06-18,607.57,2750627.36
PO07577,MAT1218,SUP448,2026-01-21,368.28,1488234.21
PO07578,MAT0092,SUP338,2025-04-23,344.18,1244943.8
PO07579,MAT0424,SUP487,2026-02-20,755.16,1395951.02
PO07580,MAT1697,SUP092,2025-11-11,230.57,1000072.01
PO07581,MAT0364,SUP471,2026-06-15,867.88,3070507.37
PO07582,MAT1117,SUP301,2025-02-14,836.57,3580067.85
PO07583,MAT0999,SUP011,2026-08-09,56.41,83241.42
PO07584,MAT1212,SUP321,2025-08-20,277.51,163875.21
PO07585,MAT0118,SUP212,2026-07-01,650.8,1354555.6
PO07586,MAT0861,SUP145,2025-10-31,134.11,523712.96
PO07587,MAT1874,SUP024,2026-04-28,585.37,1121762.09
PO07588,MAT1105,SUP290,2026-03-05,961.4,2980061.19
PO07589,MAT1132,SUP468,2025-02-01,723.79,66762.39
PO07590,MAT0005,SUP211,2026-08-05,294.21,1286980.46
PO07591,MAT1946,SUP393,2025-03-09,424.76,2082122.55
PO07592,MAT0280,SUP140,2025-12-29,488.1,178727.58
PO07593,MAT1449,SUP407,2026-05-05,421.05,2008880.08
PO07594,MAT1477,SUP175,2025-10-22,880.19,3590541.46
PO07595,MAT1417,SUP499,2026-02-20,388.12,237230.59
PO07596,MAT0680,SUP374,2025-05-22,134.63,334945.98
PO07597,MAT1141,SUP323,2025-09-25,597.96,2734512.94
PO07598,MAT1906,SUP381,2025-02-03,228.62,525624.81
PO07599,MAT1030,SUP154,2025-08-25,62.52,209521.4
PO07600,MAT1785,SUP235,2025-03-28,720.65,2615346.95
PO07601,MAT1641,SUP252,2025-10-02,923.72,2840928.57
PO07602,MAT1759,SUP263,2025-03-02,913.25,1572598.24
PO07603,MAT1249,SUP183,2025-12-07,156.83,147291.6
PO07604,MAT0858,SUP272,2025-09-05,117.65,305141.75
PO07605,MAT0216,SUP360,2025-04-27,754.62,2255868.57
PO07606,MAT1652,SUP106,2025-07-08,821.4,3895078.8
PO07607,MAT0152,SUP017,2026-02-10,317.63,658729.68
PO07608,MAT0977,SUP048,2025-03-09,266.04,689320.28
PO07609,MAT1737,SUP391,2025-12-03,426.89,866339.1
PO07610,MAT1218,SUP448,2025-01-14,880.01,3556155.61
PO07611,MAT0533,SUP429,2025-03-09,526.49,954178.89
PO07612,MAT1301,SUP061,2025-05-09,919.22,2271291.51
PO07613,MAT0186,SUP154,2025-08-17,225.25,740169.25
PO07614,MAT1127,SUP222,2025-12-04,614.71,1149003.64
PO07615,MAT0874,SUP088,2025-10-07,453.89,32421.36
PO07616,MAT0461,SUP286,2025-11-10,171.95,497977.52
PO07617,MAT1739,SUP454,2026-08-13,543.32,506314.47
PO07618,MAT0488,SUP452,2025-09-06,835.72,206865.77
PO07619,MAT0732,SUP096,2025-11-27,620.29,1887319.17
PO07620,MAT1386,SUP403,2026-03-02,912.48,1576902.31
PO07621,MAT0295,SUP304,2026-05-08,789.64,282928.01
PO07622,MAT0620,SUP222,2025-03-26,983.11,3875930.84
PO07623,MAT0146,SUP463,2025-09-13,864.41,908218.3
PO07624,MAT0472,SUP344,2025-01-21,791.75,1022070.08
PO07625,MAT0282,SUP131,2025-06-20,436.96,1956108.24
PO07626,MAT0062,SUP183,2025-06-17,744.34,1307634.18
PO07627,MAT0693,SUP111,2026-04-22,731.31,1130956.29
PO07628,MAT0731,SUP261,2025-08-30,408.66,1137157.75
PO07629,MAT1654,SUP468,2025-01-11,52.28,201062.08
PO07630,MAT1762,SUP192,2025-07-27,151.82,362994.03
PO07631,MAT0526,SUP495,2026-07-31,25.74,73041.88
PO07632,MAT1516,SUP129,2025-02-08,706.14,1490485.0
PO07633,MAT0650,SUP258,2025-02-26,438.0,1038226.44
PO07634,MAT1318,SUP300,2026-04-10,412.51,198743.19
PO07635,MAT0395,SUP486,2025-11-16,308.09,44571.38
PO07636,MAT0774,SUP019,2026-04-08,508.21,166423.53
PO07637,MAT0700,SUP165,2025-09-13,843.61,846225.19
PO07638,MAT1819,SUP248,2025-11-29,324.92,472625.38
PO07639,MAT1940,SUP138,2025-02-23,717.25,3006166.89
PO07640,MAT1855,SUP106,2025-10-18,184.28,174854.08
PO07641,MAT0367,SUP084,2025-09-12,133.69,502321.46
PO07642,MAT0259,SUP116,2026-05-20,602.7,2058768.96
PO07643,MAT0585,SUP352,2025-03-04,737.36,1272086.1
PO07644,MAT0499,SUP311,2026-03-30,950.86,4129727.61
PO07645,MAT0367,SUP084,2025-10-02,946.63,3556829.7
PO07646,MAT0885,SUP183,2025-08-19,625.75,2096293.79
PO07647,MAT0159,SUP206,2025-11-10,956.4,1157224.87
PO07648,MAT1845,SUP409,2026-08-12,406.24,1692716.77
PO07649,MAT1005,SUP183,2025-01-20,284.4,260180.5
PO07650,MAT0220,SUP013,2025-08-06,741.95,421071.46
PO07651,MAT0296,SUP436,2025-07-07,793.27,3675941.79
PO07652,MAT0778,SUP313,2025-12-22,182.77,764890.62
PO07653,MAT1920,SUP167,2026-04-26,562.36,1974204.15
PO07654,MAT1888,SUP131,2025-08-16,341.03,1379326.53
PO07655,MAT1847,SUP295,2025-07-22,255.64,815529.95
PO07656,MAT0572,SUP165,2026-06-08,107.62,86433.93
PO07657,MAT0778,SUP313,2025-08-15,253.81,1062192.31
PO07658,MAT0827,SUP341,2026-05-08,240.12,1012691.69
PO07659,MAT0314,SUP030,2025-12-15,256.07,683883.59
PO07660,MAT0744,SUP134,2025-08-02,59.97,146947.49
PO07661,MAT0067,SUP444,2025-08-24,428.87,601455.87
PO07662,MAT1037,SUP234,2025-04-14,846.68,178996.62
PO07663,MAT1942,SUP333,2025-06-06,300.19,1346178.04
PO07664,MAT0634,SUP339,2026-05-03,934.07,3112097.06
PO07665,MAT1150,SUP367,2025-01-23,637.21,900651.73
PO07666,MAT0549,SUP011,2026-07-06,380.57,247419.97
PO07667,MAT0261,SUP046,2026-04-15,165.71,92938.45
PO07668,MAT1628,SUP454,2025-09-05,237.85,351535.16
PO07669,MAT0521,SUP400,2025-02-15,330.95,595041.48
PO07670,MAT0618,SUP028,2025-03-16,405.76,1073519.23
PO07671,MAT0770,SUP332,2025-05-09,256.05,236656.77
PO07672,MAT0590,SUP179,2025-05-16,333.39,1225338.27
PO07673,MAT1869,SUP411,2025-01-30,492.6,2137100.77
PO07674,MAT0200,SUP096,2025-04-02,371.98,845056.72
PO07675,MAT1469,SUP453,2026-01-01,331.02,198108.85
PO07676,MAT1672,SUP165,2026-05-26,63.6,191671.96
PO07677,MAT0496,SUP066,2025-10-01,637.71,1901727.75
PO07678,MAT0649,SUP119,2025-02-23,280.65,968949.74
PO07679,MAT1037,SUP234,2025-06-05,896.41,189510.04
PO07680,MAT0383,SUP298,2025-11-03,946.84,381122.04
PO07681,MAT0808,SUP043,2026-02-07,312.49,1180505.97
PO07682,MAT0132,SUP214,2025-03-22,597.79,2793424.85
PO07683,MAT1427,SUP088,2025-06-10,377.62,1874694.49
PO07684,MAT1029,SUP121,2026-01-17,857.29,2443027.89
PO07685,MAT0966,SUP455,2025-05-15,327.53,58467.38
PO07686,MAT0580,SUP382,2026-06-07,802.78,2110171.45
PO07687,MAT1398,SUP179,2025-02-06,941.97,2231545.77
PO07688,MAT0545,SUP243,2026-06-14,84.61,78197.41
PO07689,MAT0443,SUP262,2025-04-04,846.04,2944244.58
PO07690,MAT1995,SUP462,2025-12-20,904.38,3108688.68
PO07691,MAT0978,SUP270,2025-12-24,718.34,334495.02
PO07692,MAT1549,SUP348,2025-08-17,731.93,853584.09
PO07693,MAT1289,SUP188,2025-11-14,615.13,1594872.16
PO07694,MAT1868,SUP266,2025-09-18,932.28,693700.23
PO07695,MAT0573,SUP145,2025-03-12,620.31,414950.17
PO07696,MAT0513,SUP158,2026-04-27,118.97,208740.0
PO07697,MAT0240,SUP422,2026-05-25,859.74,3277346.07
PO07698,MAT0838,SUP375,2025-11-18,364.36,1641755.15
PO07699,MAT1886,SUP208,2025-05-05,895.2,4443647.47
PO07700,MAT1002,SUP410,2026-02-06,437.92,1369866.31
PO07701,MAT1012,SUP332,2025-08-25,181.94,310446.04
PO07702,MAT0217,SUP086,2026-06-12,635.49,171118.39
PO07703,MAT0392,SUP197,2025-05-15,980.85,2907160.93
PO07704,MAT1906,SUP381,2026-02-24,253.57,582987.86
PO07705,MAT1636,SUP222,2026-03-17,129.12,602373.21
PO07706,MAT1744,SUP350,2026-02-25,142.79,596783.67
PO07707,MAT1195,SUP193,2025-03-18,674.64,2057537.31
PO07708,MAT1048,SUP044,2026-07-04,660.56,3156208.52
PO07709,MAT0736,SUP456,2026-03-19,245.07,119547.6
PO07710,MAT0208,SUP172,2025-05-15,19.17,78340.12
PO07711,MAT0132,SUP214,2025-01-01,463.62,2166459.17
PO07712,MAT0758,SUP130,2025-03-16,319.53,754547.73
PO07713,MAT1834,SUP258,2025-10-24,162.3,696137.16
PO07714,MAT0162,SUP141,2025-11-18,611.04,1714425.48
PO07715,MAT1556,SUP115,2026-01-30,505.97,2335178.04
PO07716,MAT1304,SUP500,2026-01-03,670.97,2482783.58
PO07717,MAT1518,SUP401,2026-03-07,599.69,315083.12
PO07718,MAT1631,SUP251,2026-04-17,878.49,1650884.76
PO07719,MAT0189,SUP471,2025-11-10,197.95,235033.95
PO07720,MAT1571,SUP030,2025-08-09,695.8,1545267.43
PO07721,MAT1378,SUP084,2026-03-09,33.74,19467.98
PO07722,MAT0368,SUP026,2026-06-02,51.61,220706.04
PO07723,MAT1666,SUP488,2025-02-08,118.21,452196.99
PO07724,MAT1546,SUP129,2025-03-22,917.3,215767.31
PO07725,MAT0849,SUP237,2026-03-04,735.41,2786071.37
PO07726,MAT0564,SUP212,2025-02-21,735.35,603575.28
PO07727,MAT1802,SUP187,2025-06-02,490.74,1835372.51
PO07728,MAT1730,SUP385,2026-06-10,529.2,366714.43
PO07729,MAT1549,SUP348,2026-07-25,107.18,124994.39
PO07730,MAT0915,SUP211,2025-08-01,47.88,206263.21
PO07731,MAT0222,SUP244,2026-02-05,659.88,1464220.93
PO07732,MAT1441,SUP006,2026-01-31,938.89,3112748.96
PO07733,MAT1293,SUP435,2026-07-23,527.77,176597.12
PO07734,MAT1561,SUP419,2026-02-22,967.22,4473063.65
PO07735,MAT1469,SUP453,2026-04-30,710.64,425303.83
PO07736,MAT1466,SUP481,2025-12-27,97.71,54578.85
PO07737,MAT1665,SUP146,2025-12-28,933.27,2386968.68
PO07738,MAT1301,SUP061,2025-02-16,993.08,2453791.44
PO07739,MAT1793,SUP075,2025-02-06,664.23,2525276.26
PO07740,MAT0857,SUP028,2026-01-26,340.73,626179.96
PO07741,MAT1530,SUP475,2026-02-14,761.16,1168091.36
PO07742,MAT0065,SUP023,2026-07-04,761.08,3375131.03
PO07743,MAT0397,SUP395,2026-01-25,483.85,1516637.5
PO07744,MAT0019,SUP273,2026-06-21,43.93,110980.36
PO07745,MAT1356,SUP164,2026-05-06,949.75,1883800.63
PO07746,MAT0905,SUP154,2026-05-15,165.03,800176.01
PO07747,MAT1788,SUP329,2025-01-02,726.76,2927570.97
PO07748,MAT0452,SUP179,2026-07-22,121.14,535779.2
PO07749,MAT1008,SUP437,2025-10-25,452.95,1377525.13
PO07750,MAT0890,SUP151,2025-07-17,463.52,1148018.52
PO07751,MAT0119,SUP266,2025-12-27,425.78,1203420.33
PO07752,MAT0187,SUP194,2025-01-19,471.45,1134417.13
PO07753,MAT1787,SUP126,2025-08-17,729.88,1639368.87
PO07754,MAT0965,SUP393,2025-01-30,959.83,905906.75
PO07755,MAT1587,SUP369,2025-08-16,59.22,228388.44
PO07756,MAT1970,SUP485,2026-02-14,607.62,954109.23
PO07757,MAT1278,SUP283,2026-06-17,762.63,3367774.08
PO07758,MAT1945,SUP357,2026-08-22,632.52,1066517.27
PO07759,MAT1765,SUP237,2026-08-07,377.52,1495651.19
PO07760,MAT1534,SUP342,2025-09-19,353.21,701612.81
PO07761,MAT1693,SUP155,2025-10-18,611.49,2331024.34
PO07762,MAT0591,SUP272,2025-07-29,417.54,949673.85
PO07763,MAT1604,SUP262,2025-03-23,267.61,1051214.9
PO07764,MAT0045,SUP023,2026-05-08,270.8,501868.22
PO07765,MAT0957,SUP447,2025-02-06,944.38,3543058.78
PO07766,MAT1121,SUP365,2026-01-24,531.59,1409298.25
PO07767,MAT1575,SUP400,2026-03-04,454.95,681869.96
PO07768,MAT1854,SUP395,2025-03-12,869.71,4027200.85
PO07769,MAT0645,SUP035,2025-12-12,765.23,2057060.68
PO07770,MAT0891,SUP280,2025-04-14,93.16,443932.55
PO07771,MAT1581,SUP031,2025-11-08,360.78,1544188.91
PO07772,MAT0135,SUP436,2025-02-16,357.58,846284.59
PO07773,MAT1010,SUP022,2026-01-10,822.82,470472.02
PO07774,MAT1784,SUP012,2025-08-01,996.94,4409854.43
PO07775,MAT0510,SUP186,2025-09-12,926.87,756464.95
PO07776,MAT1468,SUP098,2025-04-02,508.74,2080710.99
PO07777,MAT0364,SUP471,2026-03-26,217.41,769183.54
PO07778,MAT1130,SUP061,2025-05-31,26.09,47827.41
PO07779,MAT1193,SUP219,2025-02-03,143.36,545678.34
PO07780,MAT1557,SUP447,2026-06-26,836.55,4050717.31
PO07781,MAT1529,SUP105,2025-12-21,434.24,1040013.48
PO07782,MAT1141,SUP323,2025-08-08,247.82,1133298.21
PO07783,MAT1802,SUP187,2026-04-26,706.47,2642204.86
PO07784,MAT1446,SUP138,2026-05-09,796.66,1938911.11
PO07785,MAT0208,SUP172,2025-01-19,680.24,2779868.78
PO07786,MAT1509,SUP034,2025-04-12,384.74,48931.23
PO07787,MAT1449,SUP407,2026-07-25,486.22,2319813.97
PO07788,MAT1373,SUP268,2025-06-14,841.25,4114335.02
PO07789,MAT0552,SUP324,2025-04-21,377.46,1086937.59
PO07790,MAT0995,SUP306,2026-07-15,485.68,2426059.02
PO07791,MAT1355,SUP478,2025-06-07,22.49,91378.22
PO07792,MAT0619,SUP258,2025-04-16,152.14,122979.33
PO07793,MAT1673,SUP407,2025-02-28,147.11,404649.59
PO07794,MAT0780,SUP167,2026-01-19,955.75,4664509.2
PO07795,MAT1167,SUP027,2025-10-25,343.65,25120.81
PO07796,MAT0029,SUP241,2025-01-25,661.6,2100818.18
PO07797,MAT0802,SUP113,2025-12-17,302.83,919997.54
PO07798,MAT0308,SUP016,2025-02-02,512.21,1757853.5
PO07799,MAT1800,SUP076,2025-02-07,669.15,1001751.01
PO07800,MAT0121,SUP313,2026-08-24,919.22,920791.87
PO07801,MAT1325,SUP351,2025-08-02,572.35,2494169.66
PO07802,MAT1766,SUP010,2026-05-23,407.45,466220.59
PO07803,MAT1775,SUP112,2026-04-15,244.53,1213125.56
PO07804,MAT0850,SUP149,2026-06-07,483.53,1198380.75
PO07805,MAT1965,SUP047,2025-11-14,383.73,1751243.95
PO07806,MAT1879,SUP253,2026-02-06,222.41,227218.5
PO07807,MAT1573,SUP337,2025-07-27,800.35,2641251.04
PO07808,MAT0071,SUP339,2025-10-16,256.24,401566.52
PO07809,MAT0992,SUP463,2025-08-14,774.72,2871863.8
PO07810,MAT1347,SUP080,2025-03-02,37.22,12155.31
PO07811,MAT0781,SUP429,2026-08-18,88.67,339865.9
PO07812,MAT1394,SUP433,2025-08-17,319.74,1522800.12
PO07813,MAT1683,SUP360,2025-11-11,622.28,644912.32
PO07814,MAT0194,SUP051,2025-08-20,986.06,1182394.41
PO07815,MAT1363,SUP236,2026-05-19,694.73,2907097.68
PO07816,MAT0726,SUP365,2025-10-12,115.29,237481.26
PO07817,MAT0643,SUP278,2026-08-05,570.73,612650.12
PO07818,MAT1686,SUP146,2026-02-27,320.95,944594.36
PO07819,MAT0017,SUP029,2025-10-05,419.18,445123.05
PO07820,MAT1443,SUP268,2026-02-01,161.08,746861.92
PO07821,MAT0734,SUP291,2026-05-24,696.26,2464182.5
PO07822,MAT0318,SUP278,2026-01-03,108.78,99969.91
PO07823,MAT0921,SUP153,2026-01-22,165.19,744651.74
PO07824,MAT1862,SUP482,2025-12-11,163.65,608152.86
PO07825,MAT0529,SUP265,2025-12-02,635.52,62363.58
PO07826,MAT0072,SUP180,2025-02-27,14.14,3671.59
PO07827,MAT1949,SUP016,2025-05-11,257.31,940956.94
PO07828,MAT0918,SUP249,2025-05-13,232.21,1151041.75
PO07829,MAT1618,SUP357,2025-10-21,48.56,60462.06
PO07830,MAT1013,SUP497,2026-01-27,746.12,2878262.36
PO07831,MAT1007,SUP133,2026-04-08,854.58,3362926.12
PO07832,MAT1106,SUP233,2025-04-15,192.61,482461.08
PO07833,MAT0739,SUP149,2025-03-22,662.7,149014.72
PO07834,MAT1917,SUP417,2026-06-16,568.22,1910293.14
PO07835,MAT0645,SUP035,2025-02-14,827.81,2225285.73
PO07836,MAT1802,SUP187,2025-04-15,923.8,3455021.24
PO07837,MAT0035,SUP225,2025-06-19,774.48,2042768.45
PO07838,MAT1233,SUP480,2026-06-04,883.74,3301528.92
PO07839,MAT1880,SUP116,2025-01-13,343.45,1280646.06
PO07840,MAT1794,SUP212,2026-02-27,408.52,307472.58
PO07841,MAT0436,SUP324,2025-02-14,712.54,744176.78
PO07842,MAT1393,SUP206,2025-04-28,851.3,3653907.29
PO07843,MAT1141,SUP323,2025-08-11,583.32,2667563.19
PO07844,MAT0530,SUP205,2026-05-15,531.93,226783.04
PO07845,MAT0424,SUP487,2025-10-28,773.61,1430056.77
PO07846,MAT0908,SUP035,2026-05-13,638.54,2564293.63
PO07847,MAT1365,SUP376,2025-02-04,587.87,2055081.82
PO07848,MAT1429,SUP373,2026-01-26,801.66,1639747.43
PO07849,MAT0513,SUP158,2026-03-03,92.07,161542.34
PO07850,MAT0661,SUP212,2025-05-24,478.9,1092792.33
PO07851,MAT1752,SUP026,2025-11-27,830.84,2864420.6
PO07852,MAT0228,SUP096,2025-10-16,309.72,515259.48
PO07853,MAT0913,SUP415,2025-06-09,24.67,105371.24
PO07854,MAT1188,SUP282,2025-06-13,801.25,977316.68
PO07855,MAT0492,SUP452,2025-09-23,697.14,1552879.35
PO07856,MAT1568,SUP225,2025-06-02,258.55,1161117.02
PO07857,MAT0334,SUP176,2026-07-12,838.03,3725261.24
PO07858,MAT1627,SUP146,2025-07-15,726.95,462943.57
PO07859,MAT1430,SUP119,2025-09-08,869.62,3099864.84
PO07860,MAT1233,SUP480,2025-08-29,467.4,1746140.96
PO07861,MAT0564,SUP212,2025-11-04,373.32,306421.06
PO07862,MAT1696,SUP287,2025-08-20,943.59,2336291.1
PO07863,MAT0382,SUP134,2025-04-23,914.27,1376479.2
PO07864,MAT1021,SUP005,2025-02-02,698.5,3147461.95
PO07865,MAT0709,SUP351,2026-01-25,682.25,1623209.2
PO07866,MAT0114,SUP299,2025-05-05,920.89,3677979.41
PO07867,MAT1749,SUP218,2025-05-05,608.24,2317436.98
PO07868,MAT0373,SUP262,2025-09-12,672.84,1903605.66
PO07869,MAT1487,SUP222,2026-02-23,16.34,55911.23
PO07870,MAT0932,SUP480,2025-03-29,34.26,52151.94
PO07871,MAT1921,SUP395,2026-04-11,931.37,3035353.46
PO07872,MAT0855,SUP499,2025-04-05,874.62,1659460.26
PO07873,MAT1971,SUP379,2026-08-05,834.98,2250062.36
PO07874,MAT1389,SUP445,2025-05-08,832.51,2097608.85
PO07875,MAT1832,SUP339,2026-08-18,806.2,1216749.29
PO07876,MAT1065,SUP180,2025-05-09,736.3,2169537.4
PO07877,MAT1286,SUP351,2026-01-23,956.85,3353299.96
PO07878,MAT0671,SUP095,2025-05-27,889.51,286929.24
PO07879,MAT0386,SUP399,2026-05-13,415.11,1022635.94
PO07880,MAT0666,SUP158,2026-07-20,672.39,2463838.68
PO07881,MAT1767,SUP216,2025-08-05,296.57,497442.79
PO07882,MAT0460,SUP236,2025-02-16,228.24,54216.13
PO07883,MAT1173,SUP335,2025-03-22,288.09,31491.12
PO07884,MAT0757,SUP067,2025-07-22,758.06,2500953.65
PO07885,MAT0232,SUP262,2026-06-13,112.61,238764.73
PO07886,MAT1392,SUP482,2026-07-30,637.15,3096434.31
PO07887,MAT1350,SUP336,2025-11-16,19.61,22907.03
PO07888,MAT1041,SUP480,2025-12-17,922.41,4105490.1
PO07889,MAT1331,SUP448,2025-08-26,165.01,532972.4
PO07890,MAT0897,SUP165,2025-04-29,450.48,85289.38
PO07891,MAT1655,SUP108,2025-01-03,316.62,855060.81
PO07892,MAT0464,SUP476,2026-04-07,48.17,27715.57
PO07893,MAT1695,SUP041,2026-01-05,419.93,1771621.68
PO07894,MAT1374,SUP029,2026-08-10,747.39,1488681.3
PO07895,MAT0550,SUP182,2025-02-18,808.61,2734961.6
PO07896,MAT1326,SUP197,2026-01-31,458.7,1792549.14
PO07897,MAT0342,SUP190,2025-10-31,663.98,1247312.99
PO07898,MAT1954,SUP032,2026-05-31,464.18,159106.98
PO07899,MAT0918,SUP249,2025-08-06,78.52,389215.79
PO07900,MAT1764,SUP209,2025-07-22,113.52,16194.76
PO07901,MAT1097,SUP053,2025-12-29,765.3,2292930.64
PO07902,MAT1036,SUP074,2026-02-04,279.05,189547.5
PO07903,MAT0208,SUP172,2026-05-01,133.89,547154.87
PO07904,MAT0029,SUP241,2025-06-06,463.15,1470667.98
PO07905,MAT0961,SUP224,2026-04-29,603.65,3003913.31
PO07906,MAT1300,SUP216,2025-02-25,460.44,2076556.77
PO07907,MAT0089,SUP085,2025-10-02,37.05,61027.65
PO07908,MAT0997,SUP010,2025-08-08,859.27,2494632.66
PO07909,MAT1176,SUP492,2026-04-06,272.87,823887.31
PO07910,MAT1745,SUP336,2026-08-18,617.3,2486218.96
PO07911,MAT1640,SUP487,2026-06-22,455.28,1954485.17
PO07912,MAT1581,SUP031,2025-08-24,254.46,1089124.42
PO07913,MAT1623,SUP225,2025-04-20,710.94,1825622.83
PO07914,MAT0765,SUP335,2026-02-07,750.32,3502358.7
PO07915,MAT0210,SUP377,2025-10-23,98.07,474700.97
PO07916,MAT0619,SUP258,2026-02-19,963.84,779100.79
PO07917,MAT0684,SUP260,2025-03-14,14.26,23577.77
PO07918,MAT1358,SUP181,2026-01-30,26.75,66776.56
PO07919,MAT0779,SUP305,2025-06-21,432.36,493681.62
PO07920,MAT1075,SUP114,2026-04-07,357.09,1358434.64
PO07921,MAT1071,SUP462,2025-03-08,705.79,2385499.62
PO07922,MAT0072,SUP180,2026-07-24,55.02,14286.49
PO07923,MAT1341,SUP097,2026-05-16,926.21,704327.13
PO07924,MAT0735,SUP073,2026-02-11,249.02,1224859.65
PO07925,MAT0797,SUP122,2025-02-07,90.4,393776.98
PO07926,MAT0373,SUP262,2026-07-01,606.54,1716029.03
PO07927,MAT1265,SUP340,2025-12-07,302.37,369995.05
PO07928,MAT0637,SUP475,2025-04-07,174.09,42960.19
PO07929,MAT1509,SUP034,2025-08-20,402.2,51151.8
PO07930,MAT1287,SUP366,2026-02-02,931.71,3286914.49
PO07931,MAT0394,SUP455,2025-01-22,70.82,123689.25
PO07932,MAT0256,SUP082,2026-03-28,297.69,152426.21
PO07933,MAT0273,SUP393,2026-06-18,406.01,871581.67
PO07934,MAT1424,SUP004,2025-11-04,878.05,3443597.95
PO07935,MAT0843,SUP076,2026-01-23,777.15,1460785.54
PO07936,MAT0395,SUP486,2026-08-21,818.15,118361.76
PO07937,MAT0834,SUP230,2025-10-06,513.68,2506018.7
PO07938,MAT0301,SUP076,2026-06-14,78.64,280762.89
PO07939,MAT1576,SUP358,2025-01-13,899.2,2285811.36
PO07940,MAT1729,SUP015,2025-09-10,411.23,1063198.15
PO07941,MAT1164,SUP344,2025-04-20,35.1,119447.06
PO07942,MAT0376,SUP207,2025-02-24,922.14,3153479.04
PO07943,MAT1588,SUP382,2026-04-12,799.95,562180.86
PO07944,MAT1995,SUP462,2025-01-05,755.96,2598514.23
PO07945,MAT0192,SUP476,2026-04-01,491.42,752570.42
PO07946,MAT0565,SUP147,2025-08-16,657.3,1773881.8
PO07947,MAT1507,SUP497,2025-11-17,578.38,1457338.3
PO07948,MAT1344,SUP395,2025-11-14,599.56,824335.04
PO07949,MAT0032,SUP298,2025-07-26,817.71,3903297.8
PO07950,MAT1380,SUP292,2025-02-07,449.71,122379.58
PO07951,MAT1418,SUP091,2025-04-16,119.54,357987.63
PO07952,MAT0684,SUP260,2025-03-17,447.93,740616.42
PO07953,MAT0428,SUP101,2026-08-11,706.45,457560.6
PO07954,MAT1845,SUP409,2026-03-10,833.83,3474394.51
PO07955,MAT0355,SUP293,2025-02-07,285.25,682198.2
PO07956,MAT1308,SUP438,2025-01-25,178.52,564674.83
PO07957,MAT0482,SUP201,2025-04-06,275.37,1228871.67
PO07958,MAT1983,SUP490,2025-10-28,95.27,139074.19
PO07959,MAT0721,SUP273,2026-01-01,340.85,675022.75
PO07960,MAT1709,SUP089,2026-03-10,453.26,122525.24
PO07961,MAT1207,SUP384,2025-08-21,240.04,1117045.34
PO07962,MAT1658,SUP204,2026-06-16,310.01,80388.69
PO07963,MAT0388,SUP403,2026-08-02,733.11,506256.44
PO07964,MAT0051,SUP485,2025-12-17,380.29,1556405.28
PO07965,MAT1743,SUP018,2025-06-15,236.52,1134028.25
PO07966,MAT0601,SUP428,2025-04-22,485.24,211457.89
PO07967,MAT0316,SUP479,2025-01-28,820.36,756125.81
PO07968,MAT0354,SUP445,2025-08-28,366.59,1615441.16
PO07969,MAT1863,SUP108,2025-01-02,877.67,3518552.7
PO07970,MAT1676,SUP102,2025-02-26,318.01,1385016.23
PO07971,MAT0341,SUP158,2026-08-23,587.77,1399586.17
PO07972,MAT0984,SUP161,2026-01-29,630.24,2290462.32
PO07973,MAT1744,SUP350,2025-12-23,222.3,929091.74
PO07974,MAT0518,SUP030,2026-01-31,720.46,2319477.74
PO07975,MAT1840,SUP046,2026-05-05,651.12,822931.03
PO07976,MAT0177,SUP282,2026-04-13,243.0,321676.11
PO07977,MAT0839,SUP013,2026-04-11,224.29,696808.47
PO07978,MAT0435,SUP071,2026-08-05,870.36,2639366.7
PO07979,MAT0495,SUP303,2026-03-14,697.53,2269713.79
PO07980,MAT1164,SUP344,2025-06-08,280.32,953942.98
PO07981,MAT1343,SUP197,2026-05-23,720.48,428455.05
PO07982,MAT1900,SUP473,2025-06-05,929.8,2780315.85
PO07983,MAT0464,SUP476,2025-07-20,794.85,457332.84
PO07984,MAT1626,SUP221,2026-07-28,824.46,1176809.47
PO07985,MAT0505,SUP268,2026-06-23,382.35,720106.52
PO07986,MAT0324,SUP363,2025-12-04,970.05,3378800.56
PO07987,MAT1546,SUP129,2025-09-07,837.24,196935.59
PO07988,MAT0415,SUP134,2025-06-07,867.1,96404.18
PO07989,MAT0307,SUP483,2026-02-02,557.87,167729.19
PO07990,MAT1268,SUP333,2025-04-05,268.17,544462.87
PO07991,MAT1922,SUP439,2025-03-22,991.12,1687015.09
PO07992,MAT1048,SUP044,2025-09-05,280.74,1341398.18
PO07993,MAT0222,SUP244,2025-07-25,793.12,1759869.83
PO07994,MAT0911,SUP264,2026-05-09,918.24,3098343.77
PO07995,MAT1849,SUP333,2026-02-04,445.92,1681983.48
PO07996,MAT1608,SUP138,2025-02-04,436.12,1826575.23
PO07997,MAT1478,SUP363,2026-01-10,370.2,1219320.34
PO07998,MAT1424,SUP004,2025-04-14,482.91,1893910.24
PO07999,MAT0257,SUP341,2025-08-23,826.51,253201.34
PO08000,MAT1544,SUP256,2026-04-19,611.45,1010182.66
PO08001,MAT0678,SUP371,2025-05-02,882.03,4121514.5
PO08002,MAT1304,SUP500,2025-05-05,394.7,1460504.46
PO08003,MAT0604,SUP184,2025-12-14,34.25,120820.98
PO08004,MAT0806,SUP023,2026-07-25,616.23,3054528.86
PO08005,MAT1447,SUP382,2026-01-15,752.61,1662146.71
PO08006,MAT0939,SUP232,2026-02-07,309.24,1352569.37
PO08007,MAT1791,SUP247,2025-08-02,821.41,1232254.64
PO08008,MAT1741,SUP256,2026-07-02,697.02,187519.29
PO08009,MAT0566,SUP393,2026-04-04,25.42,101678.22
PO08010,MAT1908,SUP389,2025-10-31,666.0,773852.04
PO08011,MAT1311,SUP157,2025-12-02,367.01,421250.41
PO08012,MAT1494,SUP342,2025-01-06,848.49,1839712.99
PO08013,MAT1034,SUP190,2025-08-25,603.31,1232942.42
PO08014,MAT1132,SUP468,2025-09-01,258.03,23800.69
PO08015,MAT0805,SUP297,2025-05-16,480.68,2146005.47
PO08016,MAT0639,SUP257,2025-04-12,727.06,2958312.62
PO08017,MAT0152,SUP017,2026-02-09,403.56,836939.05
PO08018,MAT0824,SUP214,2026-08-21,965.23,4499921.56
PO08019,MAT1058,SUP261,2026-01-06,328.93,643383.79
PO08020,MAT0615,SUP423,2025-02-26,335.97,1379694.4
PO08021,MAT1608,SUP138,2025-06-27,395.54,1656616.45
PO08022,MAT0203,SUP267,2025-02-24,17.02,58588.12
PO08023,MAT1068,SUP259,2025-03-24,785.93,3478101.78
PO08024,MAT0653,SUP091,2025-04-24,670.55,2911722.56
PO08025,MAT1597,SUP284,2025-02-26,92.33,32409.68
PO08026,MAT1081,SUP374,2025-12-01,429.89,429748.14
PO08027,MAT0019,SUP273,2026-03-02,79.71,201371.37
PO08028,MAT1301,SUP061,2026-08-23,465.08,1149161.52
PO08029,MAT0510,SUP186,2026-07-30,265.34,216557.24
PO08030,MAT0718,SUP050,2025-09-16,968.26,892793.82
PO08031,MAT1198,SUP329,2026-06-11,91.08,36669.72
PO08032,MAT0461,SUP286,2025-03-31,856.86,2481517.97
PO08033,MAT1961,SUP255,2025-01-02,56.41,171336.35
PO08034,MAT1595,SUP117,2026-07-24,516.87,401690.69
PO08035,MAT0028,SUP330,2025-07-17,535.55,883593.23
PO08036,MAT0447,SUP062,2025-11-07,669.35,168100.56
PO08037,MAT0058,SUP295,2026-01-20,833.89,3007666.11
PO08038,MAT0104,SUP026,2025-02-22,766.52,1916093.04
PO08039,MAT1082,SUP453,2026-07-29,854.17,50976.87
PO08040,MAT1204,SUP466,2026-05-05,136.58,599071.29
PO08041,MAT1443,SUP268,2025-08-12,82.84,384095.12
PO08042,MAT0562,SUP306,2025-09-28,668.66,2122119.56
PO08043,MAT0351,SUP204,2026-06-26,133.62,222387.77
PO08044,MAT1737,SUP391,2026-04-23,949.2,1926325.46
PO08045,MAT1117,SUP301,2025-09-08,631.85,2703976.8
PO08046,MAT1074,SUP091,2026-02-27,857.52,572463.2
PO08047,MAT1031,SUP378,2026-01-07,969.73,553589.77
PO08048,MAT0844,SUP180,2026-03-06,79.51,388703.72
PO08049,MAT1617,SUP264,2025-05-22,135.18,621446.79
PO08050,MAT0455,SUP350,2025-03-15,774.38,1500585.82
PO08051,MAT0552,SUP324,2026-06-28,551.48,1588047.32
PO08052,MAT1985,SUP066,2025-05-24,30.78,153223.15
PO08053,MAT1148,SUP381,2025-08-07,753.15,1487855.36
PO08054,MAT0753,SUP173,2026-06-23,729.96,1168439.67
PO08055,MAT1246,SUP336,2026-02-12,823.73,2394525.45
PO08056,MAT1872,SUP207,2025-05-05,485.89,2210537.12
PO08057,MAT0285,SUP214,2025-03-06,641.69,893700.91
PO08058,MAT1713,SUP321,2025-08-17,830.19,3192313.0
PO08059,MAT1025,SUP048,2025-06-09,197.69,549843.1
PO08060,MAT0021,SUP208,2025-09-26,766.93,1137433.88
PO08061,MAT0025,SUP262,2026-03-23,611.48,2772645.99
PO08062,MAT0927,SUP192,2026-03-10,511.68,827197.24
PO08063,MAT1440,SUP193,2025-11-21,913.93,2911854.09
PO08064,MAT0633,SUP405,2025-03-09,419.69,584561.02
PO08065,MAT0328,SUP170,2026-04-19,440.2,540600.82
PO08066,MAT0208,SUP172,2025-01-16,838.24,3425551.58
PO08067,MAT0162,SUP141,2025-05-31,233.07,653936.15
PO08068,MAT0483,SUP257,2026-08-15,669.76,333701.22
PO08069,MAT1190,SUP147,2026-08-09,736.83,1671823.06
PO08070,MAT0032,SUP298,2025-07-03,977.74,4667193.0
PO08071,MAT1371,SUP203,2025-05-24,790.51,2700002.72
PO08072,MAT1411,SUP460,2026-07-01,157.69,736792.33
PO08073,MAT1680,SUP351,2026-02-16,806.99,3247271.27
PO08074,MAT1401,SUP059,2025-04-15,183.06,421067.29
PO08075,MAT1424,SUP004,2025-09-04,466.48,1829473.92
PO08076,MAT1657,SUP376,2025-09-24,608.96,2863981.51
PO08077,MAT0303,SUP237,2026-08-05,327.67,1320277.45
PO08078,MAT0558,SUP317,2025-06-19,936.92,437860.19
PO08079,MAT0758,SUP130,2025-11-17,193.16,456133.82
PO08080,MAT1751,SUP025,2026-03-01,763.99,1103568.28
PO08081,MAT0895,SUP351,2025-09-22,308.27,888569.78
PO08082,MAT0374,SUP351,2026-06-17,285.64,695422.0
PO08083,MAT1836,SUP353,2025-09-12,803.42,1033792.65
PO08084,MAT1996,SUP030,2026-03-16,769.08,2964834.16
PO08085,MAT1825,SUP475,2026-07-10,440.66,480738.03
PO08086,MAT0496,SUP066,2025-04-26,873.39,2604553.79
PO08087,MAT0019,SUP273,2025-04-29,83.64,211299.73
PO08088,MAT0908,SUP035,2025-08-16,228.58,917947.56
PO08089,MAT0985,SUP495,2026-03-13,264.93,290042.71
PO08090,MAT1687,SUP288,2026-06-17,34.28,110584.54
PO08091,MAT0186,SUP154,2026-07-30,504.69,1658406.29
PO08092,MAT0267,SUP435,2025-03-29,842.5,898913.8
PO08093,MAT1100,SUP224,2025-11-21,705.46,3386715.93
PO08094,MAT1707,SUP464,2025-02-27,773.21,2802553.77
PO08095,MAT1097,SUP053,2026-02-02,701.61,2102107.75
PO08096,MAT1209,SUP376,2025-06-20,782.2,699787.41
PO08097,MAT0424,SUP487,2026-06-28,484.12,894920.03
PO08098,MAT0493,SUP077,2025-02-23,180.01,149213.89
PO08099,MAT1057,SUP193,2025-12-31,581.36,178361.25
PO08100,MAT0146,SUP463,2025-06-05,25.65,26949.94
PO08101,MAT1930,SUP292,2025-09-30,954.98,1578572.39
PO08102,MAT0894,SUP069,2025-08-30,473.28,1700414.58
PO08103,MAT0903,SUP194,2025-04-30,418.33,829125.88
PO08104,MAT1080,SUP302,2026-02-11,401.32,1501968.19
PO08105,MAT1221,SUP002,2025-01-24,224.2,29666.14
PO08106,MAT1921,SUP395,2025-07-14,330.76,1077953.46
PO08107,MAT0416,SUP266,2025-11-01,81.74,282558.83
PO08108,MAT0215,SUP246,2025-01-07,183.46,373155.81
PO08109,MAT1023,SUP455,2025-11-24,351.25,1365740.79
PO08110,MAT1776,SUP393,2026-08-05,951.87,2639392.73
PO08111,MAT0655,SUP314,2026-04-25,771.87,2307381.87
PO08112,MAT0389,SUP495,2026-04-12,970.47,1889912.69
PO08113,MAT1989,SUP175,2026-08-08,203.61,939275.33
PO08114,MAT1732,SUP001,2026-01-03,976.98,1018022.93
PO08115,MAT0987,SUP336,2026-08-16,322.69,751161.01
PO08116,MAT1525,SUP290,2025-12-21,76.77,266271.37
PO08117,MAT0843,SUP076,2025-05-30,262.31,493056.24
PO08118,MAT1152,SUP451,2026-04-08,276.74,644253.49
PO08119,MAT0960,SUP028,2025-03-29,82.76,79164.08
PO08120,MAT1473,SUP500,2026-05-06,678.66,1115350.56
PO08121,MAT1261,SUP132,2026-02-05,963.54,451726.82
PO08122,MAT1652,SUP106,2026-04-12,21.73,103043.66
PO08123,MAT0155,SUP153,2026-06-25,431.44,1459915.3
PO08124,MAT1214,SUP249,2025-12-30,399.02,38728.88
PO08125,MAT1742,SUP197,2026-04-20,864.22,1864355.88
PO08126,MAT0654,SUP219,2025-04-17,112.38,437412.18
PO08127,MAT0055,SUP003,2026-01-09,948.59,136663.36
PO08128,MAT1839,SUP423,2025-10-26,732.98,3207564.46
PO08129,MAT0394,SUP455,2025-06-14,213.23,372412.59
PO08130,MAT1281,SUP094,2025-02-01,798.52,3938236.76
PO08131,MAT0114,SUP299,2026-07-11,52.53,209801.67
PO08132,MAT1617,SUP264,2026-02-12,956.68,4398030.16
PO08133,MAT0833,SUP106,2025-02-02,745.68,2647402.62
PO08134,MAT1679,SUP456,2026-06-05,702.43,1995505.29
PO08135,MAT1255,SUP093,2026-08-15,964.37,2359572.3
PO08136,MAT0034,SUP366,2025-09-16,994.28,2532948.19
PO08137,MAT0653,SUP091,2026-07-27,147.92,642311.54
PO08138,MAT1135,SUP301,2026-04-23,230.94,877625.12
PO08139,MAT1373,SUP268,2025-06-25,801.38,3919341.22
PO08140,MAT0076,SUP486,2025-02-10,889.1,1681705.98
PO08141,MAT0034,SUP366,2026-06-19,529.52,1348962.79
PO08142,MAT1989,SUP175,2025-03-27,180.05,830590.46
PO08143,MAT1065,SUP180,2026-03-28,237.23,699007.68
PO08144,MAT1808,SUP187,2026-03-14,981.77,1985659.28
PO08145,MAT1752,SUP026,2025-10-25,549.32,1893846.62
PO08146,MAT0252,SUP408,2025-06-02,192.05,387689.41
PO08147,MAT0593,SUP123,2026-04-29,142.4,515341.33
PO08148,MAT0396,SUP302,2025-03-07,621.01,550506.73
PO08149,MAT1998,SUP352,2025-01-24,554.91,1090120.69
PO08150,MAT0005,SUP211,2025-05-22,549.32,2402923.44
PO08151,MAT0348,SUP487,2025-09-17,831.31,752959.03
PO08152,MAT1617,SUP264,2025-03-13,442.48,2034160.21
PO08153,MAT0973,SUP146,2025-06-14,495.16,320358.62
PO08154,MAT0673,SUP056,2026-03-17,764.41,3798345.65
PO08155,MAT0986,SUP223,2025-08-03,632.94,87776.12
PO08156,MAT1856,SUP277,2025-12-01,75.56,360842.07
PO08157,MAT0348,SUP487,2025-12-02,359.95,326024.71
PO08158,MAT0952,SUP171,2025-04-04,687.59,1637234.3
PO08159,MAT1701,SUP140,2025-01-20,28.14,91559.96
PO08160,MAT0424,SUP487,2026-01-08,886.15,1638092.58
PO08161,MAT0623,SUP102,2025-02-03,518.13,1039798.83
PO08162,MAT0141,SUP239,2025-11-07,691.75,581485.05
PO08163,MAT0311,SUP197,2025-09-20,712.91,1515083.46
PO08164,MAT1354,SUP320,2025-05-12,434.98,771876.36
PO08165,MAT0364,SUP471,2025-06-27,215.91,763876.63
PO08166,MAT0092,SUP338,2025-02-18,22.74,82253.54
PO08167,MAT1823,SUP327,2026-03-05,20.63,85029.85
PO08168,MAT1460,SUP216,2026-04-08,143.29,95181.82
PO08169,MAT1530,SUP475,2025-09-04,329.02,504920.67
PO08170,MAT0656,SUP234,2025-06-07,748.36,3289049.68
PO08171,MAT1032,SUP233,2026-06-26,238.6,185019.98
PO08172,MAT0812,SUP361,2025-07-14,672.97,2899753.7
PO08173,MAT0033,SUP310,2025-05-26,878.38,2223856.13
PO08174,MAT0864,SUP160,2025-10-09,205.52,151698.42
PO08175,MAT1604,SUP262,2026-04-13,337.59,1326107.53
PO08176,MAT0771,SUP357,2025-07-29,578.57,2596321.3
PO08177,MAT0348,SUP487,2026-03-22,769.84,697282.58
PO08178,MAT0561,SUP479,2025-05-25,850.93,2353076.73
PO08179,MAT0776,SUP019,2026-07-28,39.83,98381.29
PO08180,MAT0808,SUP043,2025-04-25,872.49,3296040.37
PO08181,MAT0908,SUP035,2026-02-10,228.9,919232.64
PO08182,MAT0765,SUP335,2026-03-09,841.83,3929510.91
PO08183,MAT0264,SUP352,2026-03-13,616.09,2653382.57
PO08184,MAT1468,SUP098,2026-07-26,476.53,1948974.34
PO08185,MAT0378,SUP372,2025-11-09,19.16,66049.69
PO08186,MAT0548,SUP382,2025-07-31,859.55,1148238.46
PO08187,MAT1477,SUP175,2025-09-18,380.08,1550452.74
PO08188,MAT1429,SUP373,2025-09-16,73.63,150605.75
PO08189,MAT1210,SUP250,2025-01-20,395.64,1004110.58
PO08190,MAT0073,SUP328,2026-03-23,397.05,167336.72
PO08191,MAT0602,SUP372,2026-08-18,469.66,1259496.62
PO08192,MAT1238,SUP429,2025-02-01,688.92,1738951.2
PO08193,MAT0613,SUP128,2025-10-22,297.25,391897.37
PO08194,MAT1364,SUP424,2025-12-06,556.8,181817.47
PO08195,MAT1603,SUP477,2025-04-13,335.91,1533015.98
PO08196,MAT1200,SUP357,2025-04-08,494.9,1619307.85
PO08197,MAT0037,SUP169,2025-11-03,151.27,425359.14
PO08198,MAT1856,SUP277,2026-02-27,831.83,3972462.39
PO08199,MAT1690,SUP343,2025-06-24,520.57,565375.46
PO08200,MAT1273,SUP186,2026-08-24,138.3,539570.54
PO08201,MAT0551,SUP315,2025-04-09,127.83,299834.21
PO08202,MAT0429,SUP367,2025-01-07,324.67,189425.46
PO08203,MAT1389,SUP445,2025-01-19,657.65,1657028.09
PO08204,MAT1287,SUP366,2026-02-22,619.12,2184150.11
PO08205,MAT0205,SUP154,2026-03-02,107.73,422754.07
PO08206,MAT0399,SUP360,2025-07-19,130.95,139749.84
PO08207,MAT1960,SUP056,2025-06-16,711.26,2440340.17
PO08208,MAT0453,SUP112,2026-01-17,168.2,450098.15
PO08209,MAT0627,SUP075,2025-09-08,699.35,190321.11
PO08210,MAT1024,SUP172,2025-05-17,664.05,2416637.32
PO08211,MAT0404,SUP121,2026-07-20,936.09,105881.14
PO08212,MAT0717,SUP429,2025-11-29,508.18,312988.06
PO08213,MAT0261,SUP046,2026-07-16,201.18,112831.8
PO08214,MAT0927,SUP192,2026-04-12,651.44,1053137.45
PO08215,MAT0418,SUP330,2025-11-08,242.66,619404.21
PO08216,MAT0807,SUP202,2025-10-05,742.77,3014234.94
PO08217,MAT0795,SUP459,2025-11-10,501.97,1817608.27
PO08218,MAT0044,SUP068,2026-02-19,182.61,349654.32
PO08219,MAT1573,SUP337,2025-12-15,748.69,2470766.84
PO08220,MAT1718,SUP396,2025-07-23,599.86,1365209.38
PO08221,MAT0387,SUP232,2025-02-17,773.87,840763.32
PO08222,MAT0612,SUP020,2025-03-31,124.65,225678.82
PO08223,MAT1250,SUP223,2025-12-04,778.53,2455102.14
PO08224,MAT1128,SUP013,2025-11-29,326.15,729388.81
PO08225,MAT1275,SUP090,2026-03-22,836.48,3057518.43
PO08226,MAT0808,SUP043,2026-04-20,450.87,1703269.63
PO08227,MAT1823,SUP327,2026-07-11,556.64,2294280.82
PO08228,MAT0709,SUP351,2025-07-01,407.85,970356.72
PO08229,MAT1486,SUP207,2025-08-15,91.63,274023.18
PO08230,MAT1984,SUP390,2026-04-01,283.6,568558.44
PO08231,MAT0254,SUP458,2025-01-20,969.68,269008.63
PO08232,MAT1857,SUP104,2025-01-21,262.18,225023.85
PO08233,MAT1434,SUP381,2026-01-03,804.32,3955565.33
PO08234,MAT0216,SUP360,2026-07-01,891.99,2666523.83
PO08235,MAT0981,SUP218,2026-06-04,16.92,8759.48
PO08236,MAT1085,SUP273,2026-04-28,126.56,204445.02
PO08237,MAT1740,SUP257,2026-07-11,437.45,1343977.64
PO08238,MAT1751,SUP025,2025-11-13,828.55,1196823.9
PO08239,MAT0195,SUP016,2025-05-15,186.31,731930.01
PO08240,MAT0977,SUP048,2025-08-14,374.3,969826.27
PO08241,MAT0535,SUP318,2025-12-03,960.03,2387671.41
PO08242,MAT1594,SUP226,2025-10-30,664.14,881400.12
PO08243,MAT0167,SUP105,2026-01-09,600.29,1951656.85
PO08244,MAT1169,SUP173,2025-07-05,54.74,186980.89
PO08245,MAT1281,SUP094,2025-12-28,567.9,2800837.37
PO08246,MAT0047,SUP226,2026-03-30,327.96,1265505.81
PO08247,MAT1379,SUP097,2026-05-23,603.59,632888.26
PO08248,MAT0554,SUP455,2025-04-01,115.91,453882.7
PO08249,MAT0248,SUP425,2025-07-12,787.4,3007308.95
PO08250,MAT1280,SUP377,2026-07-16,231.26,72079.12
PO08251,MAT0439,SUP414,2025-11-09,761.01,2007171.49
PO08252,MAT1761,SUP293,2026-04-24,417.56,2077298.37
PO08253,MAT1091,SUP499,2025-05-27,447.73,2054068.83
PO08254,MAT1749,SUP218,2025-09-14,331.89,1264524.13
PO08255,MAT0343,SUP239,2025-04-17,96.89,113351.61
PO08256,MAT0072,SUP180,2026-02-03,10.56,2742.01
PO08257,MAT1994,SUP369,2026-08-07,979.12,3558308.11
PO08258,MAT0883,SUP187,2026-01-01,968.3,1671508.51
PO08259,MAT0707,SUP183,2026-08-08,470.11,796855.25
PO08260,MAT1921,SUP395,2025-02-09,800.01,2607248.59
PO08261,MAT1324,SUP149,2025-04-22,879.41,4204652.68
PO08262,MAT0389,SUP495,2025-06-21,189.72,369464.52
PO08263,MAT0802,SUP113,2025-07-30,209.4,636157.2
PO08264,MAT1353,SUP220,2026-06-19,599.16,1023053.72
PO08265,MAT1076,SUP321,2026-01-20,-99.0,284344.8
PO08266,MAT1921,SUP395,2026-06-11,203.8,664188.28
PO08267,MAT0268,SUP152,2026-04-15,438.3,1722440.11
PO08268,MAT0774,SUP019,2025-03-14,138.61,45390.62
PO08269,MAT1562,SUP413,2026-06-04,639.26,2893546.46
PO08270,MAT1785,SUP235,2026-06-13,590.84,2144246.99
PO08271,MAT0759,SUP355,2025-08-21,16.96,22451.99
PO08272,MAT0065,SUP023,2026-05-23,287.96,1277004.69
PO08273,MAT0477,SUP348,2025-04-19,743.07,3266186.48
PO08274,MAT1696,SUP287,2025-09-10,733.22,1815423.39
PO08275,MAT0726,SUP365,2026-08-09,608.25,1252909.84
PO08276,MAT1634,SUP496,2026-05-06,581.54,2342454.75
PO08277,MAT1648,SUP015,2025-05-10,471.88,649410.69
PO08278,MAT1612,SUP424,2025-12-03,698.97,3237838.73
PO08279,MAT0934,SUP475,2025-02-19,913.24,3288632.03
PO08280,MAT1613,SUP134,2025-08-14,219.13,381457.12
PO08281,MAT0956,SUP222,2026-05-13,750.69,1005181.42
PO08282,MAT1150,SUP367,2026-06-16,679.86,960934.52
PO08283,MAT1747,SUP217,2025-05-30,518.23,803059.57
PO08284,MAT1988,SUP393,2026-07-29,862.17,3323079.07
PO08285,MAT1714,SUP042,2026-06-09,402.6,633499.15
PO08286,MAT0183,SUP147,2025-04-18,550.64,1396406.52
PO08287,MAT0347,SUP203,2025-09-22,778.18,1972997.57
PO08288,MAT0078,SUP377,2026-08-13,472.74,1191432.44
PO08289,MAT0797,SUP122,2025-09-06,60.64,264144.2
PO08290,MAT0022,SUP411,2026-08-06,18.47,42988.56
PO08291,MAT1935,SUP435,2025-01-05,475.56,1391217.49
PO08292,MAT0388,SUP403,2026-05-24,591.51,408473.15
PO08293,MAT0939,SUP232,2026-08-20,980.42,4288210.02
PO08294,MAT1663,SUP141,2025-11-01,784.02,825729.86
PO08295,MAT0903,SUP194,2025-11-17,467.93,927432.58
PO08296,MAT1044,SUP068,2025-09-16,870.85,2219430.89
PO08297,MAT1582,SUP197,2025-11-14,284.33,76729.29
PO08298,MAT1280,SUP377,2025-02-14,457.38,142556.2
PO08299,MAT1538,SUP184,2026-08-19,906.57,3885930.71
PO08300,MAT1767,SUP216,2025-06-24,746.38,1251918.1
PO08301,MAT0496,SUP066,2025-05-19,391.75,1168245.51
PO08302,MAT1111,SUP369,2025-12-18,291.96,505703.92
PO08303,MAT0850,SUP149,2025-08-26,304.74,755267.62
PO08304,MAT1587,SUP369,2026-04-08,832.04,3208853.78
PO08305,MAT0743,SUP310,2026-08-05,118.03,537644.35
PO08306,MAT1191,SUP487,2026-02-05,40.68,82226.89
PO08307,MAT0466,SUP113,2025-09-23,256.99,962795.05
PO08308,MAT0391,SUP321,2026-08-17,655.74,767228.91
PO08309,MAT1379,SUP097,2026-06-12,217.2,227742.89
PO08310,MAT1727,SUP308,2026-06-13,336.1,819633.63
PO08311,MAT0023,SUP125,2026-08-05,743.36,2203995.5
PO08312,MAT1172,SUP119,2026-04-19,814.25,467485.35
PO08313,MAT1922,SUP439,2026-08-10,966.47,1645057.58
PO08314,MAT0220,SUP013,2026-01-08,511.22,290127.57
PO08315,MAT1562,SUP413,2025-11-18,455.94,2063766.82
PO08316,MAT1192,SUP259,2025-08-17,922.71,3402852.98
PO08317,MAT0216,SUP360,2026-05-24,336.57,1006145.72
PO08318,MAT1176,SUP492,2026-07-20,81.32,245532.73
PO08319,MAT0684,SUP260,2026-05-04,530.99,877949.49
PO08320,MAT1723,SUP462,2025-08-12,991.07,1631043.54
PO08321,MAT0355,SUP293,2025-02-09,493.92,1181249.19
PO08322,MAT1423,SUP101,2025-08-04,66.22,314891.33
PO08323,MAT1385,SUP488,2026-03-30,655.63,2902991.96
PO08324,MAT0005,SUP211,2025-04-11,808.31,3535838.93
PO08325,MAT0693,SUP111,2026-04-23,471.03,728438.47
PO08326,MAT0439,SUP414,2026-02-02,102.98,271610.78
PO08327,MAT1178,SUP312,2025-07-17,323.14,734209.63
PO08328,MAT0462,SUP231,2025-01-27,645.5,1415884.88
PO08329,MAT1791,SUP247,2025-01-03,497.01,745599.49
PO08330,MAT0362,SUP364,2026-07-02,225.73,462015.13
PO08331,MAT0022,SUP411,2026-08-21,165.15,384383.32
PO08332,MAT0026,SUP053,2025-07-15,205.4,270520.02
PO08333,MAT1194,SUP373,2026-05-29,328.33,434574.3
PO08334,MAT0084,SUP294,2025-01-14,243.93,576567.58
PO08335,MAT0900,SUP332,2025-07-13,414.71,1237092.37
PO08336,MAT0516,SUP475,2025-12-15,138.6,305629.63
PO08337,MAT0406,SUP234,2026-07-22,339.7,461115.57
PO08338,MAT1035,SUP300,2025-02-14,730.76,2338782.76
PO08339,MAT0098,SUP390,2025-08-18,96.13,249856.29
PO08340,MAT1057,SUP193,2025-05-22,930.4,285446.72
PO08341,MAT0461,SUP286,2026-02-07,321.91,932270.67
PO08342,MAT0462,SUP231,2025-06-12,464.01,1017792.01
PO08343,MAT1606,SUP258,2025-11-18,697.41,2210866.42
PO08344,MAT0763,SUP330,2025-12-05,810.77,3703127.11
PO08345,MAT1637,SUP339,2025-10-19,626.84,2976518.4
PO08346,MAT0507,SUP069,2025-06-09,269.86,650861.84
PO08347,MAT1465,SUP025,2025-02-24,196.49,300099.18
PO08348,MAT1911,SUP342,2025-05-12,253.21,1244851.26
PO08349,MAT1529,SUP105,2026-05-09,492.43,1179379.7
PO08350,MAT1096,SUP334,2025-10-27,429.64,987175.24
PO08351,MAT0400,SUP340,2025-12-04,887.37,1230240.89
PO08352,MAT0355,SUP293,2026-08-23,250.6,599329.95
PO08353,MAT0053,SUP015,2026-01-01,320.82,1494248.02
PO08354,MAT0209,SUP309,2025-12-19,697.91,1689709.9
PO08355,MAT1959,SUP016,2025-02-12,914.11,221150.63
PO08356,MAT0515,SUP315,2025-06-02,46.38,39221.25
PO08357,MAT1377,SUP040,2026-02-25,122.41,371611.05
PO08358,MAT1656,SUP149,2025-09-15,82.91,377882.22
PO08359,MAT0857,SUP028,2026-03-05,974.63,1791136.03
PO08360,MAT0860,SUP274,2025-09-29,937.65,1678927.96
PO08361,MAT1356,SUP164,2026-01-05,567.96,1126531.62
PO08362,MAT0808,SUP043,2026-04-27,801.2,3026725.29
PO08363,MAT0598,SUP188,2025-04-24,768.31,2342938.3
PO08364,MAT0533,SUP429,2025-04-21,555.5,1006754.87
PO08365,MAT0003,SUP035,2025-09-13,927.9,3866809.83
PO08366,MAT1994,SUP369,2025-04-06,956.99,3477883.49
PO08367,MAT0987,SUP336,2025-06-01,482.83,1123936.5
PO08368,MAT1282,SUP488,2025-01-15,844.31,2217951.71
PO08369,MAT1441,SUP006,2025-11-29,39.37,130525.33
PO08370,MAT0975,SUP229,2026-02-19,112.33,270533.33
PO08371,MAT0350,SUP133,2025-06-07,177.17,807625.9
PO08372,MAT1498,SUP412,2025-06-03,907.29,2078102.38
PO08373,MAT1866,SUP360,2026-07-09,652.62,2133832.46
PO08374,MAT1399,SUP093,2025-01-28,371.03,1703558.27
PO08375,MAT0821,SUP189,2025-10-31,290.45,285323.56
PO08376,MAT1926,SUP058,2026-07-25,698.02,2045296.32
PO08377,MAT0531,SUP112,2025-09-12,674.48,932084.15
PO08378,MAT1056,SUP153,2025-09-20,377.27,203265.53
PO08379,MAT1697,SUP092,2025-11-28,813.17,3527035.43
PO08380,MAT0700,SUP165,2025-12-15,584.83,586642.97
PO08381,MAT0526,SUP495,2025-02-22,134.81,382547.64
PO08382,MAT1834,SUP258,2026-02-22,220.12,944138.7
PO08383,MAT1990,SUP201,2025-12-07,434.42,350937.51
PO08384,MAT0774,SUP019,2026-05-27,503.43,164858.22
PO08385,MAT0613,SUP128,2026-07-06,609.66,803781.84
PO08386,MAT1287,SUP366,2025-11-16,923.7,3258656.57
PO08387,MAT1363,SUP236,2025-08-10,239.77,1003317.56
PO08388,MAT0997,SUP010,2025-05-21,493.28,1432090.5
PO08389,MAT0306,SUP463,2025-07-16,580.79,2355701.66
PO08390,MAT0010,SUP004,2025-03-05,270.22,1177029.68
PO08391,MAT1555,SUP153,2026-02-25,45.01,28524.64
PO08392,MAT1059,SUP238,2026-06-17,186.16,384425.98
PO08393,MAT1901,SUP074,2025-09-08,406.3,1674394.8
PO08394,MAT0060,SUP489,2026-01-22,723.66,1985151.35
PO08395,MAT0860,SUP274,2025-05-26,948.56,1698463.08
PO08396,MAT1006,SUP221,2026-03-11,890.89,2767941.78
PO08397,MAT0820,SUP364,2026-07-31,27.2,92687.54
PO08398,MAT1111,SUP369,2025-07-08,158.17,273966.26
PO08399,MAT1609,SUP410,2026-08-01,449.68,536427.77
PO08400,MAT1735,SUP177,2025-12-12,679.77,1618165.29
PO08401,MAT1994,SUP369,2026-02-15,113.14,411172.26
PO08402,MAT1159,SUP023,2025-02-08,437.35,79707.04
PO08403,MAT1924,SUP255,2026-04-19,33.52,127208.06
PO08404,MAT1069,SUP126,2025-03-10,956.62,1665542.38
PO08405,MAT0519,SUP147,2025-04-21,180.92,39145.66
PO08406,MAT0011,SUP380,2025-02-27,215.13,108468.55
PO08407,MAT1504,SUP090,2025-08-02,260.32,1186049.16
PO08408,MAT1645,SUP113,2025-02-03,462.52,2227704.45
PO08409,MAT0348,SUP487,2026-05-03,895.11,810745.88
PO08410,MAT1212,SUP321,2025-04-28,388.57,229458.36
PO08411,MAT0828,SUP068,2025-03-17,555.72,500203.57
PO08412,MAT0532,SUP377,2025-07-18,689.01,3011028.82
PO08413,MAT1842,SUP464,2025-08-25,592.28,2220457.72
PO08414,MAT0566,SUP393,2025-03-16,743.23,2972867.97
PO08415,MAT0678,SUP371,2025-06-11,582.21,2720527.6
PO08416,MAT1309,SUP206,2026-01-22,785.36,1103917.72
PO08417,MAT1493,SUP349,2025-05-31,121.35,106167.9
PO08418,MAT0695,SUP175,2025-12-12,232.09,853065.36
PO08419,MAT0416,SUP266,2026-05-07,94.19,325595.99
PO08420,MAT1128,SUP013,2025-06-27,920.45,2058457.56
PO08421,MAT0053,SUP015,2025-02-13,867.23,4039201.78
PO08422,MAT0596,SUP092,2026-07-27,134.66,141432.05
PO08423,MAT1473,SUP500,2025-05-29,515.8,847696.67
PO08424,MAT0455,SUP350,2026-04-20,450.03,872063.63
PO08425,MAT0511,SUP217,2025-10-14,190.01,353407.2
PO08426,MAT1044,SUP068,2025-02-25,322.4,821662.19
PO08427,MAT0761,SUP036,2026-07-28,330.91,1620843.51
PO08428,MAT1114,SUP190,2026-07-09,540.09,1793908.94
PO08429,MAT1366,SUP340,2026-04-01,791.39,328553.47
PO08430,MAT0668,SUP235,2026-07-15,934.2,4002374.38
PO08431,MAT1507,SUP497,2025-03-05,406.23,1023573.67
PO08432,MAT0733,SUP138,2025-06-04,167.19,775174.76
PO08433,MAT1186,SUP227,2026-06-15,832.29,307822.46
PO08434,MAT1980,SUP143,2025-01-27,960.39,3930674.59
PO08435,MAT0520,SUP087,2025-06-21,427.17,782024.39
PO08436,MAT1737,SUP391,2026-08-14,557.87,1132152.54
PO08437,MAT1648,SUP015,2025-10-26,266.1,366212.14
PO08438,MAT0917,SUP123,2026-03-06,372.02,294755.17
PO08439,MAT1286,SUP351,2026-08-17,330.8,1159295.22
PO08440,MAT1730,SUP385,2025-10-05,496.16,343819.03
PO08441,MAT0581,SUP185,2025-01-14,846.2,3659908.08
PO08442,MAT0283,SUP440,2026-03-03,820.29,1034000.15
PO08443,MAT1513,SUP113,2025-01-20,650.27,1555595.4
PO08444,MAT0842,SUP252,2025-09-29,445.56,1352586.49
PO08445,MAT0001,SUP232,2025-09-21,917.65,1925578.41
PO08446,MAT1729,SUP015,2025-12-17,185.12,478611.1
PO08447,MAT0356,SUP317,2026-04-18,225.34,770667.31
PO08448,MAT0141,SUP239,2026-07-18,471.12,396023.47
PO08449,MAT1388,SUP291,2025-09-14,474.58,252552.49
PO08450,MAT1079,SUP283,2026-07-15,907.08,3008058.7
PO08451,MAT0599,SUP476,2025-09-25,23.95,56687.02
PO08452,MAT1399,SUP093,2025-01-04,812.36,3729894.07
PO08453,MAT1064,SUP001,2025-10-07,422.41,1973017.97
PO08454,MAT0949,SUP190,2026-05-06,473.42,1627201.35
PO08455,MAT0244,SUP072,2025-02-24,994.07,4052793.57
PO08456,MAT0225,SUP119,2025-03-30,150.86,477820.39
PO08457,MAT0448,SUP083,2026-06-11,505.12,2140582.38
PO08458,MAT1095,SUP197,2026-04-10,953.96,3802551.34
PO08459,MAT1930,SUP292,2025-06-06,550.3,909640.4
PO08460,MAT0371,SUP459,2025-06-08,404.9,1727040.22
PO08461,MAT1329,SUP152,2025-03-04,797.61,2219868.27
PO08462,MAT1491,SUP362,2025-05-20,517.52,763595.58
PO08463,MAT0969,SUP497,2025-05-31,894.65,2950609.38
PO08464,MAT0757,SUP067,2025-03-14,710.37,2343617.19
PO08465,MAT0853,SUP465,2026-01-22,264.59,50481.13
PO08466,MAT0671,SUP095,2026-03-25,36.58,11799.61
PO08467,MAT0437,SUP364,2025-12-16,203.92,518827.54
PO08468,MAT0668,SUP235,2026-05-20,83.79,358979.82
PO08469,MAT1876,SUP058,2026-06-13,942.09,2212912.88
PO08470,MAT1843,SUP117,2025-02-04,341.34,629058.9
PO08471,MAT1740,SUP257,2026-02-12,547.32,1681531.24
PO08472,MAT0609,SUP492,2025-01-11,796.95,40620.54
PO08473,MAT0739,SUP149,2025-03-18,693.07,155843.72
PO08474,MAT1390,SUP083,2026-02-16,384.22,551962.77
PO08475,MAT0505,SUP268,2026-04-29,969.72,1826341.56
PO08476,MAT1585,SUP175,2026-08-15,839.73,1846297.56
PO08477,MAT1512,SUP366,2025-03-07,152.9,115606.16
PO08478,MAT1622,SUP459,2026-08-20,528.46,1579086.04
PO08479,MAT0672,SUP342,2025-05-07,881.32,3699931.18
PO08480,MAT1996,SUP030,2025-09-26,142.2,548186.69
PO08481,MAT0315,SUP127,2026-01-05,245.84,336631.17
PO08482,MAT0481,SUP283,2026-01-18,675.53,1851067.04
PO08483,MAT0869,SUP061,2025-10-04,92.37,24407.85
PO08484,MAT0707,SUP183,2026-02-13,793.89,1345675.31
PO08485,MAT1953,SUP174,2025-03-28,581.03,2191348.83
PO08486,MAT1819,SUP248,2025-03-29,977.33,1421614.44
PO08487,MAT1420,SUP046,2026-07-24,684.1,2121045.21
PO08488,MAT0442,SUP417,2026-07-24,29.52,16450.91
PO08489,MAT0056,SUP398,2026-03-27,12.74,15623.32
PO08490,MAT1983,SUP490,2025-05-02,476.57,695692.12
PO08491,MAT1549,SUP348,2026-06-11,781.65,911568.05
PO08492,MAT1808,SUP187,2026-02-14,491.04,993143.13
PO08493,MAT1738,SUP202,2025-04-16,373.35,151094.74
PO08494,MAT0453,SUP112,2025-02-10,484.74,1297149.7
PO08495,MAT0598,SUP188,2025-04-16,727.29,2217849.04
PO08496,MAT1281,SUP094,2025-02-26,476.58,2350454.43
PO08497,MAT0824,SUP214,2025-10-20,67.63,315292.41
PO08498,MAT1054,SUP074,2025-08-20,232.69,305985.02
PO08499,MAT0382,SUP134,2026-07-16,583.19,878021.7
PO08500,MAT0175,SUP289,2026-03-30,601.13,2235722.7
PO08501,MAT1758,SUP040,2026-04-09,702.39,1331267.86
PO08502,MAT1426,SUP014,2025-10-28,418.16,1657180.62
PO08503,MAT1445,SUP461,2025-02-24,334.25,65516.34
PO08504,MAT0805,SUP297,2025-03-10,100.67,449443.23
PO08505,MAT1859,SUP228,2026-08-08,925.9,1789820.25
PO08506,MAT0559,SUP378,2025-02-22,679.52,1524598.25
PO08507,MAT0847,SUP445,2025-02-22,817.09,4031407.67
PO08508,MAT0674,SUP384,2026-05-24,559.71,1025909.25
PO08509,MAT0993,SUP441,2026-01-06,37.8,111391.69
PO08510,MAT0038,SUP448,2025-06-30,21.7,36893.04
PO08511,MAT0599,SUP476,2025-02-19,157.11,371862.09
PO08512,MAT1641,SUP252,2025-10-23,569.69,1752098.69
PO08513,MAT1987,SUP224,2025-06-17,689.22,1299841.35
PO08514,MAT1866,SUP360,2025-08-24,706.3,2309346.73
PO08515,MAT0189,SUP471,2025-06-29,42.44,50390.71
PO08516,MAT1975,SUP328,2025-01-13,989.86,125890.39
PO08517,MAT1373,SUP268,2025-06-26,623.9,3051332.69
PO08518,MAT1785,SUP235,2026-04-27,370.83,1345797.69
PO08519,MAT0183,SUP147,2026-04-30,276.34,700789.95
PO08520,MAT1238,SUP429,2026-04-17,677.69,1710604.77
PO08521,MAT0732,SUP096,2025-12-08,643.6,1958243.1
PO08522,MAT0267,SUP435,2026-03-09,328.08,350048.24
PO08523,MAT2000,SUP074,2026-04-08,750.68,2404885.95
PO08524,MAT0496,SUP066,2025-09-18,833.1,2484404.17
PO08525,MAT1462,SUP146,2025-06-21,353.08,1488631.18
PO08526,MAT0689,SUP275,2026-01-28,666.48,720398.23
PO08527,MAT1019,SUP389,2025-09-22,672.26,2230471.29
PO08528,MAT0274,SUP043,2025-06-19,65.59,28935.68
PO08529,MAT1997,SUP280,2025-03-27,410.42,60733.95
PO08530,MAT0230,SUP181,2025-04-26,355.73,1104879.59
PO08531,MAT0841,SUP101,2025-08-05,446.4,207026.93
PO08532,MAT1181,SUP152,2025-02-10,941.75,754125.15
PO08533,MAT1747,SUP217,2026-01-11,101.99,158045.74
PO08534,MAT0150,SUP203,2025-07-12,245.97,1006371.5
PO08535,MAT0531,SUP112,2025-08-24,869.71,1201878.34
PO08536,MAT0636,SUP249,2026-03-10,798.26,2140318.66
PO08537,MAT0871,SUP047,2026-02-09,744.14,3152928.62
PO08538,MAT1458,SUP485,2026-04-04,385.53,1114582.65
PO08539,MAT0091,SUP315,2025-04-28,746.11,382358.99
PO08540,MAT0359,SUP154,2026-01-21,769.45,2986581.7
PO08541,MAT1289,SUP188,2025-01-05,839.11,2175594.06
PO08542,MAT1494,SUP342,2025-11-24,350.07,759028.78
PO08543,MAT1198,SUP329,2025-04-01,810.25,326214.75
PO08544,MAT0544,SUP412,2026-04-14,308.17,862546.26
PO08545,MAT0986,SUP223,2025-02-17,801.94,111213.04
PO08546,MAT1479,SUP470,2026-06-18,305.29,597940.99
PO08547,MAT0825,SUP378,2026-02-05,521.05,777932.86
PO08548,MAT0863,SUP236,2025-03-22,282.28,176989.56
PO08549,MAT1380,SUP292,2025-02-05,520.35,141602.85
PO08550,MAT1687,SUP288,2025-08-05,956.44,3085398.92
PO08551,MAT1908,SUP389,2025-12-12,508.28,590590.86
PO08552,MAT0788,SUP093,2025-06-25,290.41,894361.16
PO08553,MAT1799,SUP325,2025-02-16,677.1,1626841.09
PO08554,MAT0863,SUP236,2026-03-31,262.94,164863.38
PO08555,MAT1044,SUP068,2025-12-05,36.54,93125.11
PO08556,MAT1564,SUP371,2026-08-15,562.26,317733.13
PO08557,MAT0345,SUP117,2025-08-03,190.83,67147.35
PO08558,MAT1878,SUP461,2026-01-18,767.2,525209.78
PO08559,MAT0045,SUP023,2025-11-21,153.9,285219.79
PO08560,MAT0144,SUP349,2026-03-28,739.27,3232103.23
PO08561,MAT0721,SUP273,2025-04-22,106.2,210319.54
PO08562,MAT1589,SUP128,2025-04-30,99.62,150857.55
PO08563,MAT0263,SUP333,2025-02-28,911.93,2032226.89
PO08564,MAT0693,SUP111,2026-06-15,378.23,584925.13
PO08565,MAT0481,SUP283,2025-03-14,962.54,2637523.23
PO08566,MAT1426,SUP014,2025-09-14,416.25,1649611.24
PO08567,MAT0953,SUP130,2026-03-11,898.1,2799656.11
PO08568,MAT0190,SUP474,2026-07-22,671.63,2309010.21
PO08569,MAT0063,SUP023,2025-11-26,600.49,1653010.86
PO08570,MAT1310,SUP316,2025-06-19,85.61,42816.13
PO08571,MAT0938,SUP081,2026-01-01,828.49,2159053.22
PO08572,MAT0813,SUP017,2026-02-26,126.61,273252.23
PO08573,MAT1339,SUP236,2025-08-03,61.79,252548.71
PO08574,MAT1379,SUP097,2026-04-10,725.98,761219.07
PO08575,MAT0523,SUP494,2025-07-23,654.33,765670.79
PO08576,MAT1993,SUP281,2026-06-29,18.23,6029.21
PO08577,MAT1989,SUP175,2025-02-10,885.9,4086754.15
PO08578,MAT0307,SUP483,2025-06-01,660.07,198456.65
PO08579,MAT1374,SUP029,2026-03-05,272.05,541880.07
PO08580,MAT0665,SUP290,2025-12-21,620.04,528590.3
PO08581,MAT0798,SUP300,2026-05-23,666.07,212463.01
PO08582,MAT1220,SUP232,2025-05-18,18.57,64003.73
PO08583,MAT0427,SUP024,2025-12-06,303.54,755052.71
PO08584,MAT1264,SUP296,2025-06-17,824.41,2877809.21
PO08585,MAT1291,SUP154,2026-06-14,871.04,1309216.67
PO08586,MAT0834,SUP230,2026-05-11,922.17,4498861.68
PO08587,MAT0838,SUP375,2026-07-16,865.82,3901263.71
PO08588,MAT0462,SUP231,2025-05-25,968.7,2124814.39
PO08589,MAT0545,SUP243,2025-10-16,475.78,439720.63
PO08590,MAT0012,SUP233,2025-09-19,612.76,508088.34
PO08591,MAT1774,SUP193,2026-07-07,287.24,201613.76
PO08592,MAT0207,SUP486,2025-11-09,392.73,665473.13
PO08593,MAT1855,SUP106,2025-10-29,182.76,173411.83
PO08594,MAT0725,SUP441,2025-09-11,936.12,4058183.17
PO08595,MAT1459,SUP102,2025-04-17,486.96,144052.51
PO08596,MAT1916,SUP178,2026-07-15,919.66,3925614.69
PO08597,MAT1930,SUP292,2026-05-01,986.8,1631170.53
PO08598,MAT0566,SUP393,2025-07-04,89.8,359193.71
PO08599,MAT1436,SUP141,2026-03-17,87.74,410459.13
PO08600,MAT0838,SUP375,2025-07-07,504.05,2271178.73
PO08601,MAT0040,SUP417,2026-07-03,56.95,191755.21
PO08602,MAT1443,SUP268,2025-10-05,350.7,1626052.11
PO08603,MAT1164,SUP344,2025-05-28,625.28,2127859.1
PO08604,MAT0384,SUP272,2025-07-05,429.59,899939.5
PO08605,MAT0953,SUP130,2026-03-15,623.48,1943580.44
PO08606,MAT1422,SUP437,2026-05-31,523.29,574970.12
PO08607,MAT0938,SUP081,2026-04-11,593.78,1547396.62
PO08608,MAT0868,SUP056,2026-07-09,529.49,2105051.03
PO08609,MAT0824,SUP214,2026-04-27,337.34,1572685.83
PO08610,MAT0041,SUP186,2025-10-13,336.1,620057.45
PO08611,MAT0888,SUP498,2025-09-22,884.64,1719766.7
PO08612,MAT0854,SUP382,2025-10-29,966.81,2829156.77
PO08613,MAT1153,SUP331,2025-08-30,284.86,503225.13
PO08614,MAT1895,SUP186,2025-04-29,918.89,1094030.43
PO08615,MAT1147,SUP168,2025-05-20,724.82,1439470.78
PO08616,MAT1065,SUP180,2026-08-19,991.21,2920639.91
PO08617,MAT1631,SUP251,2025-08-07,421.79,792640.42
PO08618,MAT1970,SUP485,2025-01-04,694.34,1090280.44
PO08619,MAT0582,SUP167,2026-03-22,190.18,167059.82
PO08620,MAT0446,SUP151,2026-04-10,339.54,315181.4
PO08621,MAT0999,SUP011,2025-03-07,987.99,1457927.44
PO08622,MAT0440,SUP344,2026-08-19,216.71,225274.38
PO08623,MAT0172,SUP283,2026-01-21,896.85,3487661.31
PO08624,MAT0760,SUP199,2026-06-13,606.78,3021758.33
PO08625,MAT1081,SUP374,2025-04-24,161.66,161606.65
PO08626,MAT1717,SUP358,2025-10-13,843.07,1146153.66
PO08627,MAT0094,SUP214,2026-06-25,293.48,942954.17
PO08628,MAT1358,SUP181,2025-10-29,483.73,1207544.87
PO08629,MAT1850,SUP456,2025-09-06,427.71,1398483.39
PO08630,MAT0840,SUP168,2025-12-24,413.05,1264077.57
PO08631,MAT0833,SUP106,2025-03-13,981.38,3484213.04
PO08632,MAT1032,SUP233,2026-02-24,558.84,433346.89
PO08633,MAT0061,SUP448,2026-02-16,144.74,38428.47
PO08634,MAT0950,SUP069,2025-05-16,704.22,3431861.24
PO08635,MAT0195,SUP016,2025-09-03,869.13,3414429.35
PO08636,MAT1916,SUP178,2025-03-05,966.43,4125254.78
PO08637,MAT1759,SUP263,2026-04-22,37.94,65331.92
PO08638,MAT1719,SUP276,2026-03-05,341.93,373654.27
PO08639,MAT0085,SUP159,2025-09-16,523.28,2615353.44
PO08640,MAT0842,SUP252,2025-11-20,968.12,2938921.88
PO08641,MAT0809,SUP152,2025-04-15,384.98,1253425.58
PO08642,MAT0031,SUP426,2025-05-15,709.49,304952.99
PO08643,MAT1281,SUP094,2026-04-06,639.31,3153025.78
PO08644,MAT0677,SUP108,2025-11-03,248.86,766406.68
PO08645,MAT0395,SUP486,2025-02-24,221.05,31979.3
PO08646,MAT0073,SUP328,2026-03-27,960.62,404853.3
PO08647,MAT1311,SUP157,2025-06-30,810.34,930100.15
PO08648,MAT0505,SUP268,2026-05-19,76.73,144510.98
PO08649,MAT0495,SUP303,2026-02-28,639.38,2080497.76
PO08650,MAT0511,SUP217,2025-06-15,291.43,542042.31
PO08651,MAT0379,SUP431,2026-04-13,873.48,826853.64
PO08652,MAT1068,SUP259,2025-12-27,424.19,1877235.88
PO08653,MAT1284,SUP085,2025-03-06,801.8,267953.54
PO08654,MAT0858,SUP272,2025-04-18,138.76,359893.49
PO08655,MAT1326,SUP197,2025-03-20,217.61,850395.94
PO08656,MAT1384,SUP301,2025-01-15,496.63,738036.88
PO08657,MAT0069,SUP474,2025-07-10,562.02,770119.15
PO08658,MAT0880,SUP438,2026-05-15,544.19,535749.61
PO08659,MAT0696,SUP394,2025-02-18,907.11,3736921.28
PO08660,MAT0650,SUP258,2026-03-03,86.8,205748.98
PO08661,MAT0480,SUP324,2025-11-02,353.25,1438638.88
PO08662,MAT1346,SUP389,2026-06-07,338.02,1510046.89
PO08663,MAT0323,SUP500,2026-02-15,382.94,1407358.11
PO08664,MAT1630,SUP307,2025-12-29,438.68,2106229.9
PO08665,MAT0342,SUP190,2025-10-31,89.11,167396.7
PO08666,MAT0554,SUP455,2025-01-30,173.59,679747.19
PO08667,MAT1357,SUP219,2026-07-19,683.86,523911.98
PO08668,MAT0803,SUP211,2025-06-30,345.2,853199.77
PO08669,MAT1861,SUP468,2025-03-19,938.76,3413678.7
PO08670,MAT0046,SUP120,2026-06-20,707.84,873389.62
PO08671,MAT0449,SUP021,2026-01-26,438.46,2037396.47
PO08672,MAT0505,SUP268,2025-02-12,912.22,1718047.78
PO08673,MAT1081,SUP374,2025-11-20,835.84,835564.17
PO08674,MAT0587,SUP286,2025-10-07,396.21,1599638.44
PO08675,MAT0052,SUP203,2026-06-23,763.57,1451630.56
PO08676,MAT0685,SUP203,2025-06-29,541.49,1678169.56
PO08677,MAT1969,SUP255,2025-06-10,993.6,3840929.71
PO08678,MAT0644,SUP159,2026-06-30,990.25,4507954.69
PO08679,MAT1809,SUP284,2026-04-05,884.59,3751280.81
PO08680,MAT0645,SUP035,2025-12-03,162.57,437014.17
PO08681,MAT1474,SUP393,2025-09-06,88.45,315885.02
PO08682,MAT0978,SUP270,2025-08-14,841.34,391769.97
PO08683,MAT1821,SUP004,2025-06-21,816.35,3650855.98
PO08684,MAT0293,SUP023,2026-07-08,559.93,2514964.79
PO08685,MAT1844,SUP383,2026-04-17,100.26,74627.53
PO08686,MAT0694,SUP468,2025-06-21,217.51,488675.37
PO08687,MAT0005,SUP211,2025-06-13,918.78,4019074.48
PO08688,MAT1378,SUP084,2025-08-01,868.79,501291.83
PO08689,MAT0979,SUP154,2026-01-26,527.72,2597290.08
PO08690,MAT0841,SUP101,2025-10-28,135.51,62845.47
PO08691,MAT1896,SUP052,2026-03-30,930.17,2969837.47
PO08692,MAT1458,SUP485,2026-05-08,549.69,1589175.78
PO08693,MAT0691,SUP311,2025-05-20,433.2,423466.0
PO08694,MAT0861,SUP145,2026-07-09,705.4,2754657.54
PO08695,MAT0911,SUP264,2025-12-13,194.29,655577.2
PO08696,MAT1105,SUP290,2025-05-28,533.89,1654904.17
PO08697,MAT1070,SUP468,2026-01-23,981.74,3190547.01
PO08698,MAT0522,SUP008,2025-09-07,158.05,727018.94
PO08699,MAT1913,SUP400,2026-06-02,994.0,2808368.08
PO08700,MAT1098,SUP065,2026-05-10,454.35,599115.0
PO08701,MAT1383,SUP209,2025-08-20,832.85,458034.19
PO08702,MAT1775,SUP112,2026-03-25,970.25,4813458.76
PO08703,MAT1362,SUP472,2025-01-08,412.63,142320.21
PO08704,MAT1564,SUP371,2026-07-04,235.28,132956.73
PO08705,MAT1019,SUP389,2025-08-16,273.3,906773.87
PO08706,MAT0236,SUP351,2025-12-22,815.13,1717780.51
PO08707,MAT1324,SUP149,2026-01-13,485.54,2321473.56
PO08708,MAT0790,SUP186,2025-12-17,891.8,2285085.89
PO08709,MAT0816,SUP090,2025-06-27,200.95,711186.16
PO08710,MAT1668,SUP289,2025-05-13,860.19,2780091.07
PO08711,MAT0681,SUP100,2026-04-09,504.71,320556.46
PO08712,MAT0502,SUP194,2025-02-07,65.38,46057.59
PO08713,MAT0179,SUP329,2025-12-05,220.84,583794.96
PO08714,MAT0666,SUP158,2026-06-28,362.89,1329737.83
PO08715,MAT0932,SUP480,2026-08-22,475.12,723246.67
PO08716,MAT1536,SUP298,2025-03-04,942.1,206046.69
PO08717,MAT0498,SUP497,2026-04-19,228.42,732367.06
PO08718,MAT0871,SUP047,2025-05-10,178.51,756348.66
PO08719,MAT1383,SUP209,2025-12-19,817.66,449680.29
PO08720,MAT0849,SUP237,2026-04-04,923.55,3498832.23
PO08721,MAT1228,SUP393,2025-01-24,319.05,363991.38
PO08722,MAT0953,SUP130,2025-06-17,790.77,2465075.23
PO08723,MAT0353,SUP076,2025-02-12,765.67,2266589.93
PO08724,MAT1767,SUP216,2025-06-06,337.76,566531.6
PO08725,MAT0695,SUP175,2025-12-12,297.45,1093301.27
PO08726,MAT1136,SUP434,2026-02-25,526.0,1142750.78
PO08727,MAT1958,SUP192,2025-08-17,981.29,908478.28
PO08728,MAT1989,SUP175,2026-04-06,893.45,4121583.13
PO08729,MAT1471,SUP299,2026-04-15,652.75,420051.15
PO08730,MAT1191,SUP487,2025-10-28,113.22,228852.72
PO08731,MAT1916,SUP178,2026-03-02,481.91,2057056.93
PO08732,MAT1469,SUP453,2026-07-26,542.06,324412.07
PO08733,MAT1940,SUP138,2025-03-12,366.09,1534371.05
PO08734,MAT1846,SUP290,2026-08-21,427.11,2126362.86
PO08735,MAT1063,SUP232,2025-10-20,405.73,22298.92
PO08736,MAT1792,SUP367,2026-04-17,240.52,761216.94
PO08737,MAT1684,SUP049,2026-02-05,842.99,2650040.22
PO08738,MAT1170,SUP371,2025-12-18,386.31,103477.0
PO08739,MAT0493,SUP077,2025-01-11,304.05,252033.13
PO08740,MAT0451,SUP267,2025-10-13,519.75,2048844.1
PO08741,MAT1349,SUP001,2025-09-28,748.67,126375.5
PO08742,MAT1089,SUP243,2026-03-18,504.47,2419473.43
PO08743,MAT1439,SUP252,2025-08-22,215.16,451414.29
PO08744,MAT1070,SUP468,2025-07-02,627.36,2038850.99
PO08745,MAT1588,SUP382,2025-03-14,965.19,678306.58
PO08746,MAT0370,SUP308,2025-06-16,290.59,336404.42
PO08747,MAT0076,SUP486,2025-12-05,358.73,678527.03
PO08748,MAT1554,SUP219,2026-04-22,918.84,4021018.42
PO08749,MAT1040,SUP249,2026-03-25,38.72,153581.33
PO08750,MAT0005,SUP211,2026-03-10,892.26,3903066.45
PO08751,MAT0210,SUP377,2025-09-02,680.62,3294493.47
PO08752,MAT1934,SUP213,2025-09-26,940.62,2613578.51
PO08753,MAT1193,SUP219,2026-08-20,841.9,3204566.06
PO08754,MAT1738,SUP202,2025-10-13,959.3,388228.71
PO08755,MAT1657,SUP376,2026-03-08,281.84,1325513.25
PO08756,MAT0182,SUP004,2026-05-15,418.45,1163558.81
PO08757,MAT1844,SUP383,2026-07-23,598.69,445628.91
PO08758,MAT1420,SUP046,2025-07-31,68.57,212600.6
PO08759,MAT1583,SUP273,2025-05-12,944.61,3135151.14
PO08760,MAT0917,SUP123,2025-02-18,233.14,184719.15
PO08761,MAT0337,SUP210,2025-09-08,580.16,2102552.05
PO08762,MAT0652,SUP474,2025-01-30,696.87,3312557.61
PO08763,MAT1997,SUP280,2025-09-05,724.13,107156.76
PO08764,MAT0291,SUP001,2026-06-01,503.81,2142492.33
PO08765,MAT0867,SUP354,2026-01-20,152.34,66235.91
PO08766,MAT0370,SUP308,2025-08-18,255.27,295515.87
PO08767,MAT1545,SUP373,2026-03-11,554.23,2101241.11
PO08768,MAT1181,SUP152,2025-02-24,327.26,262059.99
PO08769,MAT1825,SUP475,2026-07-16,777.31,848006.34
PO08770,MAT0393,SUP486,2025-03-19,47.81,110290.02
PO08771,MAT0176,SUP079,2025-01-18,947.18,1593942.92
PO08772,MAT1954,SUP032,2026-01-10,820.42,281215.36
PO08773,MAT0119,SUP266,2025-07-31,462.46,1307092.32
PO08774,MAT0146,SUP463,2025-07-22,332.82,349687.32
PO08775,MAT1773,SUP221,2026-04-15,30.96,154160.37
PO08776,MAT0244,SUP072,2026-04-06,496.09,2022544.05
PO08777,MAT1518,SUP401,2026-06-08,769.28,404187.4
PO08778,MAT1355,SUP478,2025-03-14,998.0,4054933.88
PO08779,MAT1056,SUP153,2026-01-26,372.16,200512.36
PO08780,MAT1674,SUP363,2026-03-18,663.45,1722601.48
PO08781,MAT0589,SUP151,2026-01-12,468.05,1638334.14
PO08782,MAT0906,SUP110,2026-08-19,671.11,914400.8
PO08783,MAT0708,SUP291,2025-10-30,359.92,183537.6
PO08784,MAT1535,SUP076,2026-05-22,347.22,504489.83
PO08785,MAT0105,SUP221,2025-12-18,615.49,2719333.3
PO08786,MAT1144,SUP346,2026-01-15,976.5,907461.45
PO08787,MAT0537,SUP270,2025-01-27,892.12,2156860.68
PO08788,MAT1893,SUP420,2025-11-28,897.59,910739.69
PO08789,MAT0889,SUP320,2025-09-03,691.45,2636395.13
PO08790,MAT1817,SUP399,2026-02-01,142.66,423021.14
PO08791,MAT0532,SUP377,2025-03-26,448.68,1960767.49
PO08792,MAT0975,SUP229,2025-11-04,518.81,1249491.63
PO08793,MAT0030,SUP260,2025-10-21,898.59,1425631.01
PO08794,MAT1994,SUP369,2026-07-27,232.01,843168.42
PO08795,MAT0107,SUP198,2025-12-20,942.64,2148512.22
PO08796,MAT0570,SUP415,2025-11-17,139.67,292450.82
PO08797,MAT0510,SUP186,2026-01-11,151.98,124038.48
PO08798,MAT0744,SUP134,2025-03-05,942.98,2310631.04
PO08799,MAT0671,SUP095,2026-06-27,648.79,209280.19
PO08800,MAT1677,SUP088,2026-05-28,172.39,424356.95
PO08801,MAT0224,SUP265,2025-03-18,400.41,1113924.6
PO08802,MAT0632,SUP299,2025-11-17,105.32,27935.08
PO08803,MAT1512,SUP366,2025-03-10,614.16,464360.23
PO08804,MAT1854,SUP395,2025-07-09,101.61,470506.12
PO08805,MAT0068,SUP459,2026-01-19,496.51,858083.48
PO08806,MAT0866,SUP353,2025-10-30,326.47,513135.75
PO08807,MAT0655,SUP314,2025-03-03,805.79,2408780.28
PO08808,MAT0201,SUP014,2025-02-11,791.6,1426368.21
PO08809,MAT0571,SUP057,2025-05-19,478.85,1488150.88
PO08810,MAT0506,SUP481,2026-01-30,767.38,3037520.25
PO08811,MAT1261,SUP132,2025-09-26,468.6,219689.05
PO08812,MAT1571,SUP030,2025-01-27,517.76,1149867.3
PO08813,MAT1530,SUP475,2026-07-15,150.08,230315.77
PO08814,MAT0981,SUP218,2025-02-28,196.67,101816.06
PO08815,MAT1235,SUP303,2026-01-07,686.37,679369.03
PO08816,MAT1357,SUP219,2025-09-05,180.58,138344.14
PO08817,MAT0713,SUP419,2025-04-04,787.92,1310358.24
PO08818,MAT0545,SUP243,2025-10-19,879.27,812630.13
PO08819,MAT0102,SUP240,2025-10-20,19.51,85871.7
PO08820,MAT0934,SUP475,2025-06-27,586.92,2113534.14
PO08821,MAT1631,SUP251,2026-03-23,241.22,453307.86
PO08822,MAT0681,SUP100,2025-01-23,580.12,368451.62
PO08823,MAT0065,SUP023,2025-04-03,184.27,817174.8
PO08824,MAT1110,SUP500,2025-04-01,824.51,853912.03
PO08825,MAT1831,SUP182,2025-02-09,368.08,1794824.33
PO08826,MAT0874,SUP088,2025-06-18,360.05,25718.37
PO08827,MAT1303,SUP177,2026-08-09,323.81,38067.1
PO08828,MAT1100,SUP224,2026-08-05,70.52,338546.77
PO08829,MAT1323,SUP477,2025-01-28,289.49,1147793.11
PO08830,MAT0432,SUP400,2026-05-05,611.7,2125351.65
PO08831,MAT0196,SUP284,2025-09-16,97.66,213645.9
PO08832,MAT0133,SUP480,2025-08-31,905.2,3973719.38
PO08833,MAT1690,SUP343,2025-11-29,309.46,336095.22
PO08834,MAT1520,SUP237,2025-01-09,95.48,436072.44
PO08835,MAT1944,SUP361,2025-03-31,955.26,4711074.85
PO08836,MAT1814,SUP275,2025-04-27,211.91,345063.65
PO08837,MAT0977,SUP048,2025-11-06,743.6,1926697.34
PO08838,MAT0036,SUP199,2025-08-27,269.37,1046125.33
PO08839,MAT0701,SUP344,2026-05-30,712.95,997873.34
PO08840,MAT1939,SUP414,2026-04-30,77.97,91827.61
PO08841,MAT0671,SUP095,2025-08-08,604.82,195096.79
PO08842,MAT1456,SUP291,2026-03-19,694.99,3126607.11
PO08843,MAT1703,SUP089,2026-04-18,433.24,1629926.86
PO08844,MAT1722,SUP072,2026-03-02,96.31,284572.94
PO08845,MAT1050,SUP093,2026-05-21,246.82,348277.83
PO08846,MAT0845,SUP380,2025-05-12,124.81,502764.63
PO08847,MAT0988,SUP317,2025-04-30,159.23,292284.18
PO08848,MAT0149,SUP213,2025-06-19,623.05,1770309.35
PO08849,MAT0066,SUP243,2025-07-28,507.48,117364.9
PO08850,MAT1851,SUP271,2025-08-18,49.04,218351.58
PO08851,MAT0778,SUP313,2025-10-24,596.14,2494839.94
PO08852,MAT0891,SUP280,2025-11-09,564.88,2691805.72
PO08853,MAT1372,SUP257,2025-06-16,621.89,2214736.86
PO08854,MAT0311,SUP197,2025-02-21,560.5,1191180.2
PO08855,MAT1265,SUP340,2026-06-25,714.29,874040.96
PO08856,MAT0427,SUP024,2026-08-16,386.05,960295.51
PO08857,MAT1582,SUP197,2026-02-27,309.0,83386.74
PO08858,MAT1747,SUP217,2026-01-05,166.21,257562.34
PO08859,MAT1996,SUP030,2025-04-30,826.26,3185265.35
PO08860,MAT1821,SUP004,2025-04-21,679.34,3038123.97
PO08861,MAT0314,SUP030,2025-02-06,518.01,1383444.13
PO08862,MAT1719,SUP276,2025-03-13,673.99,736522.79
PO08863,MAT0417,SUP247,2025-07-16,327.72,1093067.46
PO08864,MAT1465,SUP025,2026-07-30,729.79,1114608.27
PO08865,MAT0429,SUP367,2025-07-31,103.16,60187.67
PO08866,MAT0735,SUP073,2025-06-05,241.17,1186247.7
PO08867,MAT1598,SUP277,2026-03-18,882.19,2666745.69
PO08868,MAT1226,SUP489,2026-02-13,494.17,1204158.86
PO08869,MAT0049,SUP448,2025-11-04,974.06,2722478.22
PO08870,MAT0468,SUP022,2025-03-12,912.17,2631573.96
PO08871,MAT0429,SUP367,2025-03-29,21.23,12386.43
PO08872,MAT1209,SUP376,2025-08-11,693.87,620763.86
PO08873,MAT1522,SUP318,2026-07-31,101.32,456403.03
PO08874,MAT1145,SUP102,2025-04-28,888.98,4054780.02
PO08875,MAT1900,SUP473,2026-05-06,297.66,890071.86
PO08876,MAT0438,SUP246,2025-11-25,815.01,2342876.65
PO08877,MAT0672,SUP342,2025-01-31,120.89,507516.77
PO08878,MAT1508,SUP495,2025-07-30,783.9,2459713.58
PO08879,MAT0721,SUP273,2025-01-24,765.81,1516617.78
PO08880,MAT0452,SUP179,2025-09-12,279.71,1237104.19
PO08881,MAT1495,SUP088,2025-09-27,596.51,1783761.75
PO08882,MAT0851,SUP287,2026-03-17,37.54,43598.21
PO08883,MAT1060,SUP468,2026-05-20,85.85,118673.89
PO08884,MAT1204,SUP466,2026-06-16,480.0,2105390.4
PO08885,MAT1112,SUP012,2026-02-05,351.49,1484082.17
PO08886,MAT0931,SUP199,2026-05-23,459.24,2091130.97
PO08887,MAT0775,SUP414,2025-06-07,364.52,845296.36
PO08888,MAT0127,SUP056,2026-04-16,160.5,596644.3
PO08889,MAT1318,SUP300,2025-03-19,827.25,398560.78
PO08890,MAT0534,SUP315,2025-08-02,126.5,484875.76
PO08891,MAT1080,SUP302,2025-01-27,836.9,3132156.83
PO08892,MAT0131,SUP465,2026-05-25,960.08,3147987.11
PO08893,MAT0759,SUP355,2026-05-31,730.81,967460.89
PO08894,MAT1852,SUP320,2025-04-06,655.8,94048.28
PO08895,MAT0747,SUP329,2025-02-26,322.3,1221404.2
PO08896,MAT0614,SUP470,2026-03-27,976.79,3599099.97
PO08897,MAT1952,SUP047,2025-02-01,954.57,1278646.52
PO08898,MAT1454,SUP126,2026-08-11,615.93,686860.5
PO08899,MAT0593,SUP123,2025-07-30,69.82,252676.49
PO08900,MAT0053,SUP015,2026-02-13,870.95,4056528.01
PO08901,MAT1858,SUP014,2025-01-24,23.53,103398.11
PO08902,MAT0337,SUP210,2025-10-15,408.57,1480694.45
PO08903,MAT1042,SUP063,2026-02-11,403.24,716077.62
PO08904,MAT1115,SUP061,2025-09-09,862.68,3812597.01
PO08905,MAT1462,SUP146,2025-05-21,986.95,4161109.5
PO08906,MAT0794,SUP474,2025-09-11,226.02,208083.05
PO08907,MAT0246,SUP137,2026-04-18,68.67,338417.43
PO08908,MAT1532,SUP326,2026-05-20,117.01,112891.25
PO08909,MAT1443,SUP268,2025-11-22,527.69,2446682.18
PO08910,MAT0790,SUP186,2025-01-10,783.54,2007688.05
PO08911,MAT0830,SUP234,2026-08-17,500.52,1557728.35
PO08912,MAT1525,SUP290,2025-03-09,281.6,976709.89
PO08913,MAT1710,SUP326,2025-02-19,563.84,896652.2
PO08914,MAT1161,SUP168,2025-07-22,257.15,629904.35
PO08915,MAT0239,SUP262,2025-08-10,305.26,880653.73
PO08916,MAT0428,SUP101,2025-02-01,801.09,518857.98
PO08917,MAT0502,SUP194,2026-02-20,344.27,242524.44
PO08918,MAT1023,SUP455,2026-07-02,780.53,3034880.16
PO08919,MAT0714,SUP303,2025-10-28,292.46,360003.64
PO08920,MAT0936,SUP391,2026-07-09,-91.0,2246234.44
PO08921,MAT1192,SUP259,2026-07-20,200.77,740417.68
PO08922,MAT0749,SUP243,2025-06-25,250.97,192867.94
PO08923,MAT1150,SUP367,2025-12-10,603.78,853400.77
PO08924,MAT0726,SUP365,2025-01-06,842.32,1735061.28
PO08925,MAT0055,SUP003,2026-05-20,194.64,28041.78
PO08926,MAT1647,SUP357,2026-06-22,852.41,3016551.13
PO08927,MAT0263,SUP333,2025-11-29,914.2,2037285.56
PO08928,MAT1818,SUP387,2025-05-25,689.04,2085517.37
PO08929,MAT1840,SUP046,2026-07-18,946.1,1195747.41
PO08930,MAT0290,SUP004,2025-10-08,362.51,61032.18
PO08931,MAT1601,SUP168,2025-04-26,219.46,867176.44
PO08932,MAT0979,SUP154,2025-04-28,895.22,4406022.18
PO08933,MAT1631,SUP251,2026-03-07,783.91,1473147.19
PO08934,MAT0218,SUP006,2025-08-08,920.14,1224476.3
PO08935,MAT1741,SUP256,2026-06-16,863.31,232256.29
PO08936,MAT1576,SUP358,2025-08-29,434.08,1103453.06
PO08937,MAT1298,SUP225,2026-07-10,565.19,481021.91
PO08938,MAT0906,SUP110,2025-07-31,552.33,752560.67
PO08939,MAT0336,SUP456,2026-05-16,203.5,168428.81
PO08940,MAT0182,SUP004,2026-07-31,842.78,2343467.78
PO08941,MAT1261,SUP132,2025-07-17,153.92,72160.77
PO08942,MAT1543,SUP024,2025-09-04,536.57,2289839.3
PO08943,MAT1282,SUP488,2025-02-03,265.52,697505.11
PO08944,MAT1293,SUP435,2025-08-30,417.08,139559.14
PO08945,MAT1167,SUP027,2026-03-26,370.45,27079.89
PO08946,MAT0137,SUP291,2025-11-15,419.16,385082.29
PO08947,MAT1305,SUP249,2025-10-08,522.09,1992530.38
PO08948,MAT0874,SUP088,2026-05-07,944.29,67450.63
PO08949,MAT1141,SUP323,2025-09-30,107.28,490598.95
PO08950,MAT0416,SUP266,2025-08-25,496.18,1715195.02
PO08951,MAT0377,SUP465,2025-04-01,138.97,285272.06
PO08952,MAT1862,SUP482,2026-02-14,235.71,875940.79
PO08953,MAT1306,SUP096,2026-04-14,339.59,489566.53
PO08954,MAT0095,SUP248,2025-06-22,579.34,2336599.88
PO08955,MAT1560,SUP216,2026-05-08,405.64,422891.87
PO08956,MAT0131,SUP465,2025-05-05,267.55,877264.34
PO08957,MAT0047,SUP226,2026-06-10,308.89,1191920.02
PO08958,MAT0291,SUP001,2026-06-10,112.4,477989.99
PO08959,MAT1783,SUP167,2025-10-03,260.53,335356.82
PO08960,MAT1994,SUP369,2025-03-23,376.17,1367073.25
PO08961,MAT1951,SUP094,2025-07-02,548.61,872520.32
PO08962,MAT1218,SUP448,2025-11-16,714.23,2886232.0
PO08963,MAT1038,SUP309,2026-01-24,892.72,532203.96
PO08964,MAT0341,SUP158,2025-03-16,419.93,999928.92
PO08965,MAT0002,SUP161,2026-01-26,127.08,202945.49
PO08966,MAT0708,SUP291,2025-11-11,392.84,200324.83
PO08967,MAT0354,SUP445,2025-02-01,861.15,3794803.87
PO08968,MAT0135,SUP436,2026-01-20,85.37,202045.18
PO08969,MAT0608,SUP393,2026-06-13,611.5,2833953.94
PO08970,MAT1901,SUP074,2026-02-14,751.03,3095054.71
PO08971,MAT1769,SUP108,2025-01-23,784.87,2749980.41
PO08972,MAT1365,SUP376,2025-12-16,346.39,1210913.63
PO08973,MAT0336,SUP456,2025-10-04,385.29,318889.12
PO08974,MAT0437,SUP364,2025-12-26,910.67,2316990.36
PO08975,MAT1793,SUP075,2025-06-29,744.1,2828926.82
PO08976,MAT1754,SUP009,2026-05-28,970.08,1607354.65
PO08977,MAT0090,SUP129,2026-01-24,511.49,1633458.66
PO08978,MAT0213,SUP420,2025-09-19,925.65,3129844.81
PO08979,MAT1782,SUP318,2025-08-26,504.83,2521423.92
PO08980,MAT0115,SUP496,2025-04-02,988.75,2876560.49
PO08981,MAT1829,SUP171,2025-01-28,206.42,857611.11
PO08982,MAT0525,SUP151,2025-10-07,635.56,3011111.68
PO08983,MAT1994,SUP369,2025-11-19,288.0,1046646.72
PO08984,MAT1261,SUP132,2025-12-13,849.12,398084.44
PO08985,MAT1825,SUP475,2025-12-29,677.82,739467.73
PO08986,MAT1290,SUP088,2026-03-11,38.38,186149.14
PO08987,MAT0636,SUP249,2025-08-25,992.55,2661254.84
PO08988,MAT0522,SUP008,2025-03-30,101.79,468226.87
PO08989,MAT0308,SUP016,2026-02-28,647.09,2220748.17
PO08990,MAT0889,SUP320,2025-05-21,160.67,612610.61
PO08991,MAT0262,SUP397,2025-06-03,956.9,3086768.02
PO08992,MAT0982,SUP300,2026-06-20,382.64,1475000.67
PO08993,MAT1042,SUP063,2026-04-28,908.03,1612488.75
PO08994,MAT1901,SUP074,2025-05-09,693.56,2858216.24
PO08995,MAT1293,SUP435,2026-04-01,746.31,249722.79
PO08996,MAT1026,SUP015,2025-08-01,396.67,1183222.98
PO08997,MAT0911,SUP264,2026-06-28,239.44,807923.24
PO08998,MAT0637,SUP475,2026-01-12,661.54,163248.23
PO08999,MAT0404,SUP121,2025-02-26,942.88,106649.16
PO09000,MAT0939,SUP232,2025-11-29,839.35,3671191.0
PO09001,MAT0208,SUP172,2026-04-07,31.26,127747.12
PO09002,MAT1980,SUP143,2026-08-23,201.74,825679.45
PO09003,MAT1787,SUP126,2025-01-31,783.08,1758860.33
PO09004,MAT0901,SUP087,2026-08-11,94.18,255713.77
PO09005,MAT1666,SUP488,2026-01-05,42.81,163764.09
PO09006,MAT1523,SUP207,2025-04-27,78.94,184790.65
PO09007,MAT1403,SUP480,2026-02-26,805.49,3188387.18
PO09008,MAT0389,SUP495,2025-09-23,857.57,1670048.97
PO09009,MAT1624,SUP153,2025-01-20,248.14,431398.83
PO09010,MAT0783,SUP085,2026-06-25,632.08,793917.76
PO09011,MAT0114,SUP299,2026-07-30,279.29,1115467.5
PO09012,MAT1318,SUP300,2026-05-01,814.82,392572.13
PO09013,MAT0223,SUP023,2025-02-04,25.44,4116.19
PO09014,MAT0580,SUP382,2026-03-07,180.99,475746.69
PO09015,MAT0918,SUP249,2026-05-14,928.67,4603324.32
PO09016,MAT1410,SUP371,2025-12-05,715.4,2218984.8
PO09017,MAT1072,SUP276,2026-08-14,342.03,1350047.13
PO09018,MAT0579,SUP267,2025-05-08,311.83,745426.5
PO09019,MAT1474,SUP393,2025-07-05,597.98,2135589.89
PO09020,MAT1595,SUP117,2025-12-30,262.53,204027.81
PO09021,MAT0088,SUP222,2026-02-01,433.47,1975769.26
PO09022,MAT0808,SUP043,2025-12-04,300.75,1136155.3
PO09023,MAT0990,SUP247,2025-03-28,981.16,3204674.6
PO09024,MAT0807,SUP202,2026-05-03,844.14,3425604.53
PO09025,MAT1358,SUP181,2025-12-29,846.29,2112610.65
PO09026,MAT0656,SUP234,2025-05-14,479.9,2109165.3
PO09027,MAT1205,SUP257,2025-06-22,505.48,1672891.11
PO09028,MAT0192,SUP476,2025-01-13,121.12,185485.59
PO09029,MAT0892,SUP231,2025-03-10,651.88,2784655.35
PO09030,MAT1399,SUP093,2026-04-03,212.65,976367.59
PO09031,MAT0190,SUP474,2025-11-10,466.35,1603273.99
PO09032,MAT1665,SUP146,2025-10-19,700.15,1790731.65
PO09033,MAT0821,SUP189,2025-11-23,589.22,578820.27
PO09034,MAT1498,SUP412,2025-08-28,319.91,732737.86
PO09035,MAT0095,SUP248,2025-05-01,817.95,3298964.12
PO09036,MAT1009,SUP493,2025-08-06,555.29,2706799.98
PO09037,MAT1192,SUP259,2025-06-16,428.34,1579670.8
PO09038,MAT1011,SUP373,2026-06-11,609.98,2168728.99
PO09039,MAT1431,SUP402,2025-04-04,689.98,2913785.54
PO09040,MAT0065,SUP023,2025-02-17,62.49,277121.9
PO09041,MAT0014,SUP339,2026-04-01,22.63,55534.7
PO09042,MAT1266,SUP491,2026-07-24,966.3,2928478.44
PO09043,MAT1603,SUP477,2025-04-16,134.2,612457.93
PO09044,MAT0564,SUP212,2025-10-18,639.9,525229.92
PO09045,MAT1252,SUP399,2025-12-12,453.99,1966335.11
PO09046,MAT1929,SUP273,2025-03-18,740.29,1490907.05
PO09047,MAT0908,SUP035,2025-09-03,50.54,202962.07
PO09048,MAT0032,SUP298,2025-10-05,875.22,4177818.91
PO09049,MAT0094,SUP214,2026-08-03,308.72,991920.45
PO09050,MAT0746,SUP122,2025-10-16,98.96,360580.55
PO09051,MAT1330,SUP122,2025-10-23,181.99,44314.56
PO09052,MAT1287,SUP366,2025-09-09,320.25,1129787.56
PO09053,MAT1053,SUP163,2025-12-26,776.13,1026843.27
PO09054,MAT1773,SUP221,2026-07-09,209.97,1045512.02
PO09055,MAT0797,SUP122,2025-08-07,488.56,2128138.05
PO09056,MAT0286,SUP258,2026-07-02,811.58,761059.14
PO09057,MAT0641,SUP374,2026-01-03,860.85,2261926.42
PO09058,MAT1226,SUP489,2026-05-19,578.04,1408527.41
PO09059,MAT0857,SUP028,2026-07-23,133.45,245249.07
PO09060,MAT0427,SUP024,2025-08-02,57.8,143776.92
PO09061,MAT0009,SUP476,2025-05-22,420.41,81273.66
PO09062,MAT1931,SUP281,2025-11-30,384.57,1289936.23
PO09063,MAT1136,SUP434,2026-04-13,951.08,2066249.83
PO09064,MAT0120,SUP490,2026-04-29,104.9,243927.12
PO09065,MAT1172,SUP119,2025-03-26,348.23,199929.29
PO09066,MAT0676,SUP242,2026-07-28,138.6,90645.79
PO09067,MAT0938,SUP081,2025-03-08,837.43,2182350.95
PO09068,MAT1800,SUP076,2026-04-25,960.19,1437452.44
PO09069,MAT0007,SUP115,2026-06-19,792.49,1413057.22
PO09070,MAT0818,SUP165,2025-10-12,82.25,369694.83
PO09071,MAT0271,SUP350,2025-01-03,492.76,1885048.45
PO09072,MAT1931,SUP281,2026-08-14,129.61,434741.75
PO09073,MAT0242,SUP442,2026-03-03,128.07,284750.84
PO09074,MAT1842,SUP464,2025-11-04,933.69,3500403.81
PO09075,MAT1314,SUP027,2025-09-21,262.03,288046.96
PO09076,MAT1787,SUP126,2025-03-25,968.16,2174564.81
PO09077,MAT1427,SUP088,2026-08-20,857.7,4258051.65
PO09078,MAT0545,SUP243,2025-09-04,69.75,64463.65
PO09079,MAT1632,SUP267,2026-08-14,462.9,1927348.96
PO09080,MAT1047,SUP444,2025-11-07,180.74,641749.9
PO09081,MAT0838,SUP375,2025-11-06,874.43,3940059.16
PO09082,MAT1663,SUP141,2026-05-17,220.76,232504.43
PO09083,MAT1042,SUP063,2026-06-13,918.07,1630317.89
PO09084,MAT0488,SUP452,2025-12-11,970.37,240195.69
PO09085,MAT0950,SUP069,2025-07-09,248.76,1212277.13
PO09086,MAT0439,SUP414,2026-05-10,970.78,2560441.96
PO09087,MAT0654,SUP219,2026-07-27,677.94,2638718.74
PO09088,MAT0345,SUP117,2026-05-23,463.91,163236.01
PO09089,MAT1247,SUP108,2025-02-27,474.07,1911246.39
PO09090,MAT1753,SUP393,2026-07-28,888.48,2431423.25
PO09091,MAT1576,SUP358,2025-05-31,347.23,882676.02
PO09092,MAT1659,SUP324,2025-06-26,340.99,74063.03
PO09093,MAT0781,SUP429,2025-04-08,165.26,633430.01
PO09094,MAT1450,SUP306,2026-07-23,830.03,3393718.76
PO09095,MAT1961,SUP255,2026-07-18,969.22,2943850.67
PO09096,MAT0284,SUP092,2025-06-19,412.12,1148446.56
PO09097,MAT0227,SUP003,2026-08-09,971.87,1038569.44
PO09098,MAT0740,SUP323,2025-03-03,618.36,1800540.65
PO09099,MAT0697,SUP236,2026-02-20,417.82,1496923.71
PO09100,MAT1657,SUP376,2025-01-20,156.92,738005.74
PO09101,MAT0465,SUP392,2026-03-17,366.98,711207.24
PO09102,MAT1774,SUP193,2025-07-28,553.82,388726.26
PO09103,MAT1252,SUP399,2025-08-09,830.66,3597779.51
PO09104,MAT1826,SUP393,2026-01-05,464.78,1831126.3
PO09105,MAT1485,SUP051,2026-02-24,314.36,1025027.36
PO09106,MAT1469,SUP453,2026-06-27,142.26,85139.76
PO09107,MAT0291,SUP001,2025-04-22,770.85,3278101.29
PO09108,MAT1675,SUP193,2025-01-02,830.82,3154282.9
PO09109,MAT0140,SUP299,2025-07-13,686.04,73138.72
PO09110,MAT0089,SUP085,2026-04-29,19.53,32169.23
PO09111,MAT1327,SUP095,2025-01-22,452.55,381056.15
PO09112,MAT1325,SUP351,2025-09-09,492.54,2146376.04
PO09113,MAT0125,SUP022,2025-03-04,532.45,2544472.06
PO09114,MAT1678,SUP152,2026-06-09,754.3,1663699.17
PO09115,MAT0302,SUP134,2026-03-03,919.86,187522.66
PO09116,MAT1856,SUP277,2026-03-22,753.95,3600541.0
PO09117,MAT1895,SUP186,2026-08-17,232.55,276874.03
PO09118,MAT1522,SUP318,2025-02-07,503.72,2269042.0
PO09119,MAT1910,SUP443,2025-02-05,574.93,2425922.88
PO09120,MAT1570,SUP212,2026-06-12,242.23,693223.5
PO09121,MAT0753,SUP173,2026-06-01,278.61,445968.24
PO09122,MAT1322,SUP230,2025-06-08,675.66,3080131.24
PO09123,MAT0552,SUP324,2026-03-22,496.79,1430561.45
PO09124,MAT0080,SUP103,2025-11-08,545.42,393716.88
PO09125,MAT0570,SUP415,2026-02-24,934.53,1956784.33
PO09126,MAT0267,SUP435,2025-06-30,619.53,661013.73
PO09127,MAT0763,SUP330,2025-12-22,68.67,313644.73
PO09128,MAT0429,SUP367,2026-05-02,800.46,467020.38
PO09129,MAT0951,SUP377,2025-10-03,813.95,1073046.56
PO09130,MAT0749,SUP243,2026-02-09,323.5,248606.52
PO09131,MAT1315,SUP095,2025-05-17,432.8,2053298.42
PO09132,MAT0741,SUP014,2026-02-09,366.85,898621.09
PO09133,MAT1494,SUP342,2025-10-10,98.91,214458.64
PO09134,MAT1706,SUP143,2026-06-07,168.56,555029.31
PO09135,MAT1135,SUP301,2025-04-16,452.28,1718768.02
PO09136,MAT0751,SUP313,2026-08-24,278.73,476095.93
PO09137,MAT0050,SUP043,2026-05-04,581.62,814454.12
PO09138,MAT0427,SUP024,2025-01-04,860.51,2140510.02
PO09139,MAT1677,SUP088,2025-02-11,201.89,496974.44
PO09140,MAT0452,SUP179,2025-12-08,767.07,3392604.87
PO09141,MAT1558,SUP478,2025-06-02,70.4,177776.19
PO09142,MAT0156,SUP127,2026-03-24,975.22,1719790.72
PO09143,MAT0766,SUP464,2026-02-11,615.34,1781083.17
PO09144,MAT1039,SUP268,2025-08-20,67.76,42879.88
PO09145,MAT1201,SUP018,2025-05-09,846.71,2686797.11
PO09146,MAT1752,SUP026,2026-02-03,666.67,2298424.83
PO09147,MAT0986,SUP223,2025-09-19,351.86,48795.94
PO09148,MAT0764,SUP037,2026-01-16,952.92,3479444.44
PO09149,MAT0598,SUP188,2025-08-17,249.11,759653.47
PO09150,MAT0664,SUP314,2025-02-03,999.1,1922727.99
PO09151,MAT1788,SUP329,2026-04-18,755.95,3045155.59
PO09152,MAT1347,SUP080,2025-09-22,777.8,254013.92
PO09153,MAT0709,SUP351,2025-02-10,735.12,1748997.5
PO09154,MAT1976,SUP003,2025-08-21,341.66,1132599.48
PO09155,MAT1767,SUP216,2026-03-20,519.79,871854.16
PO09156,MAT0225,SUP119,2025-05-31,650.82,2061348.69
PO09157,MAT0730,SUP441,2025-10-06,470.33,2103894.27
PO09158,MAT1431,SUP402,2026-05-06,374.42,1581175.66
PO09159,MAT0320,SUP104,2025-05-09,349.17,606424.49
PO09160,MAT1019,SUP389,2026-07-26,208.1,690448.75
PO09161,MAT0410,SUP094,2026-08-12,597.62,1215469.44
PO09162,MAT1705,SUP215,2025-01-26,71.23,23323.55
PO09163,MAT0408,SUP436,2026-01-02,842.16,82430.62
PO09164,MAT0936,SUP391,2025-08-03,405.45,1307495.16
PO09165,MAT0045,SUP023,2026-02-22,604.47,1120252.16
PO09166,MAT1480,SUP097,2025-08-02,202.18,288167.15
PO09167,MAT1191,SUP487,2026-05-20,440.13,889639.17
PO09168,MAT0613,SUP128,2025-08-11,992.98,1309154.76
PO09169,MAT0091,SUP315,2025-05-13,157.95,80944.64
PO09170,MAT0740,SUP323,2025-12-30,700.18,2038784.12
PO09171,MAT1851,SUP271,2025-06-13,775.6,3453374.51
PO09172,MAT0181,SUP234,2026-06-17,238.57,83315.8
PO09173,MAT1564,SUP371,2025-05-24,896.26,506476.53
PO09174,MAT0352,SUP403,2025-08-13,502.32,1486113.72
PO09175,MAT0174,SUP390,2025-06-30,194.38,889471.22
PO09176,MAT1871,SUP451,2026-08-17,215.82,851077.54
PO09177,MAT0055,SUP003,2025-02-06,240.75,34684.85
PO09178,MAT1075,SUP114,2025-08-23,720.29,2740112.81
PO09179,MAT1024,SUP172,2025-02-24,16.84,61284.8
PO09180,MAT1030,SUP154,2026-08-22,319.07,1069289.72
PO09181,MAT1663,SUP141,2025-08-01,258.47,272220.6
PO09182,MAT0395,SUP486,2025-02-04,212.37,30723.57
PO09183,MAT0081,SUP045,2026-04-02,21.03,70572.68
PO09184,MAT1638,SUP193,2025-07-22,199.18,673839.88
PO09185,MAT1916,SUP178,2025-07-21,685.97,2928097.24
PO09186,MAT1600,SUP191,2026-07-05,888.37,358368.46
PO09187,MAT1862,SUP482,2026-06-11,218.44,811762.36
PO09188,MAT0375,SUP134,2025-10-15,373.46,366879.63
PO09189,MAT1592,SUP009,2025-03-26,136.6,12828.11
PO09190,MAT0490,SUP335,2026-05-14,891.94,2325715.71
PO09191,MAT0776,SUP019,2025-01-13,276.69,683432.6
PO09192,MAT1138,SUP483,2025-08-13,445.49,1124421.21
PO09193,MAT0771,SUP357,2026-06-21,802.94,3603177.19
PO09194,MAT0555,SUP086,2026-01-16,755.21,3231052.7
PO09195,MAT0844,SUP180,2025-04-27,482.74,2359990.35
PO09196,MAT1169,SUP173,2026-03-08,575.65,1966305.27
PO09197,MAT0601,SUP428,2026-01-30,544.95,237478.31
PO09198,MAT1833,SUP405,2026-01-31,302.83,503345.86
PO09199,MAT1100,SUP224,2026-01-01,314.09,1507858.14
PO09200,MAT1510,SUP064,2025-05-28,104.9,258831.31
PO09201,MAT0210,SUP377,2026-05-17,669.03,3238392.88
PO09202,MAT0372,SUP155,2026-07-07,793.63,3277961.73
PO09203,MAT0320,SUP104,2026-04-20,624.52,1084641.36
PO09204,MAT0001,SUP232,2025-06-11,440.73,924819.02
PO09205,MAT0622,SUP205,2025-01-31,329.98,726196.89
PO09206,MAT1238,SUP429,2025-05-29,632.95,1597673.4
PO09207,MAT0056,SUP398,2026-04-07,206.24,252916.24
PO09208,MAT1815,SUP227,2026-03-15,527.17,1268571.34
PO09209,MAT1590,SUP141,2026-01-07,620.57,856572.77
PO09210,MAT0562,SUP306,2025-09-27,728.57,2312255.32
PO09211,MAT1159,SUP023,2025-05-16,530.91,96758.35
PO09212,MAT0464,SUP476,2026-07-24,221.25,127300.61
PO09213,MAT0392,SUP197,2026-08-09,47.64,141201.15
PO09214,MAT0080,SUP103,2026-04-13,617.47,445726.89
PO09215,MAT0936,SUP391,2026-04-25,914.57,2949305.34
PO09216,MAT0506,SUP481,2026-06-15,863.88,3419496.2
PO09217,MAT1818,SUP387,2025-08-05,89.5,270889.65
PO09218,MAT0547,SUP354,2026-01-17,32.63,11328.48
PO09219,MAT1461,SUP197,2025-06-18,103.66,300950.9
PO09220,MAT1883,SUP192,2026-06-07,380.39,1109928.57
PO09221,MAT0117,SUP294,2026-08-19,826.03,821387.71
PO09222,MAT1026,SUP015,2026-03-07,964.31,2876430.66
PO09223,MAT0958,SUP425,2026-01-07,781.58,2039150.04
PO09224,MAT0752,SUP201,2025-01-31,136.49,529185.38
PO09225,MAT0570,SUP415,2025-01-12,402.16,842070.76
PO09226,MAT0810,SUP083,2026-03-21,878.18,3773284.79
PO09227,MAT1396,SUP359,2026-06-21,410.74,36687.3
PO09228,MAT1373,SUP268,2025-02-07,409.24,2001486.44
PO09229,MAT1020,SUP499,2026-04-14,230.92,490834.32
PO09230,MAT0619,SUP258,2025-11-01,499.27,403574.92
PO09231,MAT0188,SUP433,2026-04-28,102.68,332918.34
PO09232,MAT1403,SUP480,2025-11-01,830.55,3287582.68
PO09233,MAT1395,SUP231,2026-08-14,681.75,2995043.65
PO09234,MAT0442,SUP417,2026-03-15,254.15,141632.71
PO09235,MAT1028,SUP025,2026-07-27,587.74,1334904.48
PO09236,MAT0169,SUP097,2025-04-02,891.67,3241496.87
PO09237,MAT1108,SUP095,2025-01-01,238.8,440810.47
PO09238,MAT1043,SUP159,2025-12-09,193.35,442626.49
PO09239,MAT0976,SUP388,2025-05-31,857.95,3487069.14
PO09240,MAT0024,SUP382,2026-01-26,177.21,203220.88
PO09241,MAT0737,SUP028,2025-04-16,332.0,895872.12
PO09242,MAT0786,SUP356,2026-08-03,761.78,2648838.56
PO09243,MAT0572,SUP165,2025-09-05,908.47,729628.6
PO09244,MAT0881,SUP007,2026-03-29,302.01,1019848.51
PO09245,MAT1982,SUP082,2026-08-10,679.9,257804.48
PO09246,MAT1024,SUP172,2026-03-01,235.57,857295.77
PO09247,MAT1478,SUP363,2025-09-21,618.94,2038590.3
PO09248,MAT1716,SUP116,2025-10-23,17.15,24016.17
PO09249,MAT0728,SUP148,2026-07-24,567.25,405396.56
PO09250,MAT1436,SUP141,2025-11-25,790.0,3695722.7
PO09251,MAT1204,SUP466,2025-10-20,420.61,1844892.2
PO09252,MAT1789,SUP370,2026-03-22,780.91,65651.1
PO09253,MAT0067,SUP444,2026-01-12,206.4,289459.49
PO09254,MAT0460,SUP236,2026-04-27,67.63,16064.83
PO09255,MAT0151,SUP217,2026-05-18,225.03,791410.26
PO09256,MAT0927,SUP192,2025-02-24,158.12,255621.54
PO09257,MAT1040,SUP249,2025-04-04,25.54,101303.39
PO09258,MAT0044,SUP068,2025-05-30,738.94,1414892.75
PO09259,MAT0565,SUP147,2026-04-24,940.61,2538461.83
PO09260,MAT1932,SUP427,2026-01-25,674.77,853239.92
PO09261,MAT1013,SUP497,2025-08-15,686.07,2646611.07
PO09262,MAT0541,SUP138,2025-06-21,357.41,1713677.3
PO09263,MAT0043,SUP260,2026-02-04,660.24,2762338.52
PO09264,MAT0591,SUP272,2026-04-18,212.84,484093.94
PO09265,MAT0150,SUP203,2025-07-10,178.31,729544.67
PO09266,MAT1415,SUP417,2025-07-29,292.23,38033.73
PO09267,MAT1838,SUP473,2026-06-02,457.5,274317.0
PO09268,MAT0387,SUP232,2026-08-01,221.69,240852.88
PO09269,MAT1755,SUP375,2025-03-08,431.82,1157182.6
PO09270,MAT1422,SUP437,2026-02-05,15.04,16525.35
PO09271,MAT1965,SUP047,2025-04-09,584.46,2667323.48
PO09272,MAT0026,SUP053,2025-02-04,607.18,799680.35
PO09273,MAT1462,SUP146,2025-11-06,553.23,2332489.6
PO09274,MAT0040,SUP417,2026-03-18,402.37,1354811.98
PO09275,MAT1198,SUP329,2025-01-24,750.31,302082.31
PO09276,MAT1759,SUP263,2025-08-01,976.4,1681341.27
PO09277,MAT1857,SUP104,2025-06-07,419.22,359808.14
PO09278,MAT1955,SUP494,2025-11-08,924.74,103811.31
PO09279,MAT0003,SUP035,2026-04-04,775.81,3233009.74
PO09280,MAT0439,SUP414,2026-07-26,887.7,2341317.63
PO09281,MAT0490,SUP335,2025-07-22,667.83,1741353.37
PO09282,MAT1942,SUP333,2026-06-11,363.83,1631566.53
PO09283,MAT0656,SUP234,2026-01-07,633.8,2785557.34
PO09284,MAT1263,SUP485,2025-10-14,100.45,454824.54
PO09285,MAT0206,SUP305,2026-03-18,797.01,811324.3
PO09286,MAT0337,SUP210,2025-01-24,603.48,2187065.83
PO09287,MAT1423,SUP101,2026-05-23,105.76,502913.12
PO09288,MAT0048,SUP419,2026-03-01,299.71,1203704.29
PO09289,MAT0057,SUP328,2026-01-10,642.12,1485037.35
PO09290,MAT0419,SUP385,2026-07-27,116.37,190513.98
PO09291,MAT1912,SUP125,2025-10-20,356.57,891471.35
PO09292,MAT1220,SUP232,2026-05-18,816.46,2814027.37
PO09293,MAT1589,SUP128,2025-10-06,424.28,642499.93
PO09294,MAT1992,SUP432,2026-08-12,837.04,2534741.27
PO09295,MAT1401,SUP059,2025-09-19,915.02,2104692.4
PO09296,MAT0992,SUP463,2025-08-07,691.78,2564407.71
PO09297,MAT0962,SUP364,2025-08-28,544.17,1334163.36
PO09298,MAT0068,SUP459,2026-07-17,883.36,1526649.25
PO09299,MAT1039,SUP268,2025-11-30,139.46,88253.08
PO09300,MAT0736,SUP456,2026-08-10,39.69,19361.18
PO09301,MAT0976,SUP388,2025-12-06,395.1,1605852.34
PO09302,MAT0259,SUP116,2025-12-20,919.21,3139938.63
PO09303,MAT0266,SUP142,2025-03-31,557.59,712839.78
PO09304,MAT1544,SUP256,2026-03-30,546.9,903538.96
PO09305,MAT0210,SUP377,2025-11-07,742.75,3595229.38
PO09306,MAT1207,SUP384,2026-03-30,99.67,463822.32
PO09307,MAT1132,SUP468,2026-06-26,923.14,85150.43
PO09308,MAT0619,SUP258,2026-07-07,507.43,410170.89
PO09309,MAT1823,SUP327,2026-04-01,280.7,1156949.96
PO09310,MAT1233,SUP480,2025-09-28,361.21,1349429.99
PO09311,MAT0013,SUP080,2026-02-17,513.03,1941541.51
PO09312,MAT0532,SUP377,2025-08-08,508.33,2221442.77
PO09313,MAT0055,SUP003,2026-02-09,166.17,23940.11
PO09314,MAT1020,SUP499,2025-11-28,67.18,142795.12
PO09315,MAT1122,SUP298,2025-09-03,54.63,175286.91
PO09316,MAT0823,SUP058,2026-08-08,648.48,1625629.12
PO09317,MAT1022,SUP330,2026-02-04,287.61,1278000.79
PO09318,MAT1078,SUP421,2025-06-19,272.57,163321.22
PO09319,MAT0756,SUP337,2025-08-16,305.19,1451154.03
PO09320,MAT0556,SUP108,2025-08-26,364.74,735089.7
PO09321,MAT0482,SUP201,2026-06-26,411.64,1836992.9
PO09322,MAT1504,SUP090,2025-12-04,185.04,843064.44
PO09323,MAT0567,SUP192,2025-04-25,194.8,406759.93
PO09324,MAT1371,SUP203,2025-04-15,689.17,2353873.92
PO09325,MAT1725,SUP084,2026-02-03,41.87,115416.75
PO09326,MAT1896,SUP052,2025-08-29,509.36,1626279.51
PO09327,MAT0097,SUP175,2025-03-07,15.06,11463.07
PO09328,MAT1939,SUP414,2026-07-14,54.56,64256.95
PO09329,MAT0084,SUP294,2025-12-05,869.1,2054256.91
PO09330,MAT0805,SUP297,2026-03-06,625.68,2793360.87
PO09331,MAT0458,SUP086,2026-01-26,432.89,1164201.38
PO09332,MAT0798,SUP300,2025-11-03,591.53,188686.24
PO09333,MAT0263,SUP333,2025-03-02,219.82,489866.67
PO09334,MAT1759,SUP263,2026-02-17,266.96,459699.78
PO09335,MAT0431,SUP377,2025-10-10,464.96,1296527.01
PO09336,MAT0267,SUP435,2026-08-20,131.3,140091.85
PO09337,MAT1300,SUP216,2025-03-25,431.77,1947256.79
PO09338,MAT1510,SUP064,2025-07-10,185.65,458074.67
PO09339,MAT1417,SUP499,2025-12-13,53.84,32908.62
PO09340,MAT0874,SUP088,2025-09-01,729.75,52126.04
PO09341,MAT0978,SUP270,2026-02-19,701.76,326774.54
PO09342,MAT1775,SUP112,2025-12-26,555.74,2757053.93
PO09343,MAT0145,SUP361,2026-02-23,713.06,311329.13
PO09344,MAT0464,SUP476,2025-03-13,642.09,369439.32
PO09345,MAT0096,SUP353,2025-02-15,51.98,43273.35
PO09346,MAT1237,SUP203,2025-11-06,131.4,356691.87
PO09347,MAT1995,SUP462,2026-06-18,606.16,2083596.2
PO09348,MAT0108,SUP500,2025-08-09,224.51,448979.59
PO09349,MAT0394,SUP455,2025-05-15,846.64,1478682.16
PO09350,MAT0414,SUP472,2026-03-02,717.5,436986.2
PO09351,MAT1014,SUP147,2026-02-15,11.26,10108.66
PO09352,MAT0260,SUP441,2025-08-17,520.47,1814072.16
PO09353,MAT1824,SUP158,2025-11-20,751.72,1173923.54
PO09354,MAT1677,SUP088,2025-01-27,175.68,432455.64
PO09355,MAT0439,SUP414,2025-12-13,787.55,2077171.0
PO09356,MAT1985,SUP066,2026-05-09,201.09,1001028.03
PO09357,MAT0584,SUP080,2026-06-16,21.45,82913.9
PO09358,MAT1493,SUP349,2025-02-01,77.89,68145.18
PO09359,MAT1692,SUP040,2025-10-29,812.54,591553.5
PO09360,MAT1013,SUP497,2026-04-22,103.73,400153.0
PO09361,MAT1158,SUP393,2026-07-09,101.72,211575.57
PO09362,MAT1843,SUP117,2026-01-19,563.35,1038203.35
PO09363,MAT1991,SUP095,2026-01-30,750.2,1284830.03
PO09364,MAT1312,SUP219,2025-04-03,601.76,936482.98
PO09365,MAT1958,SUP192,2026-08-05,773.02,715661.92
PO09366,MAT1577,SUP249,2025-04-29,197.8,86697.72
PO09367,MAT1305,SUP249,2026-02-15,629.22,2401386.67
PO09368,MAT1841,SUP272,2026-01-18,45.82,158691.61
PO09369,MAT1450,SUP306,2025-12-31,342.68,1401105.44
PO09370,MAT1580,SUP429,2026-08-13,103.94,144266.64
PO09371,MAT1649,SUP396,2025-08-16,834.98,1123006.35
PO09372,MAT1200,SUP357,2026-08-14,417.67,1366612.06
PO09373,MAT1877,SUP439,2026-03-25,90.67,367816.46
PO09374,MAT1533,SUP246,2026-03-20,797.0,1181767.69
PO09375,MAT0916,SUP422,2026-05-20,86.03,279417.7
PO09376,MAT1661,SUP008,2025-01-08,540.91,1646594.95
PO09377,MAT0997,SUP010,2025-11-15,614.22,1783203.5
PO09378,MAT1847,SUP295,2025-06-01,601.47,1918779.52
PO09379,MAT0628,SUP388,2025-07-28,710.06,430466.77
PO09380,MAT1685,SUP326,2026-07-26,908.1,4016117.66
PO09381,MAT1116,SUP194,2026-01-10,27.1,44006.61
PO09382,MAT1617,SUP264,2025-04-14,604.16,2777432.27
PO09383,MAT0278,SUP488,2025-03-27,162.16,427920.78
PO09384,MAT0235,SUP488,2025-08-14,215.46,527620.6
PO09385,MAT1482,SUP137,2025-05-24,83.48,200968.92
PO09386,MAT1423,SUP101,2025-07-19,286.65,1363086.68
PO09387,MAT0396,SUP302,2025-12-28,171.56,152082.79
PO09388,MAT0042,SUP099,2025-05-19,51.67,258343.8
PO09389,MAT0587,SUP286,2025-09-29,50.94,205662.61
PO09390,MAT1251,SUP124,2025-02-23,944.23,2331020.6
PO09391,MAT1549,SUP348,2025-08-07,483.22,563536.0
PO09392,MAT1941,SUP303,2025-03-16,936.28,346479.78
PO09393,MAT1975,SUP328,2026-04-28,501.07,63726.08
PO09394,MAT0731,SUP261,2026-06-19,560.11,1558590.09
PO09395,MAT0729,SUP337,2026-01-30,162.95,794565.38
PO09396,MAT1788,SUP329,2026-04-05,262.34,1056771.1
PO09397,MAT1273,SUP186,2025-01-08,394.77,1540175.42
PO09398,MAT0752,SUP201,2025-04-19,77.61,300901.73
PO09399,MAT1068,SUP259,2025-07-05,906.06,4009732.29
PO09400,MAT1528,SUP035,2025-05-15,723.61,584286.13
PO09401,MAT0367,SUP084,2025-08-24,917.68,3448054.12
PO09402,MAT1810,SUP291,2026-02-02,595.99,761353.39
PO09403,MAT1907,SUP196,2026-01-15,943.76,574325.15
PO09404,MAT1994,SUP369,2026-03-16,324.82,1180457.6
PO09405,MAT0468,SUP022,2025-04-06,176.34,508733.85
PO09406,MAT1107,SUP320,2025-05-01,558.82,689103.29
PO09407,MAT0646,SUP373,2025-02-19,833.15,3198379.54
PO09408,MAT1255,SUP093,2025-03-06,546.62,1337442.49
PO09409,MAT0237,SUP290,2025-05-05,670.55,2675232.99
PO09410,MAT0527,SUP460,2025-05-15,864.84,3733531.58
PO09411,MAT0701,SUP344,2025-08-24,876.05,1226154.62
PO09412,MAT0212,SUP014,2025-08-15,203.71,961048.78
PO09413,MAT0811,SUP396,2025-07-06,331.3,1450196.18
PO09414,MAT1586,SUP199,2026-08-21,876.07,3766785.61
PO09415,MAT0791,SUP100,2026-06-05,771.3,3079978.3
PO09416,MAT1742,SUP197,2026-08-18,723.44,1560655.41
PO09417,MAT1980,SUP143,2025-05-19,68.97,282279.73
PO09418,MAT1791,SUP247,2025-06-04,228.95,343463.92
PO09419,MAT0033,SUP310,2025-10-19,817.83,2070557.46
PO09420,MAT0780,SUP167,2025-12-16,604.03,2947950.29
PO09421,MAT1213,SUP194,2026-07-23,661.52,939338.55
PO09422,MAT0322,SUP192,2026-06-02,704.1,2077644.2
PO09423,MAT0624,SUP037,2025-04-18,847.36,3300484.15
PO09424,MAT1809,SUP284,2026-08-20,706.85,2997538.8
PO09425,MAT0044,SUP068,2025-04-21,575.01,1101006.15
PO09426,MAT1723,SUP462,2026-02-19,861.58,1417936.67
PO09427,MAT0289,SUP125,2025-02-19,967.22,1811554.7
PO09428,MAT1506,SUP063,2026-01-03,40.53,161589.06
PO09429,MAT0421,SUP228,2025-06-17,98.16,222635.71
PO09430,MAT0849,SUP237,2025-05-25,756.99,2867826.34
PO09431,MAT0360,SUP331,2025-08-11,794.68,779008.91
PO09432,MAT0864,SUP160,2025-01-07,523.68,386538.68
PO09433,MAT1111,SUP369,2026-02-19,788.16,1365171.94
PO09434,MAT0572,SUP165,2025-04-16,942.01,756565.91
PO09435,MAT1468,SUP098,2026-07-25,770.99,3153295.13
PO09436,MAT1579,SUP358,2025-09-17,262.56,857796.65
PO09437,MAT1776,SUP393,2026-02-21,841.44,2333186.9
PO09438,MAT1551,SUP458,2026-07-09,704.45,1289023.74
PO09439,MAT0268,SUP152,2026-05-27,907.97,3568158.67
PO09440,MAT1935,SUP435,2025-09-20,47.76,139718.54
PO09441,MAT0818,SUP165,2026-07-20,842.37,3786259.4
PO09442,MAT1506,SUP063,2025-10-07,430.6,1716759.14
PO09443,MAT1033,SUP032,2025-11-30,270.98,1205351.56
PO09444,MAT1091,SUP499,2026-08-03,876.53,4021291.74
PO09445,MAT1067,SUP426,2025-01-31,822.02,2991429.42
PO09446,MAT0579,SUP267,2025-01-12,594.72,1421672.21
PO09447,MAT1321,SUP066,2025-12-07,830.35,1760466.55
PO09448,MAT0446,SUP151,2026-05-29,44.38,41196.18
PO09449,MAT0569,SUP321,2025-05-15,695.39,1813034.72
PO09450,MAT1784,SUP012,2026-04-13,269.65,1192767.11
PO09451,MAT1231,SUP467,2026-02-12,437.88,1439267.77
PO09452,MAT0733,SUP138,2026-07-25,228.23,1058186.11
PO09453,MAT1100,SUP224,2026-07-14,915.41,4394627.1
PO09454,MAT0447,SUP062,2025-12-23,575.78,144601.39
PO09455,MAT0143,SUP383,2025-02-11,492.24,934980.35
PO09456,MAT1314,SUP027,2025-05-26,612.3,673095.27
PO09457,MAT1642,SUP315,2025-10-08,87.39,277339.16
PO09458,MAT1189,SUP085,2025-05-27,668.5,843901.03
PO09459,MAT0805,SUP297,2025-01-17,297.45,1327971.47
PO09460,MAT1002,SUP410,2026-01-03,459.76,1438184.45
PO09461,MAT1555,SUP153,2026-03-30,908.62,575828.84
PO09462,MAT0908,SUP035,2025-07-03,323.03,1297246.49
PO09463,MAT0915,SUP211,2025-07-15,677.74,2919649.7
PO09464,MAT0104,SUP026,2026-07-01,294.78,736870.41
PO09465,MAT0427,SUP024,2026-02-20,755.22,1878602.2
PO09466,MAT0301,SUP076,2025-03-29,879.36,3139517.45
PO09467,MAT1961,SUP255,2025-12-20,203.3,617491.22
PO09468,MAT0042,SUP099,2025-04-09,396.84,1984152.38
PO09469,MAT0548,SUP382,2025-10-20,500.42,668491.06
PO09470,MAT0587,SUP286,2026-06-22,980.61,3959065.78
PO09471,MAT1221,SUP002,2026-02-15,132.23,17496.67
PO09472,MAT1102,SUP301,2025-10-28,675.57,225451.22
PO09473,MAT1530,SUP475,2026-01-20,891.24,1367714.73
PO09474,MAT1175,SUP211,2025-11-24,586.63,2258144.19
PO09475,MAT0207,SUP486,2025-01-15,143.4,242988.43
PO09476,MAT1482,SUP137,2026-02-01,138.18,332653.15
PO09477,MAT0349,SUP022,2026-04-02,957.74,419413.5
PO09478,MAT1177,SUP326,2025-03-28,129.75,634634.5
PO09479,MAT1338,SUP374,2026-02-04,393.08,736934.59
PO09480,MAT1776,SUP393,2026-07-08,405.03,1123087.44
PO09481,MAT0161,SUP155,2025-01-09,770.31,3797004.35
PO09482,MAT0425,SUP287,2025-11-12,600.8,1814271.81
PO09483,MAT0781,SUP429,2025-05-11,277.37,1063139.79
PO09484,MAT0214,SUP338,2026-02-14,877.37,3150126.8
PO09485,MAT1854,SUP395,2026-02-27,488.29,2261031.73
PO09486,MAT1214,SUP249,2025-02-17,133.69,12975.95
PO09487,MAT1030,SUP154,2026-01-14,384.69,1289200.06
PO09488,MAT0604,SUP184,2026-05-25,748.55,2640599.95
PO09489,MAT1477,SUP175,2025-10-30,54.36,221749.66
PO09490,MAT1445,SUP461,2025-03-06,897.88,175993.46
PO09491,MAT0073,SUP328,2026-05-25,952.33,401359.48
PO09492,MAT0360,SUP331,2025-07-31,95.87,93979.44
PO09493,MAT1956,SUP410,2025-06-01,329.07,934117.85
PO09494,MAT1414,SUP194,2025-10-08,187.52,332476.71
PO09495,MAT1698,SUP316,2025-07-27,346.8,1521640.49
PO09496,MAT1428,SUP316,2025-12-16,829.53,3443644.48
PO09497,MAT0042,SUP099,2026-02-04,832.83,4164050.06
PO09498,MAT0214,SUP338,2025-01-01,525.79,1887806.93
PO09499,MAT0701,SUP344,2026-06-20,839.31,1174731.85
PO09500,MAT0582,SUP167,2025-11-13,604.2,530747.41
PO09501,MAT1890,SUP329,2025-03-06,458.09,2210527.04
PO09502,MAT1719,SUP276,2025-04-21,368.35,402525.51
PO09503,MAT0500,SUP074,2025-02-27,346.08,1422817.94
PO09504,MAT1877,SUP439,2025-06-03,18.17,73709.33
PO09505,MAT0471,SUP437,2026-01-04,909.11,3876781.41
PO09506,MAT1660,SUP419,2025-08-22,337.15,1455415.86
PO09507,MAT1604,SUP262,2025-03-31,196.53,772001.28
PO09508,MAT1505,SUP214,2025-05-02,519.89,822024.07
PO09509,MAT0993,SUP441,2026-01-16,919.36,2709234.4
PO09510,MAT0513,SUP158,2025-01-18,336.09,589690.07
PO09511,MAT1867,SUP374,2025-08-24,295.27,81075.24
PO09512,MAT1445,SUP461,2025-06-02,249.78,48959.38
PO09513,MAT1101,SUP241,2025-05-10,728.35,2211620.21
PO09514,MAT1609,SUP410,2025-05-07,16.56,19754.59
PO09515,MAT1869,SUP411,2025-03-29,884.36,3836716.27
PO09516,MAT0354,SUP445,2026-08-16,278.16,1225759.33
PO09517,MAT0110,SUP071,2025-09-22,890.21,3587216.92
PO09518,MAT1971,SUP379,2025-08-20,728.28,1962532.53
PO09519,MAT0423,SUP406,2025-10-11,909.69,4382613.51
PO09520,MAT1242,SUP439,2025-03-18,288.23,1052215.32
PO09521,MAT0859,SUP166,2025-02-01,809.37,3353033.75
PO09522,MAT1464,SUP163,2026-07-06,926.98,1883345.27
PO09523,MAT0593,SUP123,2026-05-13,516.87,1870537.02
PO09524,MAT0927,SUP192,2025-09-29,697.72,1127955.08
PO09525,MAT0570,SUP415,2025-07-21,684.1,1432416.47
PO09526,MAT1000,SUP119,2026-04-22,877.19,997829.94
PO09527,MAT0471,SUP437,2026-05-09,595.82,2540796.93
PO09528,MAT0430,SUP235,2026-07-12,159.62,763484.81
PO09529,MAT1051,SUP414,2025-11-08,54.68,166988.89
PO09530,MAT1938,SUP297,2025-06-02,105.7,55839.2
PO09531,MAT1281,SUP094,2025-04-28,432.81,2134584.3
PO09532,MAT0247,SUP142,2026-06-28,155.8,548736.95
PO09533,MAT0783,SUP085,2025-04-05,224.84,282408.03
PO09534,MAT0589,SUP151,2026-08-03,866.84,3034234.73
PO09535,MAT1362,SUP472,2026-06-14,90.0,31041.9
PO09536,MAT1797,SUP291,2025-04-22,656.61,1964852.9
PO09537,MAT1579,SUP358,2025-02-13,805.98,2633176.96
PO09538,MAT0335,SUP305,2026-08-04,389.04,1739580.69
PO09539,MAT0913,SUP415,2025-11-15,171.0,730380.33
PO09540,MAT1080,SUP302,2026-02-23,350.37,1311284.25
PO09541,MAT1902,SUP201,2026-04-20,524.13,527898.49
PO09542,MAT0022,SUP411,2026-03-22,812.66,1891449.9
PO09543,MAT0662,SUP047,2025-12-07,368.01,608751.1
PO09544,MAT1034,SUP190,2026-04-30,457.14,934225.02
PO09545,MAT0656,SUP234,2025-10-17,778.54,3421691.09
PO09546,MAT0774,SUP019,2025-12-22,868.17,284299.63
PO09547,MAT1440,SUP193,2026-03-04,221.07,704346.71
PO09548,MAT0841,SUP101,2025-11-04,507.25,235247.33
PO09549,MAT1522,SUP318,2026-06-30,152.27,685910.87
PO09550,MAT1823,SUP327,2026-05-21,825.73,3403378.31
PO09551,MAT0603,SUP321,2025-06-02,321.42,904540.16
PO09552,MAT1220,SUP232,2025-10-30,750.37,2586240.25
PO09553,MAT0865,SUP364,2025-05-12,643.0,123687.48
PO09554,MAT1924,SUP255,2025-07-27,333.67,1266274.31
PO09555,MAT0822,SUP460,2025-03-11,900.05,1329769.87
PO09556,MAT0443,SUP262,2026-06-24,682.77,2376060.08
PO09557,MAT0723,SUP299,2025-07-11,558.0,1716899.04
PO09558,MAT0972,SUP495,2025-12-06,55.6,27326.29
PO09559,MAT1370,SUP031,2025-09-13,259.25,788291.1
PO09560,MAT1935,SUP435,2026-01-10,238.1,696544.88
PO09561,MAT0399,SUP360,2026-06-24,194.82,207911.9
PO09562,MAT0775,SUP414,2026-04-29,167.25,387841.04
PO09563,MAT0115,SUP496,2025-09-26,446.97,1300365.35
PO09564,MAT1839,SUP423,2026-04-30,440.8,1928967.25
PO09565,MAT0074,SUP074,2026-01-23,711.51,2423787.28
PO09566,MAT1148,SUP381,2026-06-30,137.22,271079.48
PO09567,MAT1557,SUP447,2026-07-14,970.17,4697728.07
PO09568,MAT0619,SUP258,2025-11-03,327.74,264922.07
PO09569,MAT0121,SUP313,2026-05-28,452.28,453053.4
PO09570,MAT1627,SUP146,2025-05-13,65.06,41432.16
PO09571,MAT1042,SUP063,2026-04-29,320.27,568738.67
PO09572,MAT1723,SUP462,2025-03-15,687.17,1130903.16
PO09573,MAT0280,SUP140,2025-08-09,719.61,263499.59
PO09574,MAT0749,SUP243,2026-02-04,559.89,430269.87
PO09575,MAT1308,SUP438,2025-07-14,111.7,353317.15
PO09576,MAT0573,SUP145,2025-05-20,402.17,269027.6
PO09577,MAT1590,SUP141,2025-04-08,660.1,911136.03
PO09578,MAT0774,SUP019,2025-02-05,485.96,159137.32
PO09579,MAT0372,SUP155,2025-10-30,714.75,2952160.52
PO09580,MAT0250,SUP207,2025-03-26,264.36,994395.43
PO09581,MAT1269,SUP275,2025-09-27,227.67,90899.52
PO09582,MAT0565,SUP147,2025-05-05,25.07,67657.41
PO09583,MAT1100,SUP224,2026-02-01,90.8,435905.38
PO09584,MAT1245,SUP068,2025-10-21,361.92,1365784.74
PO09585,MAT0468,SUP022,2026-01-27,932.06,2688955.82
PO09586,MAT1712,SUP060,2025-12-27,710.75,677614.84
PO09587,MAT0011,SUP380,2025-11-16,278.51,140424.74
PO09588,MAT0194,SUP051,2025-07-29,221.4,265482.95
PO09589,MAT0721,SUP273,2026-05-06,105.72,209368.95
PO09590,MAT1472,SUP343,2025-05-06,686.69,1807869.36
PO09591,MAT1949,SUP016,2026-01-07,234.51,857579.62
PO09592,MAT1708,SUP214,2025-09-06,888.29,330026.38
PO09593,MAT1311,SUP157,2026-08-18,933.51,1071473.44
PO09594,MAT1870,SUP215,2025-06-18,626.0,572451.96
PO09595,MAT1003,SUP089,2026-04-24,38.21,31475.49
PO09596,MAT0001,SUP232,2025-01-26,752.51,1579051.93
PO09597,MAT1333,SUP136,2025-07-30,793.91,1644425.78
PO09598,MAT0579,SUP267,2025-11-06,234.02,559422.47
PO09599,MAT0075,SUP121,2025-11-05,603.76,1112518.36
PO09600,MAT1522,SUP318,2026-05-24,370.65,1669618.87
PO09601,MAT0924,SUP122,2026-07-10,704.01,461316.63
PO09602,MAT1229,SUP473,2026-07-19,719.77,2293230.41
PO09603,MAT1923,SUP425,2025-03-12,736.33,406034.45
PO09604,MAT0116,SUP269,2026-06-21,511.52,1986897.14
PO09605,MAT1505,SUP214,2026-05-03,516.62,816853.71
PO09606,MAT0896,SUP029,2025-02-24,948.55,1284137.5
PO09607,MAT0295,SUP304,2025-05-14,124.45,44590.44
PO09608,MAT1678,SUP152,2026-08-10,594.86,1312035.11
PO09609,MAT1775,SUP112,2026-05-27,610.93,3030854.28
PO09610,MAT1866,SUP360,2025-08-11,461.78,1509854.36
PO09611,MAT0211,SUP419,2025-08-13,519.82,965217.37
PO09612,MAT1914,SUP309,2026-05-18,903.99,2686839.08
PO09613,MAT0649,SUP119,2026-08-21,868.81,2999583.9
PO09614,MAT1971,SUP379,2025-08-04,222.24,598881.24
PO09615,MAT1375,SUP245,2025-06-14,175.71,576479.91
PO09616,MAT1194,SUP373,2025-08-23,872.23,1154474.91
PO09617,MAT0836,SUP497,2025-11-26,271.4,1324223.02
PO09618,MAT1700,SUP301,2025-02-11,930.09,1558682.03
PO09619,MAT0198,SUP365,2026-03-26,23.64,87734.9
PO09620,MAT1383,SUP209,2026-04-07,214.67,118059.91
PO09621,MAT0911,SUP264,2025-05-01,980.75,3309266.26
PO09622,MAT1461,SUP197,2026-06-22,226.16,656599.02
PO09623,MAT1379,SUP097,2026-02-10,560.02,587203.37
PO09624,MAT0106,SUP206,2025-11-14,465.23,1336554.61
PO09625,MAT0560,SUP018,2026-05-24,263.28,1134428.76
PO09626,MAT0546,SUP154,2026-04-16,27.82,78802.65
PO09627,MAT1828,SUP478,2026-02-17,391.15,933405.16
PO09628,MAT1802,SUP187,2025-12-28,408.19,1526634.68
PO09629,MAT0639,SUP257,2025-01-04,675.49,2748481.0
PO09630,MAT0460,SUP236,2026-04-06,383.85,91179.73
PO09631,MAT0467,SUP347,2025-05-23,170.43,816204.61
PO09632,MAT1241,SUP031,2026-07-17,853.97,688197.34
PO09633,MAT0280,SUP140,2025-05-04,866.8,317396.16
PO09634,MAT1490,SUP113,2025-07-05,789.57,1974793.53
PO09635,MAT1111,SUP369,2026-07-06,135.79,235201.86
PO09636,MAT0419,SUP385,2026-08-18,830.7,1359972.2
PO09637,MAT1041,SUP480,2025-08-06,860.13,3828292.41
PO09638,MAT1524,SUP029,2026-05-31,421.18,1751258.02
PO09639,MAT1160,SUP439,2026-07-05,173.38,349107.57
PO09640,MAT1054,SUP074,2026-07-23,792.23,1041774.53
PO09641,MAT0289,SUP125,2026-03-27,142.33,266576.97
PO09642,MAT0035,SUP225,2025-09-25,711.23,1875940.25
PO09643,MAT1736,SUP426,2025-08-09,602.71,2137095.15
PO09644,MAT0595,SUP210,2025-07-22,851.98,508461.66
PO09645,MAT0567,SUP192,2025-11-03,724.7,1513238.82
PO09646,MAT0179,SUP329,2026-01-04,647.41,1711441.28
PO09647,MAT1315,SUP095,2026-03-18,574.22,2724226.01
PO09648,MAT0926,SUP226,2025-02-07,901.13,1179407.96
PO09649,MAT1170,SUP371,2026-02-15,663.53,177733.15
PO09650,MAT1248,SUP053,2026-02-11,42.14,80653.85
PO09651,MAT0759,SUP355,2025-10-07,547.65,724990.02
PO09652,MAT1946,SUP393,2025-08-26,103.56,507638.69
PO09653,MAT1922,SUP439,2025-07-27,259.85,442298.48
PO09654,MAT0119,SUP266,2025-09-28,213.53,603519.06
PO09655,MAT1324,SUP149,2025-12-15,525.84,2514156.72
PO09656,MAT1670,SUP073,2025-10-11,582.5,1806693.65
PO09657,MAT0235,SUP488,2026-07-30,100.66,246497.21
PO09658,MAT1710,SUP326,2026-06-18,661.25,1051559.42
PO09659,MAT1965,SUP047,2026-03-20,357.97,1633682.01
PO09660,MAT0631,SUP268,2025-06-07,967.2,2675816.83
PO09661,MAT1878,SUP461,2025-07-05,127.17,87058.04
PO09662,MAT1554,SUP219,2026-02-03,751.87,3290325.98
PO09663,MAT1824,SUP158,2026-04-24,561.76,877272.5
PO09664,MAT0778,SUP313,2025-04-01,479.1,2005028.71
PO09665,MAT1340,SUP332,2025-01-20,313.86,48390.93
PO09666,MAT1271,SUP195,2025-08-19,791.39,3815995.53
PO09667,MAT1518,SUP401,2025-09-16,629.66,330829.66
PO09668,MAT1141,SUP323,2026-06-26,103.9,475141.97
PO09669,MAT1811,SUP354,2026-02-25,729.35,677041.02
PO09670,MAT0597,SUP293,2026-08-17,356.12,1177585.57
PO09671,MAT0481,SUP283,2026-01-06,740.73,2029726.12
PO09672,MAT0017,SUP029,2026-07-20,808.43,858463.73
PO09673,MAT0732,SUP096,2026-01-17,576.99,1755572.85
PO09674,MAT0897,SUP165,2025-09-22,175.25,33180.08
PO09675,MAT0062,SUP183,2025-09-10,504.64,886536.41
PO09676,MAT0277,SUP342,2025-07-22,922.18,591338.7
PO09677,MAT0834,SUP230,2025-08-02,765.43,3734196.18
PO09678,MAT0442,SUP417,2026-02-24,201.49,112286.35
PO09679,MAT1341,SUP097,2026-02-08,343.09,260899.36
PO09680,MAT1965,SUP047,2026-05-24,185.49,846528.13
PO09681,MAT1653,SUP310,2026-02-14,466.6,69336.76
PO09682,MAT0217,SUP086,2026-06-17,497.45,133948.36
PO09683,MAT1557,SUP447,2026-05-15,372.45,1803466.22
PO09684,MAT1570,SUP212,2025-08-03,367.27,1051067.98
PO09685,MAT1115,SUP061,2026-07-27,430.89,1904309.74
PO09686,MAT0006,SUP160,2025-08-02,835.11,470016.61
PO09687,MAT0605,SUP282,2025-11-13,98.41,250771.31
PO09688,MAT1517,SUP153,2025-09-21,998.44,4632002.79
PO09689,MAT0096,SUP353,2025-03-16,588.98,490325.85
PO09690,MAT1778,SUP440,2025-08-14,776.69,1941274.52
PO09691,MAT1811,SUP354,2026-07-23,33.25,30865.31
PO09692,MAT1450,SUP306,2026-07-15,655.83,2681472.45
PO09693,MAT0309,SUP141,2025-11-01,187.36,423013.91
PO09694,MAT1215,SUP109,2026-05-19,856.42,3399422.16
PO09695,MAT1566,SUP397,2025-07-16,208.48,561690.99
PO09696,MAT0978,SUP270,2025-01-14,682.78,317936.51
PO09697,MAT1458,SUP485,2026-05-17,851.03,2460361.77
PO09698,MAT0503,SUP311,2025-04-28,369.69,343161.05
PO09699,MAT0121,SUP313,2025-01-29,42.83,42903.24
PO09700,MAT1063,SUP232,2025-03-18,91.18,5011.25
PO09701,MAT1222,SUP120,2025-04-19,340.97,834848.0
PO09702,MAT0738,SUP464,2026-06-23,967.35,2796734.61
PO09703,MAT1159,SUP023,2025-11-12,290.23,52894.42
PO09704,MAT0342,SUP190,2025-07-23,418.57,786300.49
PO09705,MAT0912,SUP442,2025-09-15,504.4,1465468.63
PO09706,MAT0468,SUP022,2025-06-10,760.56,2194185.18
PO09707,MAT0124,SUP347,2025-09-25,992.89,1915771.33
PO09708,MAT1121,SUP365,2025-01-14,96.16,254929.78
PO09709,MAT0870,SUP472,2026-06-22,951.25,1014736.42
PO09710,MAT0625,SUP344,2025-04-10,802.23,1722010.76
PO09711,MAT1643,SUP337,2026-01-29,779.56,3426594.96
PO09712,MAT1862,SUP482,2025-09-14,827.26,3074247.07
PO09713,MAT1197,SUP208,2025-01-19,318.75,1499530.69
PO09714,MAT1514,SUP205,2026-08-08,956.16,4274532.4
PO09715,MAT0881,SUP007,2025-12-17,981.43,3314161.52
PO09716,MAT1057,SUP193,2026-05-08,231.93,71156.12
PO09717,MAT0783,SUP085,2025-01-28,387.61,486853.66
PO09718,MAT0232,SUP262,2026-08-10,387.08,820717.98
PO09719,MAT1701,SUP140,2025-08-25,393.23,1279464.25
PO09720,MAT0104,SUP026,2025-07-05,978.03,2444810.93
PO09721,MAT1976,SUP003,2026-08-22,678.83,2250314.66
PO09722,MAT0129,SUP349,2025-05-02,54.6,4130.49
PO09723,MAT1598,SUP277,2025-07-05,764.06,2309654.05
PO09724,MAT0543,SUP231,2026-04-15,189.39,545155.33
PO09725,MAT0793,SUP129,2025-11-09,231.48,718342.62
PO09726,MAT1238,SUP429,2025-06-27,66.56,168008.76
PO09727,MAT0316,SUP479,2026-06-06,800.45,737774.77
PO09728,MAT0361,SUP445,2026-08-05,570.24,2345990.17
PO09729,MAT0901,SUP087,2025-06-12,896.85,2435091.25
PO09730,MAT0001,SUP232,2026-01-07,624.25,1309913.72
PO09731,MAT0747,SUP329,2026-04-26,112.52,426411.42
PO09732,MAT1494,SUP342,2026-01-08,368.29,798533.74
PO09733,MAT0144,SUP349,2026-03-31,621.88,2718871.8
PO09734,MAT1248,SUP053,2025-06-10,770.54,1474775.03
PO09735,MAT0794,SUP474,2026-05-16,472.24,434763.03
PO09736,MAT1704,SUP015,2025-05-02,124.48,557248.41
PO09737,MAT1201,SUP018,2025-12-10,315.17,1000103.75
PO09738,MAT1387,SUP457,2025-04-09,835.2,1030302.72
PO09739,MAT0605,SUP282,2026-04-23,679.17,1730681.37
PO09740,MAT1602,SUP483,2025-07-30,629.1,1968133.06
PO09741,MAT0557,SUP028,2025-07-07,732.86,2833324.7
PO09742,MAT0312,SUP401,2026-02-28,14.56,35299.85
PO09743,MAT0128,SUP116,2026-08-24,429.77,133155.64
PO09744,MAT0923,SUP341,2025-12-15,412.24,1958506.89
PO09745,MAT0818,SUP165,2026-07-20,690.98,3105796.17
PO09746,MAT0871,SUP047,2026-07-18,425.9,1804542.56
PO09747,MAT1989,SUP175,2025-03-06,44.58,205652.44
PO09748,MAT1928,SUP365,2026-06-21,349.59,1600335.62
PO09749,MAT0867,SUP354,2026-05-01,208.46,90636.32
PO09750,MAT1908,SUP389,2025-12-22,505.94,587871.92
PO09751,MAT1838,SUP473,2026-05-06,863.37,517676.65
PO09752,MAT1983,SUP490,2025-10-28,830.98,1213056.29
PO09753,MAT0427,SUP024,2025-07-19,992.93,2469903.45
PO09754,MAT1055,SUP348,2026-02-25,281.07,96019.13
PO09755,MAT0402,SUP312,2026-05-24,60.55,236199.5
PO09756,MAT0974,SUP068,2026-01-27,208.76,698162.33
PO09757,MAT0589,SUP151,2026-05-17,401.66,1405946.56
PO09758,MAT0784,SUP406,2026-05-20,661.27,1264249.05
PO09759,MAT0205,SUP154,2025-12-26,598.58,2348947.64
PO09760,MAT0710,SUP201,2025-09-28,738.0,2592660.42
PO09761,MAT0954,SUP496,2026-06-15,450.01,114109.04
PO09762,MAT0545,SUP243,2026-02-01,391.16,361513.98
PO09763,MAT0542,SUP218,2025-09-23,821.07,1744371.43
PO09764,MAT0280,SUP140,2025-09-29,972.72,356180.88
PO09765,MAT1710,SUP326,2025-03-22,355.38,565146.6
PO09766,MAT0477,SUP348,2025-09-02,282.33,1240989.98
PO09767,MAT0326,SUP486,2026-03-30,908.05,1805593.86
PO09768,MAT0256,SUP082,2025-11-24,651.3,333485.14
PO09769,MAT0509,SUP268,2025-05-13,260.66,683664.26
PO09770,MAT1272,SUP273,2026-01-09,248.92,855214.44
PO09771,MAT0187,SUP194,2026-05-23,177.96,428212.69
PO09772,MAT1977,SUP191,2025-01-06,563.57,153037.43
PO09773,MAT0940,SUP424,2025-10-07,682.43,2734954.24
PO09774,MAT0076,SUP486,2026-06-21,615.03,1163310.79
PO09775,MAT0027,SUP091,2025-11-19,879.71,2064301.09
PO09776,MAT1943,SUP034,2025-09-22,339.44,974287.84
PO09777,MAT0509,SUP268,2025-01-28,244.65,641672.91
PO09778,MAT1994,SUP369,2025-12-24,286.86,1042503.74
PO09779,MAT1379,SUP097,2025-02-03,775.12,812744.32
PO09780,MAT0015,SUP387,2026-05-09,529.73,324936.38
PO09781,MAT0413,SUP313,2026-01-19,237.28,927019.74
PO09782,MAT0285,SUP214,2025-08-10,206.73,287919.07
PO09783,MAT0236,SUP351,2026-07-01,378.15,796901.97
PO09784,MAT0482,SUP201,2026-02-17,584.54,2608579.89
PO09785,MAT1005,SUP183,2025-07-11,724.4,662710.1
PO09786,MAT1859,SUP228,2025-05-04,255.2,493316.91
PO09787,MAT1777,SUP143,2026-01-24,309.91,1197482.94
PO09788,MAT0589,SUP151,2026-06-22,52.47,183662.84
PO09789,MAT0853,SUP465,2025-10-11,813.31,155171.41
PO09790,MAT1059,SUP238,2025-01-30,479.97,991152.45
PO09791,MAT0529,SUP265,2026-04-15,216.94,21288.32
PO09792,MAT0633,SUP405,2025-10-09,96.49,134395.13
PO09793,MAT1140,SUP012,2025-01-02,724.49,2852693.86
PO09794,MAT1667,SUP500,2026-01-31,226.24,456298.93
PO09795,MAT0673,SUP056,2025-09-21,840.05,4174200.05
PO09796,MAT1733,SUP095,2025-11-18,112.33,482560.69
PO09797,MAT0676,SUP242,2025-05-25,413.54,270459.3
PO09798,MAT0724,SUP032,2026-06-13,238.16,1074177.81
PO09799,MAT1673,SUP407,2026-06-30,457.44,1258261.91
PO09800,MAT1657,SUP376,2026-08-19,437.56,2057875.31
PO09801,MAT1765,SUP237,2025-07-26,891.94,3533670.05
PO09802,MAT1679,SUP456,2026-02-09,472.61,1342618.84
PO09803,MAT0891,SUP280,2026-03-14,273.81,1304778.58
PO09804,MAT0751,SUP313,2026-02-08,865.13,1477719.9
PO09805,MAT1106,SUP233,2025-02-08,255.16,639140.08
PO09806,MAT0412,SUP483,2025-05-20,904.39,509515.24
PO09807,MAT0654,SUP219,2025-07-21,824.01,3207261.16
PO09808,MAT0686,SUP427,2026-08-08,623.14,2875965.58
PO09809,MAT1999,SUP326,2025-09-28,120.34,291426.17
PO09810,MAT0393,SUP486,2025-05-31,784.73,1810246.55
PO09811,MAT1509,SUP034,2026-08-13,290.84,36989.03
PO09812,MAT0757,SUP067,2025-03-13,62.84,207318.59
PO09813,MAT0857,SUP028,2025-04-01,30.94,56860.29
PO09814,MAT0369,SUP138,2026-05-16,441.85,1144718.47
PO09815,MAT0437,SUP364,2026-05-10,806.15,2051063.26
PO09816,MAT0194,SUP051,2025-04-23,685.24,821678.14
PO09817,MAT1503,SUP100,2025-12-02,123.83,397708.53
PO09818,MAT0515,SUP315,2025-11-03,976.99,826191.59
PO09819,MAT0375,SUP134,2025-09-26,595.98,585478.83
PO09820,MAT1492,SUP465,2026-04-18,481.02,1159234.15
PO09821,MAT0796,SUP102,2026-04-26,210.16,249840.31
PO09822,MAT0388,SUP403,2025-07-21,995.89,687721.8
PO09823,MAT1112,SUP012,2025-01-23,432.85,1827605.24
PO09824,MAT0183,SUP147,2025-09-27,259.1,657069.83
PO09825,MAT1584,SUP466,2025-11-26,452.72,1713395.8
PO09826,MAT1620,SUP467,2026-01-16,276.9,878498.48
PO09827,MAT1630,SUP307,2026-04-30,532.82,2558223.34
PO09828,MAT1473,SUP500,2025-08-04,856.46,1407557.75
PO09829,MAT1176,SUP492,2025-01-24,946.38,2857442.99
PO09830,MAT1589,SUP128,2025-12-19,671.99,1017614.62
PO09831,MAT1517,SUP153,2025-07-07,415.8,1928995.99
PO09832,MAT1535,SUP076,2025-07-10,762.92,1108476.98
PO09833,MAT0534,SUP315,2025-01-30,728.94,2794034.31
PO09834,MAT1154,SUP128,2026-06-25,475.67,2142807.73
PO09835,MAT0678,SUP371,2026-03-20,758.66,3545036.1
PO09836,MAT1086,SUP451,2025-03-03,486.08,1967642.12
PO09837,MAT0947,SUP439,2026-07-09,683.4,2064148.19
PO09838,MAT0468,SUP022,2025-05-03,942.03,2717718.87
PO09839,MAT0064,SUP416,2025-07-06,246.76,89413.49
PO09840,MAT0084,SUP294,2026-02-13,923.22,2182178.19
PO09841,MAT0262,SUP397,2025-08-12,574.29,1852544.68
PO09842,MAT1813,SUP107,2025-05-11,195.73,246132.43
PO09843,MAT1641,SUP252,2026-04-18,261.02,802774.84
PO09844,MAT0213,SUP420,2026-06-18,965.74,3265398.72
PO09845,MAT0140,SUP299,2025-04-15,702.88,74934.04
PO09846,MAT1893,SUP420,2025-08-01,910.13,923463.4
PO09847,MAT0970,SUP442,2025-09-12,503.25,2021912.56
PO09848,MAT1452,SUP491,2026-05-28,451.44,588077.34
PO09849,MAT1948,SUP212,2025-12-09,917.5,3372867.62
PO09850,MAT1399,SUP093,2026-06-02,780.72,3584621.23
PO09851,MAT1163,SUP052,2025-01-12,494.39,744561.23
PO09852,MAT0387,SUP232,2025-03-09,760.91,826683.06
PO09853,MAT1064,SUP001,2026-02-19,846.57,3954209.95
PO09854,MAT0866,SUP353,2026-01-08,127.91,201045.1
PO09855,MAT0887,SUP322,2025-01-31,820.48,161741.22
PO09856,MAT1741,SUP256,2025-10-01,50.42,13564.49
PO09857,MAT0291,SUP001,2025-02-06,965.96,4107822.18
PO09858,MAT1075,SUP114,2026-06-25,212.94,810062.09
PO09859,MAT0513,SUP158,2026-07-05,683.92,1199978.68
PO09860,MAT1251,SUP124,2025-11-05,446.95,1103385.46
PO09861,MAT1701,SUP140,2025-10-03,517.17,1682731.54
PO09862,MAT1450,SUP306,2025-07-20,807.48,3301519.25
PO09863,MAT0144,SUP349,2025-08-22,261.76,1144419.96
PO09864,MAT0727,SUP244,2025-12-26,467.82,459268.25
PO09865,MAT0624,SUP037,2026-03-20,930.4,3623926.61
PO09866,MAT1229,SUP473,2025-12-03,663.33,2113409.18
PO09867,MAT0462,SUP231,2025-01-08,869.3,1906783.47
PO09868,MAT0751,SUP313,2025-09-26,623.99,1065831.08
PO09869,MAT0111,SUP458,2026-05-06,192.86,143086.69
PO09870,MAT1155,SUP358,2025-03-01,618.2,323250.6
PO09871,MAT0335,SUP305,2025-07-13,126.51,565685.67
PO09872,MAT0498,SUP497,2026-04-08,558.54,1790807.7
PO09873,MAT1248,SUP053,2026-06-03,252.41,483100.12
PO09874,MAT0382,SUP134,2026-02-04,805.55,1212795.8
PO09875,MAT0235,SUP488,2025-09-20,253.25,620161.13
PO09876,MAT1857,SUP104,2025-03-26,433.74,372270.37
PO09877,MAT1280,SUP377,2026-06-16,332.37,103593.08
PO09878,MAT0995,SUP306,2026-05-30,830.34,4147697.76
PO09879,MAT0116,SUP269,2025-09-25,993.91,3860644.61
PO09880,MAT1643,SUP337,2025-02-12,555.32,2440936.83
PO09881,MAT1005,SUP183,2026-08-10,901.99,825176.53
PO09882,MAT0564,SUP212,2025-08-09,33.72,27677.38
PO09883,MAT0186,SUP154,2025-07-10,972.0,3193982.28
PO09884,MAT1052,SUP442,2025-02-04,466.56,808445.84
PO09885,MAT1678,SUP152,2026-01-16,441.36,973472.44
PO09886,MAT0987,SUP336,2025-12-17,162.97,379363.2
PO09887,MAT1840,SUP046,2025-02-25,132.96,168044.16
PO09888,MAT1363,SUP236,2026-01-06,167.36,700317.92
PO09889,MAT1959,SUP016,2025-02-08,899.94,217722.48
PO09890,MAT1887,SUP226,2026-02-16,387.29,1447515.74
PO09891,MAT1608,SUP138,2025-08-13,31.12,130338.03
PO09892,MAT1262,SUP495,2025-06-19,911.15,819524.76
PO09893,MAT1585,SUP175,2026-01-02,851.19,1871494.43
PO09894,MAT0582,SUP167,2026-02-14,359.1,315444.21
PO09895,MAT0888,SUP498,2025-01-04,978.69,1902602.72
PO09896,MAT1905,SUP053,2025-01-31,445.77,1061819.68
PO09897,MAT0621,SUP244,2025-05-01,805.21,3010929.81
PO09898,MAT1395,SUP231,2025-10-09,807.04,3545463.92
PO09899,MAT1573,SUP337,2025-03-03,806.27,2660787.75
PO09900,MAT1131,SUP346,2026-04-20,216.4,278640.97
PO09901,MAT1772,SUP016,2025-06-17,35.5,111578.98
PO09902,MAT1914,SUP309,2025-05-30,867.72,2579037.38
PO09903,MAT1177,SUP326,2026-01-01,222.85,1090006.15
PO09904,MAT1557,SUP447,2026-07-26,976.63,4729008.49
PO09905,MAT1810,SUP291,2025-12-01,14.34,18318.78
PO09906,MAT0615,SUP423,2025-10-27,136.74,561536.48
PO09907,MAT1312,SUP219,2025-03-22,667.66,1039039.2
PO09908,MAT0871,SUP047,2026-06-29,148.63,629746.8
PO09909,MAT1882,SUP267,2025-02-09,760.48,2210700.15
PO09910,MAT0549,SUP011,2026-01-29,933.95,607188.91
PO09911,MAT0812,SUP361,2025-05-10,809.67,3488778.97
PO09912,MAT1256,SUP167,2025-02-26,307.95,1103431.04
PO09913,MAT0441,SUP430,2025-05-08,783.94,2719048.85
PO09914,MAT1005,SUP183,2025-02-03,570.95,522327.9
PO09915,MAT1636,SUP222,2025-02-27,910.45,4247449.55
PO09916,MAT0422,SUP255,2025-12-21,304.35,169851.65
PO09917,MAT1224,SUP100,2025-10-22,711.73,3100153.53
PO09918,MAT0475,SUP079,2025-08-11,916.07,2616268.44
PO09919,MAT1476,SUP344,2026-01-03,449.03,1063006.68
PO09920,MAT1977,SUP191,2026-05-13,604.0,164016.2
PO09921,MAT1060,SUP468,2025-07-29,591.04,817018.23
PO09922,MAT1103,SUP177,2026-06-23,941.76,4599301.56
PO09923,MAT1245,SUP068,2025-06-03,278.19,1049811.17
PO09924,MAT0325,SUP418,2025-12-04,641.7,1233989.1
PO09925,MAT0807,SUP202,2025-12-02,244.34,991556.15
PO09926,MAT0370,SUP308,2025-04-18,381.0,441068.46
PO09927,MAT0591,SUP272,2025-03-28,540.43,1229181.01
PO09928,MAT0086,SUP422,2026-05-13,153.89,63875.12
PO09929,MAT1886,SUP208,2025-07-12,767.04,3807479.17
PO09930,MAT1769,SUP108,2025-05-22,442.22,1549423.9
PO09931,MAT0622,SUP205,2025-10-09,853.43,1878169.0
PO09932,MAT0079,SUP397,2026-08-24,361.49,1277863.54
PO09933,MAT0236,SUP351,2025-04-11,509.4,1073494.28
PO09934,MAT0345,SUP117,2025-07-09,872.11,306869.35
PO09935,MAT1110,SUP500,2026-01-09,650.06,673241.14
PO09936,MAT1381,SUP048,2026-03-05,776.27,71393.55
PO09937,MAT0709,SUP351,2026-06-23,664.77,1581620.78
PO09938,MAT1222,SUP120,2025-03-23,343.18,840259.07
PO09939,MAT1835,SUP167,2025-12-13,595.83,2806597.63
PO09940,MAT1642,SUP315,2025-09-07,63.1,200252.9
PO09941,MAT0072,SUP180,2026-06-10,132.69,34454.29
PO09942,MAT0790,SUP186,2026-03-10,-60.0,1872166.41
PO09943,MAT1068,SUP259,2025-12-03,846.52,3746240.4
PO09944,MAT1721,SUP112,2025-09-26,744.32,998274.54
PO09945,MAT0401,SUP262,2026-04-10,393.8,249192.7
PO09946,MAT0411,SUP410,2025-12-13,24.74,80696.68
PO09947,MAT1021,SUP005,2025-10-29,517.37,2331284.74
PO09948,MAT0365,SUP204,2025-10-16,589.35,2016643.72
PO09949,MAT1816,SUP250,2025-04-28,885.93,2541006.71
PO09950,MAT1035,SUP300,2025-11-30,739.72,2367459.07
PO09951,MAT1859,SUP228,2026-06-07,576.39,1114196.45
PO09952,MAT1452,SUP491,2025-09-19,295.23,384587.26
PO09953,MAT0918,SUP249,2025-10-25,50.66,251116.55
PO09954,MAT1774,SUP193,2025-12-07,36.49,25612.33
PO09955,MAT1098,SUP065,2026-02-27,599.7,790776.41
PO09956,MAT1971,SUP379,2026-01-05,353.2,951785.7
PO09957,MAT1607,SUP409,2025-12-27,605.32,1849343.4
PO09958,MAT0554,SUP455,2025-08-04,374.58,1466787.86
PO09959,MAT1423,SUP101,2025-12-07,513.22,2440479.14
PO09960,MAT0177,SUP282,2025-03-21,860.21,1138720.19
PO09961,MAT0328,SUP170,2026-06-04,759.07,932198.69
PO09962,MAT0157,SUP415,2025-05-18,667.41,2064879.78
PO09963,MAT0121,SUP313,2026-04-03,444.25,445009.67
PO09964,MAT0107,SUP198,2025-12-04,307.02,699775.34
PO09965,MAT0945,SUP223,2026-04-08,631.31,2616729.45
PO09966,MAT1360,SUP275,2026-05-20,278.79,544727.78
PO09967,MAT0663,SUP362,2026-08-12,875.14,2790523.91
PO09968,MAT1854,SUP395,2026-01-14,291.03,1347617.33
PO09969,MAT0561,SUP479,2025-05-01,134.93,373121.93
PO09970,MAT1466,SUP481,2026-06-11,452.9,252980.88
PO09971,MAT1717,SUP358,2025-10-23,739.29,1005064.76
PO09972,MAT0598,SUP188,2025-09-12,487.7,1487226.52
PO09973,MAT1376,SUP412,2026-04-27,619.54,2014062.59
PO09974,MAT1335,SUP498,2025-01-18,498.53,1351051.2
PO09975,MAT1147,SUP168,2025-10-19,875.42,1738557.86
PO09976,MAT1580,SUP429,2026-01-08,603.85,838131.72
PO09977,MAT0090,SUP129,2025-10-19,551.94,1762636.95
PO09978,MAT1354,SUP320,2025-11-14,573.5,1017681.48
PO09979,MAT0955,SUP253,2026-03-03,467.23,2053751.52
PO09980,MAT1533,SUP246,2025-09-29,922.8,1368300.16
PO09981,MAT1911,SUP342,2025-04-19,442.01,2173044.92
PO09982,MAT0936,SUP391,2025-05-16,205.5,662696.4
PO09983,MAT1855,SUP106,2026-08-01,347.51,329734.86
PO09984,MAT0173,SUP134,2026-03-08,662.4,1714582.66
PO09985,MAT0055,SUP003,2026-05-16,126.24,18187.4
PO09986,MAT0443,SUP262,2025-12-04,370.37,1288898.71
PO09987,MAT1629,SUP342,2025-08-15,350.07,261841.86
PO09988,MAT1751,SUP025,2025-01-31,930.83,1344565.32
PO09989,MAT0058,SUP295,2026-04-07,436.62,1574796.65
PO09990,MAT1733,SUP095,2025-09-27,627.82,2697064.49
PO09991,MAT1576,SUP358,2025-01-22,381.85,970681.79
PO09992,MAT0947,SUP439,2025-05-07,784.42,2369270.01
PO09993,MAT0389,SUP495,2025-06-06,495.91,965745.05
PO09994,MAT1204,SUP466,2026-05-10,403.33,1769098.15
PO09995,MAT1335,SUP498,2025-07-22,807.22,2187622.71
PO09996,MAT0989,SUP070,2025-10-17,818.87,814341.65
PO09997,MAT0830,SUP234,2025-04-26,696.5,2167661.23
PO09998,MAT1878,SUP461,2025-07-26,283.54,194105.81
PO09999,MAT0916,SUP422,2026-05-24,907.34,2946958.66
PO10000,MAT0730,SUP441,2025-02-20,65.32,292191.38
